This file contains any messages produced by compilers while
running configure, to aid debugging if configure makes a mistake.

It was created by configure, which was
generated by GNU Autoconf 2.73.  Invocation command line was

  $ ./configure --with-gtkmac --disable-dependency-tracking --with-localedir=Contents/Resources/share/locale --with-themedir=Contents/Resources/share/icons

## --------- ##
## Platform. ##
## --------- ##

hostname = yukarichs-MacBook-Pro.local
uname -m = arm64
uname -r = 25.5.0
uname -s = Darwin
uname -v = Darwin Kernel Version 25.5.0: Mon Apr 27 20:38:56 PDT 2026; root:xnu-12377.121.6~2/RELEASE_ARM64_T6000

/usr/bin/uname -p = arm
/bin/uname -X     = unknown

/bin/arch              = unknown
/usr/bin/arch -k       = unknown
/usr/convex/getsysinfo = unknown
/usr/bin/hostinfo      = Mach kernel version:
	 Darwin Kernel Version 25.5.0: Mon Apr 27 20:38:56 PDT 2026; root:xnu-12377.121.6~2/RELEASE_ARM64_T6000
Kernel configured for up to 10 processors.
10 processors are physically available.
10 processors are logically available.
Processor type: arm64e (ARM64E)
Processors active: 0 1 2 3 4 5 6 7 8 9
Primary memory available: 32.00 gigabytes
Default processor set: 834 tasks, 4235 threads, 10 processors
Load average: 2.17, Mach factor: 7.81
/bin/machine           = unknown
/usr/bin/oslevel       = unknown
/bin/universe          = unknown

PATH: /opt/homebrew/opt/jpeg/bin/
PATH: /usr/local/bin/
PATH: /System/Cryptexes/App/usr/bin/
PATH: /usr/bin/
PATH: /bin/
PATH: /usr/sbin/
PATH: /sbin/
PATH: /var/run/com.apple.security.cryptexd/codex.system/bootstrap/usr/local/bin/
PATH: /var/run/com.apple.security.cryptexd/codex.system/bootstrap/usr/bin/
PATH: /var/run/com.apple.security.cryptexd/codex.system/bootstrap/usr/appleinternal/bin/
PATH: /pkg/env/global/bin/
PATH: /Applications/VMware Fusion.app/Contents/Public/
PATH: /opt/homebrew/bin/


## ----------- ##
## Core tests. ##
## ----------- ##

configure:3068: looking for aux files: config.rpath ltmain.sh compile missing install-sh config.guess config.sub
configure:3081:  trying ./
configure:3110:   ./config.rpath found
configure:3110:   ./ltmain.sh found
configure:3110:   ./compile found
configure:3110:   ./missing found
configure:3092:   ./install-sh found
configure:3110:   ./config.guess found
configure:3110:   ./config.sub found
configure:3264: checking build system type
configure:3280: result: arm-apple-darwin25.5.0
configure:3300: checking host system type
configure:3315: result: arm-apple-darwin25.5.0
configure:3335: checking target system type
configure:3350: result: arm-apple-darwin25.5.0
configure:3395: checking for a BSD-compatible install
configure:3469: result: /usr/bin/install -c
configure:3480: checking whether build environment is sane
configure:3535: result: yes
configure:3701: checking for a race-free mkdir -p
configure:3744: result: mkdir -p
configure:3751: checking for gawk
configure:3787: result: no
configure:3751: checking for mawk
configure:3787: result: no
configure:3751: checking for nawk
configure:3787: result: no
configure:3751: checking for awk
configure:3772: found /usr/bin/awk
configure:3784: result: awk
configure:3795: checking whether make sets $(MAKE)
configure:3819: result: yes
configure:3849: checking whether make supports nested variables
configure:3868: result: yes
configure:4007: checking whether to enable maintainer-specific portions of Makefiles
configure:4018: result: no
configure:4098: checking for gcc
configure:4119: found /usr/bin/gcc
configure:4131: result: gcc
configure:4490: checking for C compiler version
configure:4499: gcc --version >&5
Apple clang version 17.0.0 (clang-1700.6.4.2)
Target: arm64-apple-darwin25.5.0
Thread model: posix
InstalledDir: /Library/Developer/CommandLineTools/usr/bin
configure:4510: $? = 0
configure:4499: gcc -v >&5
Apple clang version 17.0.0 (clang-1700.6.4.2)
Target: arm64-apple-darwin25.5.0
Thread model: posix
InstalledDir: /Library/Developer/CommandLineTools/usr/bin
configure:4510: $? = 0
configure:4499: gcc -V >&5
clang: error: argument to '-V' is missing (expected 1 value)
clang: error: no input files
configure:4510: $? = 1
configure:4499: gcc -qversion >&5
clang: error: unknown argument '-qversion'; did you mean '--version'?
clang: error: no input files
configure:4510: $? = 1
configure:4499: gcc -version >&5
clang: error: unknown argument '-version'; did you mean '--version'?
clang: error: no input files
configure:4510: $? = 1
configure:4530: checking whether the C compiler works
configure:4552: gcc -I/opt/homebrew/include -I/opt/homebrew/Cellar/gtk-mac-integration/3.0.2/include/gtkmacintegration -DMAC_INTEGRATION -I/opt/homebrew/Cellar/gtk+3/3.24.52/include/gtk-3.0 -I/opt/homebrew/Cellar/pango/1.57.1/include/pango-1.0 -I/opt/homebrew/Cellar/libthai/0.1.30/include -I/opt/homebrew/Cellar/libdatrie/0.2.14/include -I/opt/homebrew/Cellar/harfbuzz/14.2.0/include/harfbuzz -I/opt/homebrew/opt/graphite2/include -I/opt/homebrew/Cellar/cairo/1.18.4/include -I/opt/homebrew/Cellar/cairo/1.18.4/include/cairo -I/opt/homebrew/Cellar/fontconfig/2.17.1/include -I/opt/homebrew/opt/freetype/include/freetype2 -I/opt/homebrew/Cellar/libxext/1.3.7/include -I/opt/homebrew/Cellar/xorgproto/2025.1/include -I/opt/homebrew/Cellar/libxrender/0.9.12/include -I/opt/homebrew/Cellar/libx11/1.8.13/include -I/opt/homebrew/Cellar/libxcb/1.17.0/include -I/opt/homebrew/Cellar/libxau/1.0.12/include -I/opt/homebrew/Cellar/libxdmcp/1.1.5/include -I/opt/homebrew/Cellar/pixman/0.46.4/include/pixman-1 -I/opt/homebrew/include/gdk-pixbuf-2.0 -I/opt/homebrew/opt/libpng/include/libpng16 -I/opt/homebrew/opt/libtiff/include -I/opt/homebrew/opt/zstd/include -I/opt/homebrew/Cellar/xz/5.8.3/include -I/opt/homebrew/opt/jpeg-turbo/include -I/opt/homebrew/Cellar/at-spi2-core/2.60.4/include/atk-1.0 -I/opt/homebrew/Cellar/libepoxy/1.5.10/include -I/opt/homebrew/Cellar/fribidi/1.0.16/include/fribidi -I/opt/homebrew/Cellar/glib/2.88.1/include/gio-unix-2.0 -I/opt/homebrew/Cellar/glib/2.88.1/include -I/Library/Developer/CommandLineTools/SDKs/MacOSX26.sdk/usr/include/ffi -I/opt/homebrew/Cellar/glib/2.88.1/include/glib-2.0 -I/opt/homebrew/Cellar/glib/2.88.1/lib/glib-2.0/include -I/opt/homebrew/opt/gettext/include -I/opt/homebrew/Cellar/pcre2/10.47_1/include -L/opt/homebrew/Cellar/gtk-mac-integration/3.0.2/lib -lgtkmacintegration-gtk3 -L/opt/homebrew/Cellar/gtk+3/3.24.52/lib -lgtk-3 -lgdk-3 -Wl,-framework,Cocoa -Wl,-framework,Carbon -Wl,-framework,CoreGraphics -L/opt/homebrew/Cellar/pango/1.57.1/lib -lpangocairo-1.0 -lpango-1.0 -L/opt/homebrew/Cellar/harfbuzz/14.2.0/lib -lharfbuzz -L/opt/homebrew/Cellar/cairo/1.18.4/lib -lcairo-gobject -lcairo -L/opt/homebrew/lib -lgdk_pixbuf-2.0 -L/opt/homebrew/Cellar/at-spi2-core/2.60.4/lib -latk-1.0 -L/opt/homebrew/Cellar/glib/2.88.1/lib -lgio-2.0 -lgobject-2.0 -lglib-2.0 -L/opt/homebrew/opt/gettext/lib -lintl conftest.c  >&5
configure:4556: $? = 0
configure:4607: result: yes
configure:4611: checking for C compiler default output file name
configure:4613: result: a.out
configure:4619: checking for suffix of executables
configure:4626: gcc -o conftest -I/opt/homebrew/include -I/opt/homebrew/Cellar/gtk-mac-integration/3.0.2/include/gtkmacintegration -DMAC_INTEGRATION -I/opt/homebrew/Cellar/gtk+3/3.24.52/include/gtk-3.0 -I/opt/homebrew/Cellar/pango/1.57.1/include/pango-1.0 -I/opt/homebrew/Cellar/libthai/0.1.30/include -I/opt/homebrew/Cellar/libdatrie/0.2.14/include -I/opt/homebrew/Cellar/harfbuzz/14.2.0/include/harfbuzz -I/opt/homebrew/opt/graphite2/include -I/opt/homebrew/Cellar/cairo/1.18.4/include -I/opt/homebrew/Cellar/cairo/1.18.4/include/cairo -I/opt/homebrew/Cellar/fontconfig/2.17.1/include -I/opt/homebrew/opt/freetype/include/freetype2 -I/opt/homebrew/Cellar/libxext/1.3.7/include -I/opt/homebrew/Cellar/xorgproto/2025.1/include -I/opt/homebrew/Cellar/libxrender/0.9.12/include -I/opt/homebrew/Cellar/libx11/1.8.13/include -I/opt/homebrew/Cellar/libxcb/1.17.0/include -I/opt/homebrew/Cellar/libxau/1.0.12/include -I/opt/homebrew/Cellar/libxdmcp/1.1.5/include -I/opt/homebrew/Cellar/pixman/0.46.4/include/pixman-1 -I/opt/homebrew/include/gdk-pixbuf-2.0 -I/opt/homebrew/opt/libpng/include/libpng16 -I/opt/homebrew/opt/libtiff/include -I/opt/homebrew/opt/zstd/include -I/opt/homebrew/Cellar/xz/5.8.3/include -I/opt/homebrew/opt/jpeg-turbo/include -I/opt/homebrew/Cellar/at-spi2-core/2.60.4/include/atk-1.0 -I/opt/homebrew/Cellar/libepoxy/1.5.10/include -I/opt/homebrew/Cellar/fribidi/1.0.16/include/fribidi -I/opt/homebrew/Cellar/glib/2.88.1/include/gio-unix-2.0 -I/opt/homebrew/Cellar/glib/2.88.1/include -I/Library/Developer/CommandLineTools/SDKs/MacOSX26.sdk/usr/include/ffi -I/opt/homebrew/Cellar/glib/2.88.1/include/glib-2.0 -I/opt/homebrew/Cellar/glib/2.88.1/lib/glib-2.0/include -I/opt/homebrew/opt/gettext/include -I/opt/homebrew/Cellar/pcre2/10.47_1/include -L/opt/homebrew/Cellar/gtk-mac-integration/3.0.2/lib -lgtkmacintegration-gtk3 -L/opt/homebrew/Cellar/gtk+3/3.24.52/lib -lgtk-3 -lgdk-3 -Wl,-framework,Cocoa -Wl,-framework,Carbon -Wl,-framework,CoreGraphics -L/opt/homebrew/Cellar/pango/1.57.1/lib -lpangocairo-1.0 -lpango-1.0 -L/opt/homebrew/Cellar/harfbuzz/14.2.0/lib -lharfbuzz -L/opt/homebrew/Cellar/cairo/1.18.4/lib -lcairo-gobject -lcairo -L/opt/homebrew/lib -lgdk_pixbuf-2.0 -L/opt/homebrew/Cellar/at-spi2-core/2.60.4/lib -latk-1.0 -L/opt/homebrew/Cellar/glib/2.88.1/lib -lgio-2.0 -lgobject-2.0 -lglib-2.0 -L/opt/homebrew/opt/gettext/lib -lintl conftest.c  >&5
configure:4630: $? = 0
configure:4654: result: 
configure:4678: checking whether we are cross compiling
configure:4686: gcc -o conftest -I/opt/homebrew/include -I/opt/homebrew/Cellar/gtk-mac-integration/3.0.2/include/gtkmacintegration -DMAC_INTEGRATION -I/opt/homebrew/Cellar/gtk+3/3.24.52/include/gtk-3.0 -I/opt/homebrew/Cellar/pango/1.57.1/include/pango-1.0 -I/opt/homebrew/Cellar/libthai/0.1.30/include -I/opt/homebrew/Cellar/libdatrie/0.2.14/include -I/opt/homebrew/Cellar/harfbuzz/14.2.0/include/harfbuzz -I/opt/homebrew/opt/graphite2/include -I/opt/homebrew/Cellar/cairo/1.18.4/include -I/opt/homebrew/Cellar/cairo/1.18.4/include/cairo -I/opt/homebrew/Cellar/fontconfig/2.17.1/include -I/opt/homebrew/opt/freetype/include/freetype2 -I/opt/homebrew/Cellar/libxext/1.3.7/include -I/opt/homebrew/Cellar/xorgproto/2025.1/include -I/opt/homebrew/Cellar/libxrender/0.9.12/include -I/opt/homebrew/Cellar/libx11/1.8.13/include -I/opt/homebrew/Cellar/libxcb/1.17.0/include -I/opt/homebrew/Cellar/libxau/1.0.12/include -I/opt/homebrew/Cellar/libxdmcp/1.1.5/include -I/opt/homebrew/Cellar/pixman/0.46.4/include/pixman-1 -I/opt/homebrew/include/gdk-pixbuf-2.0 -I/opt/homebrew/opt/libpng/include/libpng16 -I/opt/homebrew/opt/libtiff/include -I/opt/homebrew/opt/zstd/include -I/opt/homebrew/Cellar/xz/5.8.3/include -I/opt/homebrew/opt/jpeg-turbo/include -I/opt/homebrew/Cellar/at-spi2-core/2.60.4/include/atk-1.0 -I/opt/homebrew/Cellar/libepoxy/1.5.10/include -I/opt/homebrew/Cellar/fribidi/1.0.16/include/fribidi -I/opt/homebrew/Cellar/glib/2.88.1/include/gio-unix-2.0 -I/opt/homebrew/Cellar/glib/2.88.1/include -I/Library/Developer/CommandLineTools/SDKs/MacOSX26.sdk/usr/include/ffi -I/opt/homebrew/Cellar/glib/2.88.1/include/glib-2.0 -I/opt/homebrew/Cellar/glib/2.88.1/lib/glib-2.0/include -I/opt/homebrew/opt/gettext/include -I/opt/homebrew/Cellar/pcre2/10.47_1/include -L/opt/homebrew/Cellar/gtk-mac-integration/3.0.2/lib -lgtkmacintegration-gtk3 -L/opt/homebrew/Cellar/gtk+3/3.24.52/lib -lgtk-3 -lgdk-3 -Wl,-framework,Cocoa -Wl,-framework,Carbon -Wl,-framework,CoreGraphics -L/opt/homebrew/Cellar/pango/1.57.1/lib -lpangocairo-1.0 -lpango-1.0 -L/opt/homebrew/Cellar/harfbuzz/14.2.0/lib -lharfbuzz -L/opt/homebrew/Cellar/cairo/1.18.4/lib -lcairo-gobject -lcairo -L/opt/homebrew/lib -lgdk_pixbuf-2.0 -L/opt/homebrew/Cellar/at-spi2-core/2.60.4/lib -latk-1.0 -L/opt/homebrew/Cellar/glib/2.88.1/lib -lgio-2.0 -lgobject-2.0 -lglib-2.0 -L/opt/homebrew/opt/gettext/lib -lintl conftest.c  >&5
configure:4690: $? = 0
configure:4697: ./conftest
configure:4701: $? = 0
configure:4716: result: no
configure:4722: checking for suffix of object files
configure:4745: gcc -c -I/opt/homebrew/include -I/opt/homebrew/Cellar/gtk-mac-integration/3.0.2/include/gtkmacintegration -DMAC_INTEGRATION -I/opt/homebrew/Cellar/gtk+3/3.24.52/include/gtk-3.0 -I/opt/homebrew/Cellar/pango/1.57.1/include/pango-1.0 -I/opt/homebrew/Cellar/libthai/0.1.30/include -I/opt/homebrew/Cellar/libdatrie/0.2.14/include -I/opt/homebrew/Cellar/harfbuzz/14.2.0/include/harfbuzz -I/opt/homebrew/opt/graphite2/include -I/opt/homebrew/Cellar/cairo/1.18.4/include -I/opt/homebrew/Cellar/cairo/1.18.4/include/cairo -I/opt/homebrew/Cellar/fontconfig/2.17.1/include -I/opt/homebrew/opt/freetype/include/freetype2 -I/opt/homebrew/Cellar/libxext/1.3.7/include -I/opt/homebrew/Cellar/xorgproto/2025.1/include -I/opt/homebrew/Cellar/libxrender/0.9.12/include -I/opt/homebrew/Cellar/libx11/1.8.13/include -I/opt/homebrew/Cellar/libxcb/1.17.0/include -I/opt/homebrew/Cellar/libxau/1.0.12/include -I/opt/homebrew/Cellar/libxdmcp/1.1.5/include -I/opt/homebrew/Cellar/pixman/0.46.4/include/pixman-1 -I/opt/homebrew/include/gdk-pixbuf-2.0 -I/opt/homebrew/opt/libpng/include/libpng16 -I/opt/homebrew/opt/libtiff/include -I/opt/homebrew/opt/zstd/include -I/opt/homebrew/Cellar/xz/5.8.3/include -I/opt/homebrew/opt/jpeg-turbo/include -I/opt/homebrew/Cellar/at-spi2-core/2.60.4/include/atk-1.0 -I/opt/homebrew/Cellar/libepoxy/1.5.10/include -I/opt/homebrew/Cellar/fribidi/1.0.16/include/fribidi -I/opt/homebrew/Cellar/glib/2.88.1/include/gio-unix-2.0 -I/opt/homebrew/Cellar/glib/2.88.1/include -I/Library/Developer/CommandLineTools/SDKs/MacOSX26.sdk/usr/include/ffi -I/opt/homebrew/Cellar/glib/2.88.1/include/glib-2.0 -I/opt/homebrew/Cellar/glib/2.88.1/lib/glib-2.0/include -I/opt/homebrew/opt/gettext/include -I/opt/homebrew/Cellar/pcre2/10.47_1/include conftest.c >&5
configure:4749: $? = 0
configure:4773: result: o
configure:4777: checking whether the compiler supports GNU C
configure:4797: gcc -c -I/opt/homebrew/include -I/opt/homebrew/Cellar/gtk-mac-integration/3.0.2/include/gtkmacintegration -DMAC_INTEGRATION -I/opt/homebrew/Cellar/gtk+3/3.24.52/include/gtk-3.0 -I/opt/homebrew/Cellar/pango/1.57.1/include/pango-1.0 -I/opt/homebrew/Cellar/libthai/0.1.30/include -I/opt/homebrew/Cellar/libdatrie/0.2.14/include -I/opt/homebrew/Cellar/harfbuzz/14.2.0/include/harfbuzz -I/opt/homebrew/opt/graphite2/include -I/opt/homebrew/Cellar/cairo/1.18.4/include -I/opt/homebrew/Cellar/cairo/1.18.4/include/cairo -I/opt/homebrew/Cellar/fontconfig/2.17.1/include -I/opt/homebrew/opt/freetype/include/freetype2 -I/opt/homebrew/Cellar/libxext/1.3.7/include -I/opt/homebrew/Cellar/xorgproto/2025.1/include -I/opt/homebrew/Cellar/libxrender/0.9.12/include -I/opt/homebrew/Cellar/libx11/1.8.13/include -I/opt/homebrew/Cellar/libxcb/1.17.0/include -I/opt/homebrew/Cellar/libxau/1.0.12/include -I/opt/homebrew/Cellar/libxdmcp/1.1.5/include -I/opt/homebrew/Cellar/pixman/0.46.4/include/pixman-1 -I/opt/homebrew/include/gdk-pixbuf-2.0 -I/opt/homebrew/opt/libpng/include/libpng16 -I/opt/homebrew/opt/libtiff/include -I/opt/homebrew/opt/zstd/include -I/opt/homebrew/Cellar/xz/5.8.3/include -I/opt/homebrew/opt/jpeg-turbo/include -I/opt/homebrew/Cellar/at-spi2-core/2.60.4/include/atk-1.0 -I/opt/homebrew/Cellar/libepoxy/1.5.10/include -I/opt/homebrew/Cellar/fribidi/1.0.16/include/fribidi -I/opt/homebrew/Cellar/glib/2.88.1/include/gio-unix-2.0 -I/opt/homebrew/Cellar/glib/2.88.1/include -I/Library/Developer/CommandLineTools/SDKs/MacOSX26.sdk/usr/include/ffi -I/opt/homebrew/Cellar/glib/2.88.1/include/glib-2.0 -I/opt/homebrew/Cellar/glib/2.88.1/lib/glib-2.0/include -I/opt/homebrew/opt/gettext/include -I/opt/homebrew/Cellar/pcre2/10.47_1/include conftest.c >&5
configure:4797: $? = 0
configure:4809: result: yes
configure:4820: checking whether gcc accepts -g
configure:4841: gcc -c -g -I/opt/homebrew/Cellar/gtk-mac-integration/3.0.2/include/gtkmacintegration -DMAC_INTEGRATION -I/opt/homebrew/Cellar/gtk+3/3.24.52/include/gtk-3.0 -I/opt/homebrew/Cellar/pango/1.57.1/include/pango-1.0 -I/opt/homebrew/Cellar/libthai/0.1.30/include -I/opt/homebrew/Cellar/libdatrie/0.2.14/include -I/opt/homebrew/Cellar/harfbuzz/14.2.0/include/harfbuzz -I/opt/homebrew/opt/graphite2/include -I/opt/homebrew/Cellar/cairo/1.18.4/include -I/opt/homebrew/Cellar/cairo/1.18.4/include/cairo -I/opt/homebrew/Cellar/fontconfig/2.17.1/include -I/opt/homebrew/opt/freetype/include/freetype2 -I/opt/homebrew/Cellar/libxext/1.3.7/include -I/opt/homebrew/Cellar/xorgproto/2025.1/include -I/opt/homebrew/Cellar/libxrender/0.9.12/include -I/opt/homebrew/Cellar/libx11/1.8.13/include -I/opt/homebrew/Cellar/libxcb/1.17.0/include -I/opt/homebrew/Cellar/libxau/1.0.12/include -I/opt/homebrew/Cellar/libxdmcp/1.1.5/include -I/opt/homebrew/Cellar/pixman/0.46.4/include/pixman-1 -I/opt/homebrew/include/gdk-pixbuf-2.0 -I/opt/homebrew/opt/libpng/include/libpng16 -I/opt/homebrew/opt/libtiff/include -I/opt/homebrew/opt/zstd/include -I/opt/homebrew/Cellar/xz/5.8.3/include -I/opt/homebrew/opt/jpeg-turbo/include -I/opt/homebrew/Cellar/at-spi2-core/2.60.4/include/atk-1.0 -I/opt/homebrew/Cellar/libepoxy/1.5.10/include -I/opt/homebrew/Cellar/fribidi/1.0.16/include/fribidi -I/opt/homebrew/Cellar/glib/2.88.1/include/gio-unix-2.0 -I/opt/homebrew/Cellar/glib/2.88.1/include -I/Library/Developer/CommandLineTools/SDKs/MacOSX26.sdk/usr/include/ffi -I/opt/homebrew/Cellar/glib/2.88.1/include/glib-2.0 -I/opt/homebrew/Cellar/glib/2.88.1/lib/glib-2.0/include -I/opt/homebrew/opt/gettext/include -I/opt/homebrew/Cellar/pcre2/10.47_1/include conftest.c >&5
configure:4841: $? = 0
configure:4888: result: yes
configure:4908: checking for gcc option to enable C23 features
configure:4923: gcc  -c -I/opt/homebrew/include -I/opt/homebrew/Cellar/gtk-mac-integration/3.0.2/include/gtkmacintegration -DMAC_INTEGRATION -I/opt/homebrew/Cellar/gtk+3/3.24.52/include/gtk-3.0 -I/opt/homebrew/Cellar/pango/1.57.1/include/pango-1.0 -I/opt/homebrew/Cellar/libthai/0.1.30/include -I/opt/homebrew/Cellar/libdatrie/0.2.14/include -I/opt/homebrew/Cellar/harfbuzz/14.2.0/include/harfbuzz -I/opt/homebrew/opt/graphite2/include -I/opt/homebrew/Cellar/cairo/1.18.4/include -I/opt/homebrew/Cellar/cairo/1.18.4/include/cairo -I/opt/homebrew/Cellar/fontconfig/2.17.1/include -I/opt/homebrew/opt/freetype/include/freetype2 -I/opt/homebrew/Cellar/libxext/1.3.7/include -I/opt/homebrew/Cellar/xorgproto/2025.1/include -I/opt/homebrew/Cellar/libxrender/0.9.12/include -I/opt/homebrew/Cellar/libx11/1.8.13/include -I/opt/homebrew/Cellar/libxcb/1.17.0/include -I/opt/homebrew/Cellar/libxau/1.0.12/include -I/opt/homebrew/Cellar/libxdmcp/1.1.5/include -I/opt/homebrew/Cellar/pixman/0.46.4/include/pixman-1 -I/opt/homebrew/include/gdk-pixbuf-2.0 -I/opt/homebrew/opt/libpng/include/libpng16 -I/opt/homebrew/opt/libtiff/include -I/opt/homebrew/opt/zstd/include -I/opt/homebrew/Cellar/xz/5.8.3/include -I/opt/homebrew/opt/jpeg-turbo/include -I/opt/homebrew/Cellar/at-spi2-core/2.60.4/include/atk-1.0 -I/opt/homebrew/Cellar/libepoxy/1.5.10/include -I/opt/homebrew/Cellar/fribidi/1.0.16/include/fribidi -I/opt/homebrew/Cellar/glib/2.88.1/include/gio-unix-2.0 -I/opt/homebrew/Cellar/glib/2.88.1/include -I/Library/Developer/CommandLineTools/SDKs/MacOSX26.sdk/usr/include/ffi -I/opt/homebrew/Cellar/glib/2.88.1/include/glib-2.0 -I/opt/homebrew/Cellar/glib/2.88.1/lib/glib-2.0/include -I/opt/homebrew/opt/gettext/include -I/opt/homebrew/Cellar/pcre2/10.47_1/include conftest.c >&5
conftest.c:14:3: error: "Compiler advertises conformance to C17 or earlier"
   14 | # error "Compiler advertises conformance to C17 or earlier"
      |   ^
conftest.c:18:23: error: expected function body after function declarator
   18 | char alignas (double) c23_aligned_as_double;
      |                       ^
conftest.c:19:15: error: expected parameter declarator
   19 | char alignas (0) c23_no_special_alignment;
      |               ^
conftest.c:19:15: error: expected ')'
conftest.c:19:14: note: to match this '('
   19 | char alignas (0) c23_no_special_alignment;
      |              ^
conftest.c:19:18: error: expected function body after function declarator
   19 | char alignas (0) c23_no_special_alignment;
      |                  ^
conftest.c:21:15: error: expected parameter declarator
   21 | char alignas (0) alignas (int) c23_aligned_as_int;
      |               ^
conftest.c:21:15: error: expected ')'
conftest.c:21:14: note: to match this '('
   21 | char alignas (0) alignas (int) c23_aligned_as_int;
      |              ^
conftest.c:21:18: error: expected function body after function declarator
   21 | char alignas (0) alignas (int) c23_aligned_as_int;
      |                  ^
conftest.c:26:23: error: call to undeclared function 'alignof'; ISO C99 and later do not support implicit function declarations [-Wimplicit-function-declaration]
   26 |   c23_int_alignment = alignof (int),
      |                       ^
conftest.c:26:32: error: expected expression
   26 |   c23_int_alignment = alignof (int),
      |                                ^
conftest.c:27:38: error: expected expression
   27 |   c23_int_array_alignment = alignof (int[100]),
      |                                      ^
conftest.c:28:33: error: expected expression
   28 |   c23_char_alignment = alignof (char)
      |                                 ^
conftest.c:30:16: error: expected parameter declarator
   30 | static_assert (0 < -alignof (int), "alignof is signed");
      |                ^
conftest.c:30:16: error: expected ')'
conftest.c:30:15: note: to match this '('
   30 | static_assert (0 < -alignof (int), "alignof is signed");
      |               ^
conftest.c:30:1: error: type specifier missing, defaults to 'int'; ISO C99 and later do not support implicit int [-Wimplicit-int]
   30 | static_assert (0 < -alignof (int), "alignof is signed");
      | ^
      | int
conftest.c:32:41: warning: omitting the parameter name in a function definition is a C23 extension [-Wc23-extensions]
   32 | int function_with_unnamed_parameter (int) { return 0; }
      |                                         ^
conftest.c:38:1: error: unknown type name 'bool'
   38 | bool use_u8 = (!sizeof u8"\xFF") == (!u8'x');
      | ^
conftest.c:38:39: error: use of undeclared identifier 'u8'
   38 | bool use_u8 = (!sizeof u8"\xFF") == (!u8'x');
      |                                       ^
conftest.c:40:1: error: unknown type name 'bool'
   40 | bool check_that_bool_works = true | false | !nullptr;
      | ^
conftest.c:40:30: error: use of undeclared identifier 'true'
   40 | bool check_that_bool_works = true | false | !nullptr;
      |                              ^
fatal error: too many errors emitted, stopping now [-ferror-limit=]
1 warning and 20 errors generated.
configure:4923: $? = 1
configure: failed program was:
| /* confdefs.h */
| #define PACKAGE_NAME ""
| #define PACKAGE_TARNAME ""
| #define PACKAGE_VERSION ""
| #define PACKAGE_STRING ""
| #define PACKAGE_BUGREPORT ""
| #define PACKAGE_URL ""
| /* end confdefs.h.  */
| 
| /* Does the compiler advertise conformance to C17 or earlier?
|    Although GCC 14 does not do that, even with -std=gnu23,
|    it is close enough, and defines __STDC_VERSION == 202000L.  */
| #if !defined __STDC_VERSION__ || __STDC_VERSION__ <= 201710L
| # error "Compiler advertises conformance to C17 or earlier"
| #endif
| 
| // Check alignas.
| char alignas (double) c23_aligned_as_double;
| char alignas (0) c23_no_special_alignment;
| extern char c23_aligned_as_int;
| char alignas (0) alignas (int) c23_aligned_as_int;
| 
| // Check alignof.
| enum
| {
|   c23_int_alignment = alignof (int),
|   c23_int_array_alignment = alignof (int[100]),
|   c23_char_alignment = alignof (char)
| };
| static_assert (0 < -alignof (int), "alignof is signed");
| 
| int function_with_unnamed_parameter (int) { return 0; }
| 
| void c23_noreturn ();
| 
| /* Test parsing of string and char UTF-8 literals (including hex escapes).
|    The parens pacify GCC 15.  */
| bool use_u8 = (!sizeof u8"\xFF") == (!u8'x');
| 
| bool check_that_bool_works = true | false | !nullptr;
| #if !true
| # error "true does not work in #if"
| #endif
| #if false
| #elifdef __STDC_VERSION__
| #else
| # error "#elifdef does not work"
| #endif
| 
| #ifndef __has_c_attribute
| # error "__has_c_attribute not defined"
| #endif
| 
| #ifndef __has_include
| # error "__has_include not defined"
| #endif
| 
| #define LPAREN() (
| #define FORTY_TWO(x) 42
| #define VA_OPT_TEST(r, x, ...) __VA_OPT__ (FORTY_TWO r x))
| static_assert (VA_OPT_TEST (LPAREN (), 0, <:-) == 42);
| 
| static_assert (0b101010 == 42);
| static_assert (0B101010 == 42);
| static_assert (0xDEAD'BEEF == 3'735'928'559);
| static_assert (0.500'000'000 == 0.5);
| 
| enum unsignedish : unsigned int { uione = 1 };
| static_assert (0 < -uione);
| 
| #include <stddef.h>
| constexpr nullptr_t null_pointer = nullptr;
| 
| static typeof (1 + 1L) two () { return 2; }
| static long int three () { return 3; }
| 
| 
| int
| main (int, char **)
| {
|   int ok = 0;
|   
|   {
|     label_before_declaration:
|       int arr[10] = {};
|       if (arr[0])
|         goto label_before_declaration;
|       if (!arr[0])
|         goto label_at_end_of_block;
|     label_at_end_of_block:
|   }
|   ok |= !null_pointer;
|   ok |= two != three;
| 
|   return ok;
| }
| 
configure:4923: gcc -std=gnu23 -c -I/opt/homebrew/include -I/opt/homebrew/Cellar/gtk-mac-integration/3.0.2/include/gtkmacintegration -DMAC_INTEGRATION -I/opt/homebrew/Cellar/gtk+3/3.24.52/include/gtk-3.0 -I/opt/homebrew/Cellar/pango/1.57.1/include/pango-1.0 -I/opt/homebrew/Cellar/libthai/0.1.30/include -I/opt/homebrew/Cellar/libdatrie/0.2.14/include -I/opt/homebrew/Cellar/harfbuzz/14.2.0/include/harfbuzz -I/opt/homebrew/opt/graphite2/include -I/opt/homebrew/Cellar/cairo/1.18.4/include -I/opt/homebrew/Cellar/cairo/1.18.4/include/cairo -I/opt/homebrew/Cellar/fontconfig/2.17.1/include -I/opt/homebrew/opt/freetype/include/freetype2 -I/opt/homebrew/Cellar/libxext/1.3.7/include -I/opt/homebrew/Cellar/xorgproto/2025.1/include -I/opt/homebrew/Cellar/libxrender/0.9.12/include -I/opt/homebrew/Cellar/libx11/1.8.13/include -I/opt/homebrew/Cellar/libxcb/1.17.0/include -I/opt/homebrew/Cellar/libxau/1.0.12/include -I/opt/homebrew/Cellar/libxdmcp/1.1.5/include -I/opt/homebrew/Cellar/pixman/0.46.4/include/pixman-1 -I/opt/homebrew/include/gdk-pixbuf-2.0 -I/opt/homebrew/opt/libpng/include/libpng16 -I/opt/homebrew/opt/libtiff/include -I/opt/homebrew/opt/zstd/include -I/opt/homebrew/Cellar/xz/5.8.3/include -I/opt/homebrew/opt/jpeg-turbo/include -I/opt/homebrew/Cellar/at-spi2-core/2.60.4/include/atk-1.0 -I/opt/homebrew/Cellar/libepoxy/1.5.10/include -I/opt/homebrew/Cellar/fribidi/1.0.16/include/fribidi -I/opt/homebrew/Cellar/glib/2.88.1/include/gio-unix-2.0 -I/opt/homebrew/Cellar/glib/2.88.1/include -I/Library/Developer/CommandLineTools/SDKs/MacOSX26.sdk/usr/include/ffi -I/opt/homebrew/Cellar/glib/2.88.1/include/glib-2.0 -I/opt/homebrew/Cellar/glib/2.88.1/lib/glib-2.0/include -I/opt/homebrew/opt/gettext/include -I/opt/homebrew/Cellar/pcre2/10.47_1/include conftest.c >&5
conftest.c:40:46: warning: implicit conversion of nullptr constant to 'bool' [-Wnull-conversion]
   40 | bool check_that_bool_works = true | false | !nullptr;
      |                                             ~^~~~~~~
      |                                              0
conftest.c:92:10: warning: implicit conversion of nullptr constant to 'bool' [-Wnull-conversion]
   92 |   ok |= !null_pointer;
      |         ~^~~~~~~~~~~~
      |          0
2 warnings generated.
configure:4923: $? = 0
configure:4945: result: -std=gnu23
configure:5115: checking whether gcc -std=gnu23 understands -c and -o together
configure:5138: gcc -std=gnu23 -c conftest.c -o conftest2.o
configure:5141: $? = 0
configure:5138: gcc -std=gnu23 -c conftest.c -o conftest2.o
configure:5141: $? = 0
configure:5154: result: yes
configure:5182: checking for style of include used by make
configure:5210: result: GNU
configure:5237: checking dependency style of gcc -std=gnu23
configure:5350: result: none
configure:5366: checking for library containing strerror
configure:5402: gcc -std=gnu23 -o conftest -I/opt/homebrew/include -I/opt/homebrew/Cellar/gtk-mac-integration/3.0.2/include/gtkmacintegration -DMAC_INTEGRATION -I/opt/homebrew/Cellar/gtk+3/3.24.52/include/gtk-3.0 -I/opt/homebrew/Cellar/pango/1.57.1/include/pango-1.0 -I/opt/homebrew/Cellar/libthai/0.1.30/include -I/opt/homebrew/Cellar/libdatrie/0.2.14/include -I/opt/homebrew/Cellar/harfbuzz/14.2.0/include/harfbuzz -I/opt/homebrew/opt/graphite2/include -I/opt/homebrew/Cellar/cairo/1.18.4/include -I/opt/homebrew/Cellar/cairo/1.18.4/include/cairo -I/opt/homebrew/Cellar/fontconfig/2.17.1/include -I/opt/homebrew/opt/freetype/include/freetype2 -I/opt/homebrew/Cellar/libxext/1.3.7/include -I/opt/homebrew/Cellar/xorgproto/2025.1/include -I/opt/homebrew/Cellar/libxrender/0.9.12/include -I/opt/homebrew/Cellar/libx11/1.8.13/include -I/opt/homebrew/Cellar/libxcb/1.17.0/include -I/opt/homebrew/Cellar/libxau/1.0.12/include -I/opt/homebrew/Cellar/libxdmcp/1.1.5/include -I/opt/homebrew/Cellar/pixman/0.46.4/include/pixman-1 -I/opt/homebrew/include/gdk-pixbuf-2.0 -I/opt/homebrew/opt/libpng/include/libpng16 -I/opt/homebrew/opt/libtiff/include -I/opt/homebrew/opt/zstd/include -I/opt/homebrew/Cellar/xz/5.8.3/include -I/opt/homebrew/opt/jpeg-turbo/include -I/opt/homebrew/Cellar/at-spi2-core/2.60.4/include/atk-1.0 -I/opt/homebrew/Cellar/libepoxy/1.5.10/include -I/opt/homebrew/Cellar/fribidi/1.0.16/include/fribidi -I/opt/homebrew/Cellar/glib/2.88.1/include/gio-unix-2.0 -I/opt/homebrew/Cellar/glib/2.88.1/include -I/Library/Developer/CommandLineTools/SDKs/MacOSX26.sdk/usr/include/ffi -I/opt/homebrew/Cellar/glib/2.88.1/include/glib-2.0 -I/opt/homebrew/Cellar/glib/2.88.1/lib/glib-2.0/include -I/opt/homebrew/opt/gettext/include -I/opt/homebrew/Cellar/pcre2/10.47_1/include -L/opt/homebrew/Cellar/gtk-mac-integration/3.0.2/lib -lgtkmacintegration-gtk3 -L/opt/homebrew/Cellar/gtk+3/3.24.52/lib -lgtk-3 -lgdk-3 -Wl,-framework,Cocoa -Wl,-framework,Carbon -Wl,-framework,CoreGraphics -L/opt/homebrew/Cellar/pango/1.57.1/lib -lpangocairo-1.0 -lpango-1.0 -L/opt/homebrew/Cellar/harfbuzz/14.2.0/lib -lharfbuzz -L/opt/homebrew/Cellar/cairo/1.18.4/lib -lcairo-gobject -lcairo -L/opt/homebrew/lib -lgdk_pixbuf-2.0 -L/opt/homebrew/Cellar/at-spi2-core/2.60.4/lib -latk-1.0 -L/opt/homebrew/Cellar/glib/2.88.1/lib -lgio-2.0 -lgobject-2.0 -lglib-2.0 -L/opt/homebrew/opt/gettext/lib -lintl conftest.c  >&5
conftest.c:19:6: warning: incompatible redeclaration of library function 'strerror' [-Wincompatible-library-redeclaration]
   19 | char strerror (void);
      |      ^
conftest.c:19:6: note: 'strerror' is a builtin with type 'char *(int)'
1 warning generated.
configure:5402: $? = 0
configure:5424: result: none required
configure:5487: checking for gcc
configure:5520: result: gcc
configure:5879: checking for C compiler version
configure:5888: gcc --version >&5
Apple clang version 17.0.0 (clang-1700.6.4.2)
Target: arm64-apple-darwin25.5.0
Thread model: posix
InstalledDir: /Library/Developer/CommandLineTools/usr/bin
configure:5899: $? = 0
configure:5888: gcc -v >&5
Apple clang version 17.0.0 (clang-1700.6.4.2)
Target: arm64-apple-darwin25.5.0
Thread model: posix
InstalledDir: /Library/Developer/CommandLineTools/usr/bin
configure:5899: $? = 0
configure:5888: gcc -V >&5
clang: error: argument to '-V' is missing (expected 1 value)
clang: error: no input files
configure:5899: $? = 1
configure:5888: gcc -qversion >&5
clang: error: unknown argument '-qversion'; did you mean '--version'?
clang: error: no input files
configure:5899: $? = 1
configure:5888: gcc -version >&5
clang: error: unknown argument '-version'; did you mean '--version'?
clang: error: no input files
configure:5899: $? = 1
configure:5903: checking whether the compiler supports GNU C
configure:5935: result: yes
configure:5946: checking whether gcc accepts -g
configure:6014: result: yes
configure:6034: checking for gcc option to enable C23 features
configure:6071: result: -std=gnu23
configure:6241: checking whether gcc -std=gnu23 understands -c and -o together
configure:6280: result: yes
configure:6299: checking dependency style of gcc -std=gnu23
configure:6412: result: none
configure:6430: checking whether ln -s works
configure:6434: result: yes
configure:6441: checking whether make sets $(MAKE)
configure:6465: result: yes
configure:6479: checking how to run the C preprocessor
configure:6505: gcc -std=gnu23 -E -I/opt/homebrew/Cellar/gtk-mac-integration/3.0.2/include/gtkmacintegration -DMAC_INTEGRATION -I/opt/homebrew/Cellar/gtk+3/3.24.52/include/gtk-3.0 -I/opt/homebrew/Cellar/pango/1.57.1/include/pango-1.0 -I/opt/homebrew/Cellar/libthai/0.1.30/include -I/opt/homebrew/Cellar/libdatrie/0.2.14/include -I/opt/homebrew/Cellar/harfbuzz/14.2.0/include/harfbuzz -I/opt/homebrew/opt/graphite2/include -I/opt/homebrew/Cellar/cairo/1.18.4/include -I/opt/homebrew/Cellar/cairo/1.18.4/include/cairo -I/opt/homebrew/Cellar/fontconfig/2.17.1/include -I/opt/homebrew/opt/freetype/include/freetype2 -I/opt/homebrew/Cellar/libxext/1.3.7/include -I/opt/homebrew/Cellar/xorgproto/2025.1/include -I/opt/homebrew/Cellar/libxrender/0.9.12/include -I/opt/homebrew/Cellar/libx11/1.8.13/include -I/opt/homebrew/Cellar/libxcb/1.17.0/include -I/opt/homebrew/Cellar/libxau/1.0.12/include -I/opt/homebrew/Cellar/libxdmcp/1.1.5/include -I/opt/homebrew/Cellar/pixman/0.46.4/include/pixman-1 -I/opt/homebrew/include/gdk-pixbuf-2.0 -I/opt/homebrew/opt/libpng/include/libpng16 -I/opt/homebrew/opt/libtiff/include -I/opt/homebrew/opt/zstd/include -I/opt/homebrew/Cellar/xz/5.8.3/include -I/opt/homebrew/opt/jpeg-turbo/include -I/opt/homebrew/Cellar/at-spi2-core/2.60.4/include/atk-1.0 -I/opt/homebrew/Cellar/libepoxy/1.5.10/include -I/opt/homebrew/Cellar/fribidi/1.0.16/include/fribidi -I/opt/homebrew/Cellar/glib/2.88.1/include/gio-unix-2.0 -I/opt/homebrew/Cellar/glib/2.88.1/include -I/Library/Developer/CommandLineTools/SDKs/MacOSX26.sdk/usr/include/ffi -I/opt/homebrew/Cellar/glib/2.88.1/include/glib-2.0 -I/opt/homebrew/Cellar/glib/2.88.1/lib/glib-2.0/include -I/opt/homebrew/opt/gettext/include -I/opt/homebrew/Cellar/pcre2/10.47_1/include conftest.c
configure:6505: $? = 0
configure:6521: gcc -std=gnu23 -E -I/opt/homebrew/Cellar/gtk-mac-integration/3.0.2/include/gtkmacintegration -DMAC_INTEGRATION -I/opt/homebrew/Cellar/gtk+3/3.24.52/include/gtk-3.0 -I/opt/homebrew/Cellar/pango/1.57.1/include/pango-1.0 -I/opt/homebrew/Cellar/libthai/0.1.30/include -I/opt/homebrew/Cellar/libdatrie/0.2.14/include -I/opt/homebrew/Cellar/harfbuzz/14.2.0/include/harfbuzz -I/opt/homebrew/opt/graphite2/include -I/opt/homebrew/Cellar/cairo/1.18.4/include -I/opt/homebrew/Cellar/cairo/1.18.4/include/cairo -I/opt/homebrew/Cellar/fontconfig/2.17.1/include -I/opt/homebrew/opt/freetype/include/freetype2 -I/opt/homebrew/Cellar/libxext/1.3.7/include -I/opt/homebrew/Cellar/xorgproto/2025.1/include -I/opt/homebrew/Cellar/libxrender/0.9.12/include -I/opt/homebrew/Cellar/libx11/1.8.13/include -I/opt/homebrew/Cellar/libxcb/1.17.0/include -I/opt/homebrew/Cellar/libxau/1.0.12/include -I/opt/homebrew/Cellar/libxdmcp/1.1.5/include -I/opt/homebrew/Cellar/pixman/0.46.4/include/pixman-1 -I/opt/homebrew/include/gdk-pixbuf-2.0 -I/opt/homebrew/opt/libpng/include/libpng16 -I/opt/homebrew/opt/libtiff/include -I/opt/homebrew/opt/zstd/include -I/opt/homebrew/Cellar/xz/5.8.3/include -I/opt/homebrew/opt/jpeg-turbo/include -I/opt/homebrew/Cellar/at-spi2-core/2.60.4/include/atk-1.0 -I/opt/homebrew/Cellar/libepoxy/1.5.10/include -I/opt/homebrew/Cellar/fribidi/1.0.16/include/fribidi -I/opt/homebrew/Cellar/glib/2.88.1/include/gio-unix-2.0 -I/opt/homebrew/Cellar/glib/2.88.1/include -I/Library/Developer/CommandLineTools/SDKs/MacOSX26.sdk/usr/include/ffi -I/opt/homebrew/Cellar/glib/2.88.1/include/glib-2.0 -I/opt/homebrew/Cellar/glib/2.88.1/lib/glib-2.0/include -I/opt/homebrew/opt/gettext/include -I/opt/homebrew/Cellar/pcre2/10.47_1/include conftest.c
conftest.c:9:10: fatal error: 'ac_nonexistent.h' file not found
    9 | #include <ac_nonexistent.h>
      |          ^~~~~~~~~~~~~~~~~~
1 error generated.
configure:6521: $? = 1
configure: failed program was:
| /* confdefs.h */
| #define PACKAGE_NAME ""
| #define PACKAGE_TARNAME ""
| #define PACKAGE_VERSION ""
| #define PACKAGE_STRING ""
| #define PACKAGE_BUGREPORT ""
| #define PACKAGE_URL ""
| /* end confdefs.h.  */
| #include <ac_nonexistent.h>
configure:6550: result: gcc -std=gnu23 -E
configure:6564: gcc -std=gnu23 -E -I/opt/homebrew/Cellar/gtk-mac-integration/3.0.2/include/gtkmacintegration -DMAC_INTEGRATION -I/opt/homebrew/Cellar/gtk+3/3.24.52/include/gtk-3.0 -I/opt/homebrew/Cellar/pango/1.57.1/include/pango-1.0 -I/opt/homebrew/Cellar/libthai/0.1.30/include -I/opt/homebrew/Cellar/libdatrie/0.2.14/include -I/opt/homebrew/Cellar/harfbuzz/14.2.0/include/harfbuzz -I/opt/homebrew/opt/graphite2/include -I/opt/homebrew/Cellar/cairo/1.18.4/include -I/opt/homebrew/Cellar/cairo/1.18.4/include/cairo -I/opt/homebrew/Cellar/fontconfig/2.17.1/include -I/opt/homebrew/opt/freetype/include/freetype2 -I/opt/homebrew/Cellar/libxext/1.3.7/include -I/opt/homebrew/Cellar/xorgproto/2025.1/include -I/opt/homebrew/Cellar/libxrender/0.9.12/include -I/opt/homebrew/Cellar/libx11/1.8.13/include -I/opt/homebrew/Cellar/libxcb/1.17.0/include -I/opt/homebrew/Cellar/libxau/1.0.12/include -I/opt/homebrew/Cellar/libxdmcp/1.1.5/include -I/opt/homebrew/Cellar/pixman/0.46.4/include/pixman-1 -I/opt/homebrew/include/gdk-pixbuf-2.0 -I/opt/homebrew/opt/libpng/include/libpng16 -I/opt/homebrew/opt/libtiff/include -I/opt/homebrew/opt/zstd/include -I/opt/homebrew/Cellar/xz/5.8.3/include -I/opt/homebrew/opt/jpeg-turbo/include -I/opt/homebrew/Cellar/at-spi2-core/2.60.4/include/atk-1.0 -I/opt/homebrew/Cellar/libepoxy/1.5.10/include -I/opt/homebrew/Cellar/fribidi/1.0.16/include/fribidi -I/opt/homebrew/Cellar/glib/2.88.1/include/gio-unix-2.0 -I/opt/homebrew/Cellar/glib/2.88.1/include -I/Library/Developer/CommandLineTools/SDKs/MacOSX26.sdk/usr/include/ffi -I/opt/homebrew/Cellar/glib/2.88.1/include/glib-2.0 -I/opt/homebrew/Cellar/glib/2.88.1/lib/glib-2.0/include -I/opt/homebrew/opt/gettext/include -I/opt/homebrew/Cellar/pcre2/10.47_1/include conftest.c
configure:6564: $? = 0
configure:6580: gcc -std=gnu23 -E -I/opt/homebrew/Cellar/gtk-mac-integration/3.0.2/include/gtkmacintegration -DMAC_INTEGRATION -I/opt/homebrew/Cellar/gtk+3/3.24.52/include/gtk-3.0 -I/opt/homebrew/Cellar/pango/1.57.1/include/pango-1.0 -I/opt/homebrew/Cellar/libthai/0.1.30/include -I/opt/homebrew/Cellar/libdatrie/0.2.14/include -I/opt/homebrew/Cellar/harfbuzz/14.2.0/include/harfbuzz -I/opt/homebrew/opt/graphite2/include -I/opt/homebrew/Cellar/cairo/1.18.4/include -I/opt/homebrew/Cellar/cairo/1.18.4/include/cairo -I/opt/homebrew/Cellar/fontconfig/2.17.1/include -I/opt/homebrew/opt/freetype/include/freetype2 -I/opt/homebrew/Cellar/libxext/1.3.7/include -I/opt/homebrew/Cellar/xorgproto/2025.1/include -I/opt/homebrew/Cellar/libxrender/0.9.12/include -I/opt/homebrew/Cellar/libx11/1.8.13/include -I/opt/homebrew/Cellar/libxcb/1.17.0/include -I/opt/homebrew/Cellar/libxau/1.0.12/include -I/opt/homebrew/Cellar/libxdmcp/1.1.5/include -I/opt/homebrew/Cellar/pixman/0.46.4/include/pixman-1 -I/opt/homebrew/include/gdk-pixbuf-2.0 -I/opt/homebrew/opt/libpng/include/libpng16 -I/opt/homebrew/opt/libtiff/include -I/opt/homebrew/opt/zstd/include -I/opt/homebrew/Cellar/xz/5.8.3/include -I/opt/homebrew/opt/jpeg-turbo/include -I/opt/homebrew/Cellar/at-spi2-core/2.60.4/include/atk-1.0 -I/opt/homebrew/Cellar/libepoxy/1.5.10/include -I/opt/homebrew/Cellar/fribidi/1.0.16/include/fribidi -I/opt/homebrew/Cellar/glib/2.88.1/include/gio-unix-2.0 -I/opt/homebrew/Cellar/glib/2.88.1/include -I/Library/Developer/CommandLineTools/SDKs/MacOSX26.sdk/usr/include/ffi -I/opt/homebrew/Cellar/glib/2.88.1/include/glib-2.0 -I/opt/homebrew/Cellar/glib/2.88.1/lib/glib-2.0/include -I/opt/homebrew/opt/gettext/include -I/opt/homebrew/Cellar/pcre2/10.47_1/include conftest.c
conftest.c:9:10: fatal error: 'ac_nonexistent.h' file not found
    9 | #include <ac_nonexistent.h>
      |          ^~~~~~~~~~~~~~~~~~
1 error generated.
configure:6580: $? = 1
configure: failed program was:
| /* confdefs.h */
| #define PACKAGE_NAME ""
| #define PACKAGE_TARNAME ""
| #define PACKAGE_VERSION ""
| #define PACKAGE_STRING ""
| #define PACKAGE_BUGREPORT ""
| #define PACKAGE_URL ""
| /* end confdefs.h.  */
| #include <ac_nonexistent.h>
configure:6616: checking for flex
configure:6637: found /usr/bin/flex
configure:6649: result: flex
configure:6698: checking for lex output file root
configure:6711: flex conftest.l
configure:6715: $? = 0
configure:6724: result: lex.yy
configure:6747: checking for lex library
configure:6772: gcc -std=gnu23 -o conftest -I/opt/homebrew/include -I/opt/homebrew/Cellar/gtk-mac-integration/3.0.2/include/gtkmacintegration -DMAC_INTEGRATION -I/opt/homebrew/Cellar/gtk+3/3.24.52/include/gtk-3.0 -I/opt/homebrew/Cellar/pango/1.57.1/include/pango-1.0 -I/opt/homebrew/Cellar/libthai/0.1.30/include -I/opt/homebrew/Cellar/libdatrie/0.2.14/include -I/opt/homebrew/Cellar/harfbuzz/14.2.0/include/harfbuzz -I/opt/homebrew/opt/graphite2/include -I/opt/homebrew/Cellar/cairo/1.18.4/include -I/opt/homebrew/Cellar/cairo/1.18.4/include/cairo -I/opt/homebrew/Cellar/fontconfig/2.17.1/include -I/opt/homebrew/opt/freetype/include/freetype2 -I/opt/homebrew/Cellar/libxext/1.3.7/include -I/opt/homebrew/Cellar/xorgproto/2025.1/include -I/opt/homebrew/Cellar/libxrender/0.9.12/include -I/opt/homebrew/Cellar/libx11/1.8.13/include -I/opt/homebrew/Cellar/libxcb/1.17.0/include -I/opt/homebrew/Cellar/libxau/1.0.12/include -I/opt/homebrew/Cellar/libxdmcp/1.1.5/include -I/opt/homebrew/Cellar/pixman/0.46.4/include/pixman-1 -I/opt/homebrew/include/gdk-pixbuf-2.0 -I/opt/homebrew/opt/libpng/include/libpng16 -I/opt/homebrew/opt/libtiff/include -I/opt/homebrew/opt/zstd/include -I/opt/homebrew/Cellar/xz/5.8.3/include -I/opt/homebrew/opt/jpeg-turbo/include -I/opt/homebrew/Cellar/at-spi2-core/2.60.4/include/atk-1.0 -I/opt/homebrew/Cellar/libepoxy/1.5.10/include -I/opt/homebrew/Cellar/fribidi/1.0.16/include/fribidi -I/opt/homebrew/Cellar/glib/2.88.1/include/gio-unix-2.0 -I/opt/homebrew/Cellar/glib/2.88.1/include -I/Library/Developer/CommandLineTools/SDKs/MacOSX26.sdk/usr/include/ffi -I/opt/homebrew/Cellar/glib/2.88.1/include/glib-2.0 -I/opt/homebrew/Cellar/glib/2.88.1/lib/glib-2.0/include -I/opt/homebrew/opt/gettext/include -I/opt/homebrew/Cellar/pcre2/10.47_1/include -D__EXTERN_C__=1 -L/opt/homebrew/Cellar/gtk-mac-integration/3.0.2/lib -lgtkmacintegration-gtk3 -L/opt/homebrew/Cellar/gtk+3/3.24.52/lib -lgtk-3 -lgdk-3 -Wl,-framework,Cocoa -Wl,-framework,Carbon -Wl,-framework,CoreGraphics -L/opt/homebrew/Cellar/pango/1.57.1/lib -lpangocairo-1.0 -lpango-1.0 -L/opt/homebrew/Cellar/harfbuzz/14.2.0/lib -lharfbuzz -L/opt/homebrew/Cellar/cairo/1.18.4/lib -lcairo-gobject -lcairo -L/opt/homebrew/lib -lgdk_pixbuf-2.0 -L/opt/homebrew/Cellar/at-spi2-core/2.60.4/lib -latk-1.0 -L/opt/homebrew/Cellar/glib/2.88.1/lib -lgio-2.0 -lgobject-2.0 -lglib-2.0 -L/opt/homebrew/opt/gettext/lib -lintl conftest.c  >&5
configure:6772: $? = 0
configure:6786: result: none needed
configure:6802: checking for library containing yywrap
configure:6838: gcc -std=gnu23 -o conftest -I/opt/homebrew/include -I/opt/homebrew/Cellar/gtk-mac-integration/3.0.2/include/gtkmacintegration -DMAC_INTEGRATION -I/opt/homebrew/Cellar/gtk+3/3.24.52/include/gtk-3.0 -I/opt/homebrew/Cellar/pango/1.57.1/include/pango-1.0 -I/opt/homebrew/Cellar/libthai/0.1.30/include -I/opt/homebrew/Cellar/libdatrie/0.2.14/include -I/opt/homebrew/Cellar/harfbuzz/14.2.0/include/harfbuzz -I/opt/homebrew/opt/graphite2/include -I/opt/homebrew/Cellar/cairo/1.18.4/include -I/opt/homebrew/Cellar/cairo/1.18.4/include/cairo -I/opt/homebrew/Cellar/fontconfig/2.17.1/include -I/opt/homebrew/opt/freetype/include/freetype2 -I/opt/homebrew/Cellar/libxext/1.3.7/include -I/opt/homebrew/Cellar/xorgproto/2025.1/include -I/opt/homebrew/Cellar/libxrender/0.9.12/include -I/opt/homebrew/Cellar/libx11/1.8.13/include -I/opt/homebrew/Cellar/libxcb/1.17.0/include -I/opt/homebrew/Cellar/libxau/1.0.12/include -I/opt/homebrew/Cellar/libxdmcp/1.1.5/include -I/opt/homebrew/Cellar/pixman/0.46.4/include/pixman-1 -I/opt/homebrew/include/gdk-pixbuf-2.0 -I/opt/homebrew/opt/libpng/include/libpng16 -I/opt/homebrew/opt/libtiff/include -I/opt/homebrew/opt/zstd/include -I/opt/homebrew/Cellar/xz/5.8.3/include -I/opt/homebrew/opt/jpeg-turbo/include -I/opt/homebrew/Cellar/at-spi2-core/2.60.4/include/atk-1.0 -I/opt/homebrew/Cellar/libepoxy/1.5.10/include -I/opt/homebrew/Cellar/fribidi/1.0.16/include/fribidi -I/opt/homebrew/Cellar/glib/2.88.1/include/gio-unix-2.0 -I/opt/homebrew/Cellar/glib/2.88.1/include -I/Library/Developer/CommandLineTools/SDKs/MacOSX26.sdk/usr/include/ffi -I/opt/homebrew/Cellar/glib/2.88.1/include/glib-2.0 -I/opt/homebrew/Cellar/glib/2.88.1/lib/glib-2.0/include -I/opt/homebrew/opt/gettext/include -I/opt/homebrew/Cellar/pcre2/10.47_1/include -D__EXTERN_C__=1 -L/opt/homebrew/Cellar/gtk-mac-integration/3.0.2/lib -lgtkmacintegration-gtk3 -L/opt/homebrew/Cellar/gtk+3/3.24.52/lib -lgtk-3 -lgdk-3 -Wl,-framework,Cocoa -Wl,-framework,Carbon -Wl,-framework,CoreGraphics -L/opt/homebrew/Cellar/pango/1.57.1/lib -lpangocairo-1.0 -lpango-1.0 -L/opt/homebrew/Cellar/harfbuzz/14.2.0/lib -lharfbuzz -L/opt/homebrew/Cellar/cairo/1.18.4/lib -lcairo-gobject -lcairo -L/opt/homebrew/lib -lgdk_pixbuf-2.0 -L/opt/homebrew/Cellar/at-spi2-core/2.60.4/lib -latk-1.0 -L/opt/homebrew/Cellar/glib/2.88.1/lib -lgio-2.0 -lgobject-2.0 -lglib-2.0 -L/opt/homebrew/opt/gettext/lib -lintl conftest.c  >&5
Undefined symbols for architecture arm64:
  "_yywrap", referenced from:
      _main in conftest-5f1d7f.o
ld: symbol(s) not found for architecture arm64
clang: error: linker command failed with exit code 1 (use -v to see invocation)
configure:6838: $? = 1
configure: failed program was:
| /* confdefs.h */
| #define PACKAGE_NAME ""
| #define PACKAGE_TARNAME ""
| #define PACKAGE_VERSION ""
| #define PACKAGE_STRING ""
| #define PACKAGE_BUGREPORT ""
| #define PACKAGE_URL ""
| /* end confdefs.h.  */
| 
| /* Override any GCC internal prototype to avoid an error.
|    Use char because int might match the return type of a GCC
|    builtin and then its argument prototype would still apply.
|    The 'extern "C"' is for builds by C++ compilers;
|    although this is not generally supported in C code supporting it here
|    has little cost and some practical benefit (sr 110532).  */
| #ifdef __cplusplus
| extern "C"
| #endif
| char yywrap (void);
| int
| main (void)
| {
| return yywrap ();
|   ;
|   return 0;
| }
configure:6838: gcc -std=gnu23 -o conftest -I/opt/homebrew/include -I/opt/homebrew/Cellar/gtk-mac-integration/3.0.2/include/gtkmacintegration -DMAC_INTEGRATION -I/opt/homebrew/Cellar/gtk+3/3.24.52/include/gtk-3.0 -I/opt/homebrew/Cellar/pango/1.57.1/include/pango-1.0 -I/opt/homebrew/Cellar/libthai/0.1.30/include -I/opt/homebrew/Cellar/libdatrie/0.2.14/include -I/opt/homebrew/Cellar/harfbuzz/14.2.0/include/harfbuzz -I/opt/homebrew/opt/graphite2/include -I/opt/homebrew/Cellar/cairo/1.18.4/include -I/opt/homebrew/Cellar/cairo/1.18.4/include/cairo -I/opt/homebrew/Cellar/fontconfig/2.17.1/include -I/opt/homebrew/opt/freetype/include/freetype2 -I/opt/homebrew/Cellar/libxext/1.3.7/include -I/opt/homebrew/Cellar/xorgproto/2025.1/include -I/opt/homebrew/Cellar/libxrender/0.9.12/include -I/opt/homebrew/Cellar/libx11/1.8.13/include -I/opt/homebrew/Cellar/libxcb/1.17.0/include -I/opt/homebrew/Cellar/libxau/1.0.12/include -I/opt/homebrew/Cellar/libxdmcp/1.1.5/include -I/opt/homebrew/Cellar/pixman/0.46.4/include/pixman-1 -I/opt/homebrew/include/gdk-pixbuf-2.0 -I/opt/homebrew/opt/libpng/include/libpng16 -I/opt/homebrew/opt/libtiff/include -I/opt/homebrew/opt/zstd/include -I/opt/homebrew/Cellar/xz/5.8.3/include -I/opt/homebrew/opt/jpeg-turbo/include -I/opt/homebrew/Cellar/at-spi2-core/2.60.4/include/atk-1.0 -I/opt/homebrew/Cellar/libepoxy/1.5.10/include -I/opt/homebrew/Cellar/fribidi/1.0.16/include/fribidi -I/opt/homebrew/Cellar/glib/2.88.1/include/gio-unix-2.0 -I/opt/homebrew/Cellar/glib/2.88.1/include -I/Library/Developer/CommandLineTools/SDKs/MacOSX26.sdk/usr/include/ffi -I/opt/homebrew/Cellar/glib/2.88.1/include/glib-2.0 -I/opt/homebrew/Cellar/glib/2.88.1/lib/glib-2.0/include -I/opt/homebrew/opt/gettext/include -I/opt/homebrew/Cellar/pcre2/10.47_1/include -D__EXTERN_C__=1 -L/opt/homebrew/Cellar/gtk-mac-integration/3.0.2/lib -lgtkmacintegration-gtk3 -L/opt/homebrew/Cellar/gtk+3/3.24.52/lib -lgtk-3 -lgdk-3 -Wl,-framework,Cocoa -Wl,-framework,Carbon -Wl,-framework,CoreGraphics -L/opt/homebrew/Cellar/pango/1.57.1/lib -lpangocairo-1.0 -lpango-1.0 -L/opt/homebrew/Cellar/harfbuzz/14.2.0/lib -lharfbuzz -L/opt/homebrew/Cellar/cairo/1.18.4/lib -lcairo-gobject -lcairo -L/opt/homebrew/lib -lgdk_pixbuf-2.0 -L/opt/homebrew/Cellar/at-spi2-core/2.60.4/lib -latk-1.0 -L/opt/homebrew/Cellar/glib/2.88.1/lib -lgio-2.0 -lgobject-2.0 -lglib-2.0 -L/opt/homebrew/opt/gettext/lib -lintl conftest.c -lfl   >&5
ld: library 'fl' not found
clang: error: linker command failed with exit code 1 (use -v to see invocation)
configure:6838: $? = 1
configure: failed program was:
| /* confdefs.h */
| #define PACKAGE_NAME ""
| #define PACKAGE_TARNAME ""
| #define PACKAGE_VERSION ""
| #define PACKAGE_STRING ""
| #define PACKAGE_BUGREPORT ""
| #define PACKAGE_URL ""
| /* end confdefs.h.  */
| 
| /* Override any GCC internal prototype to avoid an error.
|    Use char because int might match the return type of a GCC
|    builtin and then its argument prototype would still apply.
|    The 'extern "C"' is for builds by C++ compilers;
|    although this is not generally supported in C code supporting it here
|    has little cost and some practical benefit (sr 110532).  */
| #ifdef __cplusplus
| extern "C"
| #endif
| char yywrap (void);
| int
| main (void)
| {
| return yywrap ();
|   ;
|   return 0;
| }
configure:6838: gcc -std=gnu23 -o conftest -I/opt/homebrew/include -I/opt/homebrew/Cellar/gtk-mac-integration/3.0.2/include/gtkmacintegration -DMAC_INTEGRATION -I/opt/homebrew/Cellar/gtk+3/3.24.52/include/gtk-3.0 -I/opt/homebrew/Cellar/pango/1.57.1/include/pango-1.0 -I/opt/homebrew/Cellar/libthai/0.1.30/include -I/opt/homebrew/Cellar/libdatrie/0.2.14/include -I/opt/homebrew/Cellar/harfbuzz/14.2.0/include/harfbuzz -I/opt/homebrew/opt/graphite2/include -I/opt/homebrew/Cellar/cairo/1.18.4/include -I/opt/homebrew/Cellar/cairo/1.18.4/include/cairo -I/opt/homebrew/Cellar/fontconfig/2.17.1/include -I/opt/homebrew/opt/freetype/include/freetype2 -I/opt/homebrew/Cellar/libxext/1.3.7/include -I/opt/homebrew/Cellar/xorgproto/2025.1/include -I/opt/homebrew/Cellar/libxrender/0.9.12/include -I/opt/homebrew/Cellar/libx11/1.8.13/include -I/opt/homebrew/Cellar/libxcb/1.17.0/include -I/opt/homebrew/Cellar/libxau/1.0.12/include -I/opt/homebrew/Cellar/libxdmcp/1.1.5/include -I/opt/homebrew/Cellar/pixman/0.46.4/include/pixman-1 -I/opt/homebrew/include/gdk-pixbuf-2.0 -I/opt/homebrew/opt/libpng/include/libpng16 -I/opt/homebrew/opt/libtiff/include -I/opt/homebrew/opt/zstd/include -I/opt/homebrew/Cellar/xz/5.8.3/include -I/opt/homebrew/opt/jpeg-turbo/include -I/opt/homebrew/Cellar/at-spi2-core/2.60.4/include/atk-1.0 -I/opt/homebrew/Cellar/libepoxy/1.5.10/include -I/opt/homebrew/Cellar/fribidi/1.0.16/include/fribidi -I/opt/homebrew/Cellar/glib/2.88.1/include/gio-unix-2.0 -I/opt/homebrew/Cellar/glib/2.88.1/include -I/Library/Developer/CommandLineTools/SDKs/MacOSX26.sdk/usr/include/ffi -I/opt/homebrew/Cellar/glib/2.88.1/include/glib-2.0 -I/opt/homebrew/Cellar/glib/2.88.1/lib/glib-2.0/include -I/opt/homebrew/opt/gettext/include -I/opt/homebrew/Cellar/pcre2/10.47_1/include -D__EXTERN_C__=1 -L/opt/homebrew/Cellar/gtk-mac-integration/3.0.2/lib -lgtkmacintegration-gtk3 -L/opt/homebrew/Cellar/gtk+3/3.24.52/lib -lgtk-3 -lgdk-3 -Wl,-framework,Cocoa -Wl,-framework,Carbon -Wl,-framework,CoreGraphics -L/opt/homebrew/Cellar/pango/1.57.1/lib -lpangocairo-1.0 -lpango-1.0 -L/opt/homebrew/Cellar/harfbuzz/14.2.0/lib -lharfbuzz -L/opt/homebrew/Cellar/cairo/1.18.4/lib -lcairo-gobject -lcairo -L/opt/homebrew/lib -lgdk_pixbuf-2.0 -L/opt/homebrew/Cellar/at-spi2-core/2.60.4/lib -latk-1.0 -L/opt/homebrew/Cellar/glib/2.88.1/lib -lgio-2.0 -lgobject-2.0 -lglib-2.0 -L/opt/homebrew/opt/gettext/lib -lintl conftest.c -ll   >&5
ld: warning: object file (/Library/Developer/CommandLineTools/SDKs/MacOSX26.2.sdk/usr/lib/libl.a[arm64][3](libyywrap.o)) was built for newer 'macOS' version (26.2) than being linked (26.0)
configure:6838: $? = 0
configure:6860: result: -ll
configure:6877: checking whether yytext is a pointer
configure:6893: gcc -std=gnu23 -c -I/opt/homebrew/include -I/opt/homebrew/Cellar/gtk-mac-integration/3.0.2/include/gtkmacintegration -DMAC_INTEGRATION -I/opt/homebrew/Cellar/gtk+3/3.24.52/include/gtk-3.0 -I/opt/homebrew/Cellar/pango/1.57.1/include/pango-1.0 -I/opt/homebrew/Cellar/libthai/0.1.30/include -I/opt/homebrew/Cellar/libdatrie/0.2.14/include -I/opt/homebrew/Cellar/harfbuzz/14.2.0/include/harfbuzz -I/opt/homebrew/opt/graphite2/include -I/opt/homebrew/Cellar/cairo/1.18.4/include -I/opt/homebrew/Cellar/cairo/1.18.4/include/cairo -I/opt/homebrew/Cellar/fontconfig/2.17.1/include -I/opt/homebrew/opt/freetype/include/freetype2 -I/opt/homebrew/Cellar/libxext/1.3.7/include -I/opt/homebrew/Cellar/xorgproto/2025.1/include -I/opt/homebrew/Cellar/libxrender/0.9.12/include -I/opt/homebrew/Cellar/libx11/1.8.13/include -I/opt/homebrew/Cellar/libxcb/1.17.0/include -I/opt/homebrew/Cellar/libxau/1.0.12/include -I/opt/homebrew/Cellar/libxdmcp/1.1.5/include -I/opt/homebrew/Cellar/pixman/0.46.4/include/pixman-1 -I/opt/homebrew/include/gdk-pixbuf-2.0 -I/opt/homebrew/opt/libpng/include/libpng16 -I/opt/homebrew/opt/libtiff/include -I/opt/homebrew/opt/zstd/include -I/opt/homebrew/Cellar/xz/5.8.3/include -I/opt/homebrew/opt/jpeg-turbo/include -I/opt/homebrew/Cellar/at-spi2-core/2.60.4/include/atk-1.0 -I/opt/homebrew/Cellar/libepoxy/1.5.10/include -I/opt/homebrew/Cellar/fribidi/1.0.16/include/fribidi -I/opt/homebrew/Cellar/glib/2.88.1/include/gio-unix-2.0 -I/opt/homebrew/Cellar/glib/2.88.1/include -I/Library/Developer/CommandLineTools/SDKs/MacOSX26.sdk/usr/include/ffi -I/opt/homebrew/Cellar/glib/2.88.1/include/glib-2.0 -I/opt/homebrew/Cellar/glib/2.88.1/lib/glib-2.0/include -I/opt/homebrew/opt/gettext/include -I/opt/homebrew/Cellar/pcre2/10.47_1/include -D__EXTERN_C__=1 conftest.c >&5
configure:6893: $? = 0
configure:6901: result: yes
configure:6921: checking for bison
configure:6942: found /usr/bin/bison
configure:6954: result: bison -y
configure:7013: checking how to print strings
configure:7040: result: printf
configure:7061: checking for a sed that does not truncate output
configure:7133: result: /usr/bin/sed
configure:7151: checking for grep that handles long lines and -e
configure:7217: result: /usr/bin/grep
configure:7222: checking for egrep
configure:7292: result: /usr/bin/grep -E
configure:7299: checking for fgrep
configure:7369: result: /usr/bin/grep -F
configure:7406: checking for ld used by gcc -std=gnu23
configure:7475: result: /Library/Developer/CommandLineTools/usr/bin/ld
configure:7482: checking if the linker (/Library/Developer/CommandLineTools/usr/bin/ld) is GNU ld
configure:7499: result: no
configure:7511: checking for BSD- or MS-compatible name lister (nm)
configure:7567: result: /usr/bin/nm -B
configure:7709: checking the name lister (/usr/bin/nm -B) interface
configure:7717: gcc -std=gnu23 -c -I/opt/homebrew/include -I/opt/homebrew/Cellar/gtk-mac-integration/3.0.2/include/gtkmacintegration -DMAC_INTEGRATION -I/opt/homebrew/Cellar/gtk+3/3.24.52/include/gtk-3.0 -I/opt/homebrew/Cellar/pango/1.57.1/include/pango-1.0 -I/opt/homebrew/Cellar/libthai/0.1.30/include -I/opt/homebrew/Cellar/libdatrie/0.2.14/include -I/opt/homebrew/Cellar/harfbuzz/14.2.0/include/harfbuzz -I/opt/homebrew/opt/graphite2/include -I/opt/homebrew/Cellar/cairo/1.18.4/include -I/opt/homebrew/Cellar/cairo/1.18.4/include/cairo -I/opt/homebrew/Cellar/fontconfig/2.17.1/include -I/opt/homebrew/opt/freetype/include/freetype2 -I/opt/homebrew/Cellar/libxext/1.3.7/include -I/opt/homebrew/Cellar/xorgproto/2025.1/include -I/opt/homebrew/Cellar/libxrender/0.9.12/include -I/opt/homebrew/Cellar/libx11/1.8.13/include -I/opt/homebrew/Cellar/libxcb/1.17.0/include -I/opt/homebrew/Cellar/libxau/1.0.12/include -I/opt/homebrew/Cellar/libxdmcp/1.1.5/include -I/opt/homebrew/Cellar/pixman/0.46.4/include/pixman-1 -I/opt/homebrew/include/gdk-pixbuf-2.0 -I/opt/homebrew/opt/libpng/include/libpng16 -I/opt/homebrew/opt/libtiff/include -I/opt/homebrew/opt/zstd/include -I/opt/homebrew/Cellar/xz/5.8.3/include -I/opt/homebrew/opt/jpeg-turbo/include -I/opt/homebrew/Cellar/at-spi2-core/2.60.4/include/atk-1.0 -I/opt/homebrew/Cellar/libepoxy/1.5.10/include -I/opt/homebrew/Cellar/fribidi/1.0.16/include/fribidi -I/opt/homebrew/Cellar/glib/2.88.1/include/gio-unix-2.0 -I/opt/homebrew/Cellar/glib/2.88.1/include -I/Library/Developer/CommandLineTools/SDKs/MacOSX26.sdk/usr/include/ffi -I/opt/homebrew/Cellar/glib/2.88.1/include/glib-2.0 -I/opt/homebrew/Cellar/glib/2.88.1/lib/glib-2.0/include -I/opt/homebrew/opt/gettext/include -I/opt/homebrew/Cellar/pcre2/10.47_1/include conftest.c >&5
configure:7720: /usr/bin/nm -B "conftest.o"
configure:7723: output
0000000000000000 S _some_variable
0000000000000000 t ltmp0
0000000000000000 s ltmp1
configure:7731: result: BSD nm
configure:7735: checking the maximum length of command line arguments
configure:7868: result: 786432
configure:7916: checking how to convert arm-apple-darwin25.5.0 file names to arm-apple-darwin25.5.0 format
configure:7958: result: func_convert_file_noop
configure:7965: checking how to convert arm-apple-darwin25.5.0 file names to toolchain format
configure:7987: result: func_convert_file_noop
configure:7994: checking for /Library/Developer/CommandLineTools/usr/bin/ld option to reload object files
configure:8003: result: -r
configure:8083: checking for objdump
configure:8104: found /usr/bin/objdump
configure:8116: result: objdump
configure:8148: checking how to recognize dependent libraries
configure:8350: result: pass_all
configure:8441: checking for dlltool
configure:8477: result: no
configure:8507: checking how to associate runtime and link libraries
configure:8536: result: printf %s\n
configure:8602: checking for ar
configure:8623: found /usr/bin/ar
configure:8635: result: ar
configure:8672: checking for archiver @FILE support
configure:8690: gcc -std=gnu23 -c -I/opt/homebrew/include -I/opt/homebrew/Cellar/gtk-mac-integration/3.0.2/include/gtkmacintegration -DMAC_INTEGRATION -I/opt/homebrew/Cellar/gtk+3/3.24.52/include/gtk-3.0 -I/opt/homebrew/Cellar/pango/1.57.1/include/pango-1.0 -I/opt/homebrew/Cellar/libthai/0.1.30/include -I/opt/homebrew/Cellar/libdatrie/0.2.14/include -I/opt/homebrew/Cellar/harfbuzz/14.2.0/include/harfbuzz -I/opt/homebrew/opt/graphite2/include -I/opt/homebrew/Cellar/cairo/1.18.4/include -I/opt/homebrew/Cellar/cairo/1.18.4/include/cairo -I/opt/homebrew/Cellar/fontconfig/2.17.1/include -I/opt/homebrew/opt/freetype/include/freetype2 -I/opt/homebrew/Cellar/libxext/1.3.7/include -I/opt/homebrew/Cellar/xorgproto/2025.1/include -I/opt/homebrew/Cellar/libxrender/0.9.12/include -I/opt/homebrew/Cellar/libx11/1.8.13/include -I/opt/homebrew/Cellar/libxcb/1.17.0/include -I/opt/homebrew/Cellar/libxau/1.0.12/include -I/opt/homebrew/Cellar/libxdmcp/1.1.5/include -I/opt/homebrew/Cellar/pixman/0.46.4/include/pixman-1 -I/opt/homebrew/include/gdk-pixbuf-2.0 -I/opt/homebrew/opt/libpng/include/libpng16 -I/opt/homebrew/opt/libtiff/include -I/opt/homebrew/opt/zstd/include -I/opt/homebrew/Cellar/xz/5.8.3/include -I/opt/homebrew/opt/jpeg-turbo/include -I/opt/homebrew/Cellar/at-spi2-core/2.60.4/include/atk-1.0 -I/opt/homebrew/Cellar/libepoxy/1.5.10/include -I/opt/homebrew/Cellar/fribidi/1.0.16/include/fribidi -I/opt/homebrew/Cellar/glib/2.88.1/include/gio-unix-2.0 -I/opt/homebrew/Cellar/glib/2.88.1/include -I/Library/Developer/CommandLineTools/SDKs/MacOSX26.sdk/usr/include/ffi -I/opt/homebrew/Cellar/glib/2.88.1/include/glib-2.0 -I/opt/homebrew/Cellar/glib/2.88.1/lib/glib-2.0/include -I/opt/homebrew/opt/gettext/include -I/opt/homebrew/Cellar/pcre2/10.47_1/include conftest.c >&5
configure:8690: $? = 0
configure:8694: ar cru libconftest.a @conftest.lst >&5
ar: @conftest.lst: No such file or directory
configure:8697: $? = 1
configure:8718: result: no
configure:8782: checking for strip
configure:8803: found /usr/bin/strip
configure:8815: result: strip
configure:8893: checking for ranlib
configure:8914: found /usr/bin/ranlib
configure:8926: result: ranlib
configure:9028: checking command to parse /usr/bin/nm -B output from gcc -std=gnu23 object
configure:9182: gcc -std=gnu23 -c -I/opt/homebrew/include -I/opt/homebrew/Cellar/gtk-mac-integration/3.0.2/include/gtkmacintegration -DMAC_INTEGRATION -I/opt/homebrew/Cellar/gtk+3/3.24.52/include/gtk-3.0 -I/opt/homebrew/Cellar/pango/1.57.1/include/pango-1.0 -I/opt/homebrew/Cellar/libthai/0.1.30/include -I/opt/homebrew/Cellar/libdatrie/0.2.14/include -I/opt/homebrew/Cellar/harfbuzz/14.2.0/include/harfbuzz -I/opt/homebrew/opt/graphite2/include -I/opt/homebrew/Cellar/cairo/1.18.4/include -I/opt/homebrew/Cellar/cairo/1.18.4/include/cairo -I/opt/homebrew/Cellar/fontconfig/2.17.1/include -I/opt/homebrew/opt/freetype/include/freetype2 -I/opt/homebrew/Cellar/libxext/1.3.7/include -I/opt/homebrew/Cellar/xorgproto/2025.1/include -I/opt/homebrew/Cellar/libxrender/0.9.12/include -I/opt/homebrew/Cellar/libx11/1.8.13/include -I/opt/homebrew/Cellar/libxcb/1.17.0/include -I/opt/homebrew/Cellar/libxau/1.0.12/include -I/opt/homebrew/Cellar/libxdmcp/1.1.5/include -I/opt/homebrew/Cellar/pixman/0.46.4/include/pixman-1 -I/opt/homebrew/include/gdk-pixbuf-2.0 -I/opt/homebrew/opt/libpng/include/libpng16 -I/opt/homebrew/opt/libtiff/include -I/opt/homebrew/opt/zstd/include -I/opt/homebrew/Cellar/xz/5.8.3/include -I/opt/homebrew/opt/jpeg-turbo/include -I/opt/homebrew/Cellar/at-spi2-core/2.60.4/include/atk-1.0 -I/opt/homebrew/Cellar/libepoxy/1.5.10/include -I/opt/homebrew/Cellar/fribidi/1.0.16/include/fribidi -I/opt/homebrew/Cellar/glib/2.88.1/include/gio-unix-2.0 -I/opt/homebrew/Cellar/glib/2.88.1/include -I/Library/Developer/CommandLineTools/SDKs/MacOSX26.sdk/usr/include/ffi -I/opt/homebrew/Cellar/glib/2.88.1/include/glib-2.0 -I/opt/homebrew/Cellar/glib/2.88.1/lib/glib-2.0/include -I/opt/homebrew/opt/gettext/include -I/opt/homebrew/Cellar/pcre2/10.47_1/include conftest.c >&5
configure:9185: $? = 0
configure:9189: /usr/bin/nm -B conftest.o \| sed -n -e 's/^.*[ ]\([ABCDGIRSTW][ABCDGIRSTW]*\)[ ][ ]*\([_A-Za-z][_A-Za-z0-9]*\)$/\1 \2 \2/p' | sed '/ __gnu_lto/d' \> conftest.nm
configure:9192: $? = 0
cannot find nm_test_var in conftest.nm
configure:9182: gcc -std=gnu23 -c -I/opt/homebrew/include -I/opt/homebrew/Cellar/gtk-mac-integration/3.0.2/include/gtkmacintegration -DMAC_INTEGRATION -I/opt/homebrew/Cellar/gtk+3/3.24.52/include/gtk-3.0 -I/opt/homebrew/Cellar/pango/1.57.1/include/pango-1.0 -I/opt/homebrew/Cellar/libthai/0.1.30/include -I/opt/homebrew/Cellar/libdatrie/0.2.14/include -I/opt/homebrew/Cellar/harfbuzz/14.2.0/include/harfbuzz -I/opt/homebrew/opt/graphite2/include -I/opt/homebrew/Cellar/cairo/1.18.4/include -I/opt/homebrew/Cellar/cairo/1.18.4/include/cairo -I/opt/homebrew/Cellar/fontconfig/2.17.1/include -I/opt/homebrew/opt/freetype/include/freetype2 -I/opt/homebrew/Cellar/libxext/1.3.7/include -I/opt/homebrew/Cellar/xorgproto/2025.1/include -I/opt/homebrew/Cellar/libxrender/0.9.12/include -I/opt/homebrew/Cellar/libx11/1.8.13/include -I/opt/homebrew/Cellar/libxcb/1.17.0/include -I/opt/homebrew/Cellar/libxau/1.0.12/include -I/opt/homebrew/Cellar/libxdmcp/1.1.5/include -I/opt/homebrew/Cellar/pixman/0.46.4/include/pixman-1 -I/opt/homebrew/include/gdk-pixbuf-2.0 -I/opt/homebrew/opt/libpng/include/libpng16 -I/opt/homebrew/opt/libtiff/include -I/opt/homebrew/opt/zstd/include -I/opt/homebrew/Cellar/xz/5.8.3/include -I/opt/homebrew/opt/jpeg-turbo/include -I/opt/homebrew/Cellar/at-spi2-core/2.60.4/include/atk-1.0 -I/opt/homebrew/Cellar/libepoxy/1.5.10/include -I/opt/homebrew/Cellar/fribidi/1.0.16/include/fribidi -I/opt/homebrew/Cellar/glib/2.88.1/include/gio-unix-2.0 -I/opt/homebrew/Cellar/glib/2.88.1/include -I/Library/Developer/CommandLineTools/SDKs/MacOSX26.sdk/usr/include/ffi -I/opt/homebrew/Cellar/glib/2.88.1/include/glib-2.0 -I/opt/homebrew/Cellar/glib/2.88.1/lib/glib-2.0/include -I/opt/homebrew/opt/gettext/include -I/opt/homebrew/Cellar/pcre2/10.47_1/include conftest.c >&5
configure:9185: $? = 0
configure:9189: /usr/bin/nm -B conftest.o \| sed -n -e 's/^.*[ ]\([ABCDGIRSTW][ABCDGIRSTW]*\)[ ][ ]*_\([_A-Za-z][_A-Za-z0-9]*\)$/\1 _\2 \2/p' | sed '/ __gnu_lto/d' \> conftest.nm
configure:9192: $? = 0
configure:9258: gcc -std=gnu23 -o conftest -I/opt/homebrew/include -I/opt/homebrew/Cellar/gtk-mac-integration/3.0.2/include/gtkmacintegration -DMAC_INTEGRATION -I/opt/homebrew/Cellar/gtk+3/3.24.52/include/gtk-3.0 -I/opt/homebrew/Cellar/pango/1.57.1/include/pango-1.0 -I/opt/homebrew/Cellar/libthai/0.1.30/include -I/opt/homebrew/Cellar/libdatrie/0.2.14/include -I/opt/homebrew/Cellar/harfbuzz/14.2.0/include/harfbuzz -I/opt/homebrew/opt/graphite2/include -I/opt/homebrew/Cellar/cairo/1.18.4/include -I/opt/homebrew/Cellar/cairo/1.18.4/include/cairo -I/opt/homebrew/Cellar/fontconfig/2.17.1/include -I/opt/homebrew/opt/freetype/include/freetype2 -I/opt/homebrew/Cellar/libxext/1.3.7/include -I/opt/homebrew/Cellar/xorgproto/2025.1/include -I/opt/homebrew/Cellar/libxrender/0.9.12/include -I/opt/homebrew/Cellar/libx11/1.8.13/include -I/opt/homebrew/Cellar/libxcb/1.17.0/include -I/opt/homebrew/Cellar/libxau/1.0.12/include -I/opt/homebrew/Cellar/libxdmcp/1.1.5/include -I/opt/homebrew/Cellar/pixman/0.46.4/include/pixman-1 -I/opt/homebrew/include/gdk-pixbuf-2.0 -I/opt/homebrew/opt/libpng/include/libpng16 -I/opt/homebrew/opt/libtiff/include -I/opt/homebrew/opt/zstd/include -I/opt/homebrew/Cellar/xz/5.8.3/include -I/opt/homebrew/opt/jpeg-turbo/include -I/opt/homebrew/Cellar/at-spi2-core/2.60.4/include/atk-1.0 -I/opt/homebrew/Cellar/libepoxy/1.5.10/include -I/opt/homebrew/Cellar/fribidi/1.0.16/include/fribidi -I/opt/homebrew/Cellar/glib/2.88.1/include/gio-unix-2.0 -I/opt/homebrew/Cellar/glib/2.88.1/include -I/Library/Developer/CommandLineTools/SDKs/MacOSX26.sdk/usr/include/ffi -I/opt/homebrew/Cellar/glib/2.88.1/include/glib-2.0 -I/opt/homebrew/Cellar/glib/2.88.1/lib/glib-2.0/include -I/opt/homebrew/opt/gettext/include -I/opt/homebrew/Cellar/pcre2/10.47_1/include -L/opt/homebrew/Cellar/gtk-mac-integration/3.0.2/lib -lgtkmacintegration-gtk3 -L/opt/homebrew/Cellar/gtk+3/3.24.52/lib -lgtk-3 -lgdk-3 -Wl,-framework,Cocoa -Wl,-framework,Carbon -Wl,-framework,CoreGraphics -L/opt/homebrew/Cellar/pango/1.57.1/lib -lpangocairo-1.0 -lpango-1.0 -L/opt/homebrew/Cellar/harfbuzz/14.2.0/lib -lharfbuzz -L/opt/homebrew/Cellar/cairo/1.18.4/lib -lcairo-gobject -lcairo -L/opt/homebrew/lib -lgdk_pixbuf-2.0 -L/opt/homebrew/Cellar/at-spi2-core/2.60.4/lib -latk-1.0 -L/opt/homebrew/Cellar/glib/2.88.1/lib -lgio-2.0 -lgobject-2.0 -lglib-2.0 -L/opt/homebrew/opt/gettext/lib -lintl conftest.c conftstm.o >&5
configure:9261: $? = 0
configure:9300: result: ok
configure:9347: checking for sysroot
configure:9379: result: no
configure:9386: checking for a working dd
configure:9431: result: /bin/dd
configure:9435: checking how to truncate binary pipes
configure:9452: result: /bin/dd bs=4096 count=1
configure:9792: checking for mt
configure:9828: result: no
configure:9848: checking if : is a manifest tool
configure:9855: : '-?'
configure:9864: result: no
configure:9926: checking for dsymutil
configure:9947: found /usr/bin/dsymutil
configure:9959: result: dsymutil
configure:10030: checking for nmedit
configure:10051: found /usr/bin/nmedit
configure:10063: result: nmedit
configure:10134: checking for lipo
configure:10155: found /usr/bin/lipo
configure:10167: result: lipo
configure:10238: checking for otool
configure:10259: found /usr/bin/otool
configure:10271: result: otool
configure:10342: checking for otool64
configure:10378: result: no
configure:10423: checking for -single_module linker flag
gcc -std=gnu23 -I/opt/homebrew/include -L/opt/homebrew/Cellar/gtk-mac-integration/3.0.2/lib -lgtkmacintegration-gtk3 -L/opt/homebrew/Cellar/gtk+3/3.24.52/lib -lgtk-3 -lgdk-3 -Wl,-framework,Cocoa -Wl,-framework,Carbon -Wl,-framework,CoreGraphics -L/opt/homebrew/Cellar/pango/1.57.1/lib -lpangocairo-1.0 -lpango-1.0 -L/opt/homebrew/Cellar/harfbuzz/14.2.0/lib -lharfbuzz -L/opt/homebrew/Cellar/cairo/1.18.4/lib -lcairo-gobject -lcairo -L/opt/homebrew/lib -lgdk_pixbuf-2.0 -L/opt/homebrew/Cellar/at-spi2-core/2.60.4/lib -latk-1.0 -L/opt/homebrew/Cellar/glib/2.88.1/lib -lgio-2.0 -lgobject-2.0 -lglib-2.0 -L/opt/homebrew/opt/gettext/lib -lintl -o libconftest.dylib -dynamiclib -Wl,-single_module conftest.c
ld: warning: -single_module is obsolete
configure:10458: result: no
configure:10461: checking for -exported_symbols_list linker flag
configure:10482: gcc -std=gnu23 -o conftest -I/opt/homebrew/include -I/opt/homebrew/Cellar/gtk-mac-integration/3.0.2/include/gtkmacintegration -DMAC_INTEGRATION -I/opt/homebrew/Cellar/gtk+3/3.24.52/include/gtk-3.0 -I/opt/homebrew/Cellar/pango/1.57.1/include/pango-1.0 -I/opt/homebrew/Cellar/libthai/0.1.30/include -I/opt/homebrew/Cellar/libdatrie/0.2.14/include -I/opt/homebrew/Cellar/harfbuzz/14.2.0/include/harfbuzz -I/opt/homebrew/opt/graphite2/include -I/opt/homebrew/Cellar/cairo/1.18.4/include -I/opt/homebrew/Cellar/cairo/1.18.4/include/cairo -I/opt/homebrew/Cellar/fontconfig/2.17.1/include -I/opt/homebrew/opt/freetype/include/freetype2 -I/opt/homebrew/Cellar/libxext/1.3.7/include -I/opt/homebrew/Cellar/xorgproto/2025.1/include -I/opt/homebrew/Cellar/libxrender/0.9.12/include -I/opt/homebrew/Cellar/libx11/1.8.13/include -I/opt/homebrew/Cellar/libxcb/1.17.0/include -I/opt/homebrew/Cellar/libxau/1.0.12/include -I/opt/homebrew/Cellar/libxdmcp/1.1.5/include -I/opt/homebrew/Cellar/pixman/0.46.4/include/pixman-1 -I/opt/homebrew/include/gdk-pixbuf-2.0 -I/opt/homebrew/opt/libpng/include/libpng16 -I/opt/homebrew/opt/libtiff/include -I/opt/homebrew/opt/zstd/include -I/opt/homebrew/Cellar/xz/5.8.3/include -I/opt/homebrew/opt/jpeg-turbo/include -I/opt/homebrew/Cellar/at-spi2-core/2.60.4/include/atk-1.0 -I/opt/homebrew/Cellar/libepoxy/1.5.10/include -I/opt/homebrew/Cellar/fribidi/1.0.16/include/fribidi -I/opt/homebrew/Cellar/glib/2.88.1/include/gio-unix-2.0 -I/opt/homebrew/Cellar/glib/2.88.1/include -I/Library/Developer/CommandLineTools/SDKs/MacOSX26.sdk/usr/include/ffi -I/opt/homebrew/Cellar/glib/2.88.1/include/glib-2.0 -I/opt/homebrew/Cellar/glib/2.88.1/lib/glib-2.0/include -I/opt/homebrew/opt/gettext/include -I/opt/homebrew/Cellar/pcre2/10.47_1/include -L/opt/homebrew/Cellar/gtk-mac-integration/3.0.2/lib -lgtkmacintegration-gtk3 -L/opt/homebrew/Cellar/gtk+3/3.24.52/lib -lgtk-3 -lgdk-3 -Wl,-framework,Cocoa -Wl,-framework,Carbon -Wl,-framework,CoreGraphics -L/opt/homebrew/Cellar/pango/1.57.1/lib -lpangocairo-1.0 -lpango-1.0 -L/opt/homebrew/Cellar/harfbuzz/14.2.0/lib -lharfbuzz -L/opt/homebrew/Cellar/cairo/1.18.4/lib -lcairo-gobject -lcairo -L/opt/homebrew/lib -lgdk_pixbuf-2.0 -L/opt/homebrew/Cellar/at-spi2-core/2.60.4/lib -latk-1.0 -L/opt/homebrew/Cellar/glib/2.88.1/lib -lgio-2.0 -lgobject-2.0 -lglib-2.0 -L/opt/homebrew/opt/gettext/lib -lintl -Wl,-exported_symbols_list,conftest.sym conftest.c  >&5
configure:10482: $? = 0
configure:10495: result: yes
configure:10498: checking for -force_load linker flag
gcc -std=gnu23 -I/opt/homebrew/include -c -o conftest.o conftest.c
ar cru libconftest.a conftest.o
ranlib libconftest.a
gcc -std=gnu23 -I/opt/homebrew/include -L/opt/homebrew/Cellar/gtk-mac-integration/3.0.2/lib -lgtkmacintegration-gtk3 -L/opt/homebrew/Cellar/gtk+3/3.24.52/lib -lgtk-3 -lgdk-3 -Wl,-framework,Cocoa -Wl,-framework,Carbon -Wl,-framework,CoreGraphics -L/opt/homebrew/Cellar/pango/1.57.1/lib -lpangocairo-1.0 -lpango-1.0 -L/opt/homebrew/Cellar/harfbuzz/14.2.0/lib -lharfbuzz -L/opt/homebrew/Cellar/cairo/1.18.4/lib -lcairo-gobject -lcairo -L/opt/homebrew/lib -lgdk_pixbuf-2.0 -L/opt/homebrew/Cellar/at-spi2-core/2.60.4/lib -latk-1.0 -L/opt/homebrew/Cellar/glib/2.88.1/lib -lgio-2.0 -lgobject-2.0 -lglib-2.0 -L/opt/homebrew/opt/gettext/lib -lintl -o conftest conftest.c -Wl,-force_load,./libconftest.a
configure:10532: result: yes
configure:10608: checking for stdio.h
configure:10608: gcc -std=gnu23 -c -I/opt/homebrew/include -I/opt/homebrew/Cellar/gtk-mac-integration/3.0.2/include/gtkmacintegration -DMAC_INTEGRATION -I/opt/homebrew/Cellar/gtk+3/3.24.52/include/gtk-3.0 -I/opt/homebrew/Cellar/pango/1.57.1/include/pango-1.0 -I/opt/homebrew/Cellar/libthai/0.1.30/include -I/opt/homebrew/Cellar/libdatrie/0.2.14/include -I/opt/homebrew/Cellar/harfbuzz/14.2.0/include/harfbuzz -I/opt/homebrew/opt/graphite2/include -I/opt/homebrew/Cellar/cairo/1.18.4/include -I/opt/homebrew/Cellar/cairo/1.18.4/include/cairo -I/opt/homebrew/Cellar/fontconfig/2.17.1/include -I/opt/homebrew/opt/freetype/include/freetype2 -I/opt/homebrew/Cellar/libxext/1.3.7/include -I/opt/homebrew/Cellar/xorgproto/2025.1/include -I/opt/homebrew/Cellar/libxrender/0.9.12/include -I/opt/homebrew/Cellar/libx11/1.8.13/include -I/opt/homebrew/Cellar/libxcb/1.17.0/include -I/opt/homebrew/Cellar/libxau/1.0.12/include -I/opt/homebrew/Cellar/libxdmcp/1.1.5/include -I/opt/homebrew/Cellar/pixman/0.46.4/include/pixman-1 -I/opt/homebrew/include/gdk-pixbuf-2.0 -I/opt/homebrew/opt/libpng/include/libpng16 -I/opt/homebrew/opt/libtiff/include -I/opt/homebrew/opt/zstd/include -I/opt/homebrew/Cellar/xz/5.8.3/include -I/opt/homebrew/opt/jpeg-turbo/include -I/opt/homebrew/Cellar/at-spi2-core/2.60.4/include/atk-1.0 -I/opt/homebrew/Cellar/libepoxy/1.5.10/include -I/opt/homebrew/Cellar/fribidi/1.0.16/include/fribidi -I/opt/homebrew/Cellar/glib/2.88.1/include/gio-unix-2.0 -I/opt/homebrew/Cellar/glib/2.88.1/include -I/Library/Developer/CommandLineTools/SDKs/MacOSX26.sdk/usr/include/ffi -I/opt/homebrew/Cellar/glib/2.88.1/include/glib-2.0 -I/opt/homebrew/Cellar/glib/2.88.1/lib/glib-2.0/include -I/opt/homebrew/opt/gettext/include -I/opt/homebrew/Cellar/pcre2/10.47_1/include conftest.c >&5
configure:10608: $? = 0
configure:10608: result: yes
configure:10608: checking for stdlib.h
configure:10608: gcc -std=gnu23 -c -I/opt/homebrew/include -I/opt/homebrew/Cellar/gtk-mac-integration/3.0.2/include/gtkmacintegration -DMAC_INTEGRATION -I/opt/homebrew/Cellar/gtk+3/3.24.52/include/gtk-3.0 -I/opt/homebrew/Cellar/pango/1.57.1/include/pango-1.0 -I/opt/homebrew/Cellar/libthai/0.1.30/include -I/opt/homebrew/Cellar/libdatrie/0.2.14/include -I/opt/homebrew/Cellar/harfbuzz/14.2.0/include/harfbuzz -I/opt/homebrew/opt/graphite2/include -I/opt/homebrew/Cellar/cairo/1.18.4/include -I/opt/homebrew/Cellar/cairo/1.18.4/include/cairo -I/opt/homebrew/Cellar/fontconfig/2.17.1/include -I/opt/homebrew/opt/freetype/include/freetype2 -I/opt/homebrew/Cellar/libxext/1.3.7/include -I/opt/homebrew/Cellar/xorgproto/2025.1/include -I/opt/homebrew/Cellar/libxrender/0.9.12/include -I/opt/homebrew/Cellar/libx11/1.8.13/include -I/opt/homebrew/Cellar/libxcb/1.17.0/include -I/opt/homebrew/Cellar/libxau/1.0.12/include -I/opt/homebrew/Cellar/libxdmcp/1.1.5/include -I/opt/homebrew/Cellar/pixman/0.46.4/include/pixman-1 -I/opt/homebrew/include/gdk-pixbuf-2.0 -I/opt/homebrew/opt/libpng/include/libpng16 -I/opt/homebrew/opt/libtiff/include -I/opt/homebrew/opt/zstd/include -I/opt/homebrew/Cellar/xz/5.8.3/include -I/opt/homebrew/opt/jpeg-turbo/include -I/opt/homebrew/Cellar/at-spi2-core/2.60.4/include/atk-1.0 -I/opt/homebrew/Cellar/libepoxy/1.5.10/include -I/opt/homebrew/Cellar/fribidi/1.0.16/include/fribidi -I/opt/homebrew/Cellar/glib/2.88.1/include/gio-unix-2.0 -I/opt/homebrew/Cellar/glib/2.88.1/include -I/Library/Developer/CommandLineTools/SDKs/MacOSX26.sdk/usr/include/ffi -I/opt/homebrew/Cellar/glib/2.88.1/include/glib-2.0 -I/opt/homebrew/Cellar/glib/2.88.1/lib/glib-2.0/include -I/opt/homebrew/opt/gettext/include -I/opt/homebrew/Cellar/pcre2/10.47_1/include conftest.c >&5
configure:10608: $? = 0
configure:10608: result: yes
configure:10608: checking for string.h
configure:10608: gcc -std=gnu23 -c -I/opt/homebrew/include -I/opt/homebrew/Cellar/gtk-mac-integration/3.0.2/include/gtkmacintegration -DMAC_INTEGRATION -I/opt/homebrew/Cellar/gtk+3/3.24.52/include/gtk-3.0 -I/opt/homebrew/Cellar/pango/1.57.1/include/pango-1.0 -I/opt/homebrew/Cellar/libthai/0.1.30/include -I/opt/homebrew/Cellar/libdatrie/0.2.14/include -I/opt/homebrew/Cellar/harfbuzz/14.2.0/include/harfbuzz -I/opt/homebrew/opt/graphite2/include -I/opt/homebrew/Cellar/cairo/1.18.4/include -I/opt/homebrew/Cellar/cairo/1.18.4/include/cairo -I/opt/homebrew/Cellar/fontconfig/2.17.1/include -I/opt/homebrew/opt/freetype/include/freetype2 -I/opt/homebrew/Cellar/libxext/1.3.7/include -I/opt/homebrew/Cellar/xorgproto/2025.1/include -I/opt/homebrew/Cellar/libxrender/0.9.12/include -I/opt/homebrew/Cellar/libx11/1.8.13/include -I/opt/homebrew/Cellar/libxcb/1.17.0/include -I/opt/homebrew/Cellar/libxau/1.0.12/include -I/opt/homebrew/Cellar/libxdmcp/1.1.5/include -I/opt/homebrew/Cellar/pixman/0.46.4/include/pixman-1 -I/opt/homebrew/include/gdk-pixbuf-2.0 -I/opt/homebrew/opt/libpng/include/libpng16 -I/opt/homebrew/opt/libtiff/include -I/opt/homebrew/opt/zstd/include -I/opt/homebrew/Cellar/xz/5.8.3/include -I/opt/homebrew/opt/jpeg-turbo/include -I/opt/homebrew/Cellar/at-spi2-core/2.60.4/include/atk-1.0 -I/opt/homebrew/Cellar/libepoxy/1.5.10/include -I/opt/homebrew/Cellar/fribidi/1.0.16/include/fribidi -I/opt/homebrew/Cellar/glib/2.88.1/include/gio-unix-2.0 -I/opt/homebrew/Cellar/glib/2.88.1/include -I/Library/Developer/CommandLineTools/SDKs/MacOSX26.sdk/usr/include/ffi -I/opt/homebrew/Cellar/glib/2.88.1/include/glib-2.0 -I/opt/homebrew/Cellar/glib/2.88.1/lib/glib-2.0/include -I/opt/homebrew/opt/gettext/include -I/opt/homebrew/Cellar/pcre2/10.47_1/include conftest.c >&5
configure:10608: $? = 0
configure:10608: result: yes
configure:10608: checking for inttypes.h
configure:10608: gcc -std=gnu23 -c -I/opt/homebrew/include -I/opt/homebrew/Cellar/gtk-mac-integration/3.0.2/include/gtkmacintegration -DMAC_INTEGRATION -I/opt/homebrew/Cellar/gtk+3/3.24.52/include/gtk-3.0 -I/opt/homebrew/Cellar/pango/1.57.1/include/pango-1.0 -I/opt/homebrew/Cellar/libthai/0.1.30/include -I/opt/homebrew/Cellar/libdatrie/0.2.14/include -I/opt/homebrew/Cellar/harfbuzz/14.2.0/include/harfbuzz -I/opt/homebrew/opt/graphite2/include -I/opt/homebrew/Cellar/cairo/1.18.4/include -I/opt/homebrew/Cellar/cairo/1.18.4/include/cairo -I/opt/homebrew/Cellar/fontconfig/2.17.1/include -I/opt/homebrew/opt/freetype/include/freetype2 -I/opt/homebrew/Cellar/libxext/1.3.7/include -I/opt/homebrew/Cellar/xorgproto/2025.1/include -I/opt/homebrew/Cellar/libxrender/0.9.12/include -I/opt/homebrew/Cellar/libx11/1.8.13/include -I/opt/homebrew/Cellar/libxcb/1.17.0/include -I/opt/homebrew/Cellar/libxau/1.0.12/include -I/opt/homebrew/Cellar/libxdmcp/1.1.5/include -I/opt/homebrew/Cellar/pixman/0.46.4/include/pixman-1 -I/opt/homebrew/include/gdk-pixbuf-2.0 -I/opt/homebrew/opt/libpng/include/libpng16 -I/opt/homebrew/opt/libtiff/include -I/opt/homebrew/opt/zstd/include -I/opt/homebrew/Cellar/xz/5.8.3/include -I/opt/homebrew/opt/jpeg-turbo/include -I/opt/homebrew/Cellar/at-spi2-core/2.60.4/include/atk-1.0 -I/opt/homebrew/Cellar/libepoxy/1.5.10/include -I/opt/homebrew/Cellar/fribidi/1.0.16/include/fribidi -I/opt/homebrew/Cellar/glib/2.88.1/include/gio-unix-2.0 -I/opt/homebrew/Cellar/glib/2.88.1/include -I/Library/Developer/CommandLineTools/SDKs/MacOSX26.sdk/usr/include/ffi -I/opt/homebrew/Cellar/glib/2.88.1/include/glib-2.0 -I/opt/homebrew/Cellar/glib/2.88.1/lib/glib-2.0/include -I/opt/homebrew/opt/gettext/include -I/opt/homebrew/Cellar/pcre2/10.47_1/include conftest.c >&5
configure:10608: $? = 0
configure:10608: result: yes
configure:10608: checking for stdint.h
configure:10608: gcc -std=gnu23 -c -I/opt/homebrew/include -I/opt/homebrew/Cellar/gtk-mac-integration/3.0.2/include/gtkmacintegration -DMAC_INTEGRATION -I/opt/homebrew/Cellar/gtk+3/3.24.52/include/gtk-3.0 -I/opt/homebrew/Cellar/pango/1.57.1/include/pango-1.0 -I/opt/homebrew/Cellar/libthai/0.1.30/include -I/opt/homebrew/Cellar/libdatrie/0.2.14/include -I/opt/homebrew/Cellar/harfbuzz/14.2.0/include/harfbuzz -I/opt/homebrew/opt/graphite2/include -I/opt/homebrew/Cellar/cairo/1.18.4/include -I/opt/homebrew/Cellar/cairo/1.18.4/include/cairo -I/opt/homebrew/Cellar/fontconfig/2.17.1/include -I/opt/homebrew/opt/freetype/include/freetype2 -I/opt/homebrew/Cellar/libxext/1.3.7/include -I/opt/homebrew/Cellar/xorgproto/2025.1/include -I/opt/homebrew/Cellar/libxrender/0.9.12/include -I/opt/homebrew/Cellar/libx11/1.8.13/include -I/opt/homebrew/Cellar/libxcb/1.17.0/include -I/opt/homebrew/Cellar/libxau/1.0.12/include -I/opt/homebrew/Cellar/libxdmcp/1.1.5/include -I/opt/homebrew/Cellar/pixman/0.46.4/include/pixman-1 -I/opt/homebrew/include/gdk-pixbuf-2.0 -I/opt/homebrew/opt/libpng/include/libpng16 -I/opt/homebrew/opt/libtiff/include -I/opt/homebrew/opt/zstd/include -I/opt/homebrew/Cellar/xz/5.8.3/include -I/opt/homebrew/opt/jpeg-turbo/include -I/opt/homebrew/Cellar/at-spi2-core/2.60.4/include/atk-1.0 -I/opt/homebrew/Cellar/libepoxy/1.5.10/include -I/opt/homebrew/Cellar/fribidi/1.0.16/include/fribidi -I/opt/homebrew/Cellar/glib/2.88.1/include/gio-unix-2.0 -I/opt/homebrew/Cellar/glib/2.88.1/include -I/Library/Developer/CommandLineTools/SDKs/MacOSX26.sdk/usr/include/ffi -I/opt/homebrew/Cellar/glib/2.88.1/include/glib-2.0 -I/opt/homebrew/Cellar/glib/2.88.1/lib/glib-2.0/include -I/opt/homebrew/opt/gettext/include -I/opt/homebrew/Cellar/pcre2/10.47_1/include conftest.c >&5
configure:10608: $? = 0
configure:10608: result: yes
configure:10608: checking for strings.h
configure:10608: gcc -std=gnu23 -c -I/opt/homebrew/include -I/opt/homebrew/Cellar/gtk-mac-integration/3.0.2/include/gtkmacintegration -DMAC_INTEGRATION -I/opt/homebrew/Cellar/gtk+3/3.24.52/include/gtk-3.0 -I/opt/homebrew/Cellar/pango/1.57.1/include/pango-1.0 -I/opt/homebrew/Cellar/libthai/0.1.30/include -I/opt/homebrew/Cellar/libdatrie/0.2.14/include -I/opt/homebrew/Cellar/harfbuzz/14.2.0/include/harfbuzz -I/opt/homebrew/opt/graphite2/include -I/opt/homebrew/Cellar/cairo/1.18.4/include -I/opt/homebrew/Cellar/cairo/1.18.4/include/cairo -I/opt/homebrew/Cellar/fontconfig/2.17.1/include -I/opt/homebrew/opt/freetype/include/freetype2 -I/opt/homebrew/Cellar/libxext/1.3.7/include -I/opt/homebrew/Cellar/xorgproto/2025.1/include -I/opt/homebrew/Cellar/libxrender/0.9.12/include -I/opt/homebrew/Cellar/libx11/1.8.13/include -I/opt/homebrew/Cellar/libxcb/1.17.0/include -I/opt/homebrew/Cellar/libxau/1.0.12/include -I/opt/homebrew/Cellar/libxdmcp/1.1.5/include -I/opt/homebrew/Cellar/pixman/0.46.4/include/pixman-1 -I/opt/homebrew/include/gdk-pixbuf-2.0 -I/opt/homebrew/opt/libpng/include/libpng16 -I/opt/homebrew/opt/libtiff/include -I/opt/homebrew/opt/zstd/include -I/opt/homebrew/Cellar/xz/5.8.3/include -I/opt/homebrew/opt/jpeg-turbo/include -I/opt/homebrew/Cellar/at-spi2-core/2.60.4/include/atk-1.0 -I/opt/homebrew/Cellar/libepoxy/1.5.10/include -I/opt/homebrew/Cellar/fribidi/1.0.16/include/fribidi -I/opt/homebrew/Cellar/glib/2.88.1/include/gio-unix-2.0 -I/opt/homebrew/Cellar/glib/2.88.1/include -I/Library/Developer/CommandLineTools/SDKs/MacOSX26.sdk/usr/include/ffi -I/opt/homebrew/Cellar/glib/2.88.1/include/glib-2.0 -I/opt/homebrew/Cellar/glib/2.88.1/lib/glib-2.0/include -I/opt/homebrew/opt/gettext/include -I/opt/homebrew/Cellar/pcre2/10.47_1/include conftest.c >&5
configure:10608: $? = 0
configure:10608: result: yes
configure:10608: checking for sys/stat.h
configure:10608: gcc -std=gnu23 -c -I/opt/homebrew/include -I/opt/homebrew/Cellar/gtk-mac-integration/3.0.2/include/gtkmacintegration -DMAC_INTEGRATION -I/opt/homebrew/Cellar/gtk+3/3.24.52/include/gtk-3.0 -I/opt/homebrew/Cellar/pango/1.57.1/include/pango-1.0 -I/opt/homebrew/Cellar/libthai/0.1.30/include -I/opt/homebrew/Cellar/libdatrie/0.2.14/include -I/opt/homebrew/Cellar/harfbuzz/14.2.0/include/harfbuzz -I/opt/homebrew/opt/graphite2/include -I/opt/homebrew/Cellar/cairo/1.18.4/include -I/opt/homebrew/Cellar/cairo/1.18.4/include/cairo -I/opt/homebrew/Cellar/fontconfig/2.17.1/include -I/opt/homebrew/opt/freetype/include/freetype2 -I/opt/homebrew/Cellar/libxext/1.3.7/include -I/opt/homebrew/Cellar/xorgproto/2025.1/include -I/opt/homebrew/Cellar/libxrender/0.9.12/include -I/opt/homebrew/Cellar/libx11/1.8.13/include -I/opt/homebrew/Cellar/libxcb/1.17.0/include -I/opt/homebrew/Cellar/libxau/1.0.12/include -I/opt/homebrew/Cellar/libxdmcp/1.1.5/include -I/opt/homebrew/Cellar/pixman/0.46.4/include/pixman-1 -I/opt/homebrew/include/gdk-pixbuf-2.0 -I/opt/homebrew/opt/libpng/include/libpng16 -I/opt/homebrew/opt/libtiff/include -I/opt/homebrew/opt/zstd/include -I/opt/homebrew/Cellar/xz/5.8.3/include -I/opt/homebrew/opt/jpeg-turbo/include -I/opt/homebrew/Cellar/at-spi2-core/2.60.4/include/atk-1.0 -I/opt/homebrew/Cellar/libepoxy/1.5.10/include -I/opt/homebrew/Cellar/fribidi/1.0.16/include/fribidi -I/opt/homebrew/Cellar/glib/2.88.1/include/gio-unix-2.0 -I/opt/homebrew/Cellar/glib/2.88.1/include -I/Library/Developer/CommandLineTools/SDKs/MacOSX26.sdk/usr/include/ffi -I/opt/homebrew/Cellar/glib/2.88.1/include/glib-2.0 -I/opt/homebrew/Cellar/glib/2.88.1/lib/glib-2.0/include -I/opt/homebrew/opt/gettext/include -I/opt/homebrew/Cellar/pcre2/10.47_1/include conftest.c >&5
configure:10608: $? = 0
configure:10608: result: yes
configure:10608: checking for sys/types.h
configure:10608: gcc -std=gnu23 -c -I/opt/homebrew/include -I/opt/homebrew/Cellar/gtk-mac-integration/3.0.2/include/gtkmacintegration -DMAC_INTEGRATION -I/opt/homebrew/Cellar/gtk+3/3.24.52/include/gtk-3.0 -I/opt/homebrew/Cellar/pango/1.57.1/include/pango-1.0 -I/opt/homebrew/Cellar/libthai/0.1.30/include -I/opt/homebrew/Cellar/libdatrie/0.2.14/include -I/opt/homebrew/Cellar/harfbuzz/14.2.0/include/harfbuzz -I/opt/homebrew/opt/graphite2/include -I/opt/homebrew/Cellar/cairo/1.18.4/include -I/opt/homebrew/Cellar/cairo/1.18.4/include/cairo -I/opt/homebrew/Cellar/fontconfig/2.17.1/include -I/opt/homebrew/opt/freetype/include/freetype2 -I/opt/homebrew/Cellar/libxext/1.3.7/include -I/opt/homebrew/Cellar/xorgproto/2025.1/include -I/opt/homebrew/Cellar/libxrender/0.9.12/include -I/opt/homebrew/Cellar/libx11/1.8.13/include -I/opt/homebrew/Cellar/libxcb/1.17.0/include -I/opt/homebrew/Cellar/libxau/1.0.12/include -I/opt/homebrew/Cellar/libxdmcp/1.1.5/include -I/opt/homebrew/Cellar/pixman/0.46.4/include/pixman-1 -I/opt/homebrew/include/gdk-pixbuf-2.0 -I/opt/homebrew/opt/libpng/include/libpng16 -I/opt/homebrew/opt/libtiff/include -I/opt/homebrew/opt/zstd/include -I/opt/homebrew/Cellar/xz/5.8.3/include -I/opt/homebrew/opt/jpeg-turbo/include -I/opt/homebrew/Cellar/at-spi2-core/2.60.4/include/atk-1.0 -I/opt/homebrew/Cellar/libepoxy/1.5.10/include -I/opt/homebrew/Cellar/fribidi/1.0.16/include/fribidi -I/opt/homebrew/Cellar/glib/2.88.1/include/gio-unix-2.0 -I/opt/homebrew/Cellar/glib/2.88.1/include -I/Library/Developer/CommandLineTools/SDKs/MacOSX26.sdk/usr/include/ffi -I/opt/homebrew/Cellar/glib/2.88.1/include/glib-2.0 -I/opt/homebrew/Cellar/glib/2.88.1/lib/glib-2.0/include -I/opt/homebrew/opt/gettext/include -I/opt/homebrew/Cellar/pcre2/10.47_1/include conftest.c >&5
configure:10608: $? = 0
configure:10608: result: yes
configure:10608: checking for unistd.h
configure:10608: gcc -std=gnu23 -c -I/opt/homebrew/include -I/opt/homebrew/Cellar/gtk-mac-integration/3.0.2/include/gtkmacintegration -DMAC_INTEGRATION -I/opt/homebrew/Cellar/gtk+3/3.24.52/include/gtk-3.0 -I/opt/homebrew/Cellar/pango/1.57.1/include/pango-1.0 -I/opt/homebrew/Cellar/libthai/0.1.30/include -I/opt/homebrew/Cellar/libdatrie/0.2.14/include -I/opt/homebrew/Cellar/harfbuzz/14.2.0/include/harfbuzz -I/opt/homebrew/opt/graphite2/include -I/opt/homebrew/Cellar/cairo/1.18.4/include -I/opt/homebrew/Cellar/cairo/1.18.4/include/cairo -I/opt/homebrew/Cellar/fontconfig/2.17.1/include -I/opt/homebrew/opt/freetype/include/freetype2 -I/opt/homebrew/Cellar/libxext/1.3.7/include -I/opt/homebrew/Cellar/xorgproto/2025.1/include -I/opt/homebrew/Cellar/libxrender/0.9.12/include -I/opt/homebrew/Cellar/libx11/1.8.13/include -I/opt/homebrew/Cellar/libxcb/1.17.0/include -I/opt/homebrew/Cellar/libxau/1.0.12/include -I/opt/homebrew/Cellar/libxdmcp/1.1.5/include -I/opt/homebrew/Cellar/pixman/0.46.4/include/pixman-1 -I/opt/homebrew/include/gdk-pixbuf-2.0 -I/opt/homebrew/opt/libpng/include/libpng16 -I/opt/homebrew/opt/libtiff/include -I/opt/homebrew/opt/zstd/include -I/opt/homebrew/Cellar/xz/5.8.3/include -I/opt/homebrew/opt/jpeg-turbo/include -I/opt/homebrew/Cellar/at-spi2-core/2.60.4/include/atk-1.0 -I/opt/homebrew/Cellar/libepoxy/1.5.10/include -I/opt/homebrew/Cellar/fribidi/1.0.16/include/fribidi -I/opt/homebrew/Cellar/glib/2.88.1/include/gio-unix-2.0 -I/opt/homebrew/Cellar/glib/2.88.1/include -I/Library/Developer/CommandLineTools/SDKs/MacOSX26.sdk/usr/include/ffi -I/opt/homebrew/Cellar/glib/2.88.1/include/glib-2.0 -I/opt/homebrew/Cellar/glib/2.88.1/lib/glib-2.0/include -I/opt/homebrew/opt/gettext/include -I/opt/homebrew/Cellar/pcre2/10.47_1/include conftest.c >&5
configure:10608: $? = 0
configure:10608: result: yes
configure:10608: checking for vfork.h
configure:10608: gcc -std=gnu23 -c -I/opt/homebrew/include -I/opt/homebrew/Cellar/gtk-mac-integration/3.0.2/include/gtkmacintegration -DMAC_INTEGRATION -I/opt/homebrew/Cellar/gtk+3/3.24.52/include/gtk-3.0 -I/opt/homebrew/Cellar/pango/1.57.1/include/pango-1.0 -I/opt/homebrew/Cellar/libthai/0.1.30/include -I/opt/homebrew/Cellar/libdatrie/0.2.14/include -I/opt/homebrew/Cellar/harfbuzz/14.2.0/include/harfbuzz -I/opt/homebrew/opt/graphite2/include -I/opt/homebrew/Cellar/cairo/1.18.4/include -I/opt/homebrew/Cellar/cairo/1.18.4/include/cairo -I/opt/homebrew/Cellar/fontconfig/2.17.1/include -I/opt/homebrew/opt/freetype/include/freetype2 -I/opt/homebrew/Cellar/libxext/1.3.7/include -I/opt/homebrew/Cellar/xorgproto/2025.1/include -I/opt/homebrew/Cellar/libxrender/0.9.12/include -I/opt/homebrew/Cellar/libx11/1.8.13/include -I/opt/homebrew/Cellar/libxcb/1.17.0/include -I/opt/homebrew/Cellar/libxau/1.0.12/include -I/opt/homebrew/Cellar/libxdmcp/1.1.5/include -I/opt/homebrew/Cellar/pixman/0.46.4/include/pixman-1 -I/opt/homebrew/include/gdk-pixbuf-2.0 -I/opt/homebrew/opt/libpng/include/libpng16 -I/opt/homebrew/opt/libtiff/include -I/opt/homebrew/opt/zstd/include -I/opt/homebrew/Cellar/xz/5.8.3/include -I/opt/homebrew/opt/jpeg-turbo/include -I/opt/homebrew/Cellar/at-spi2-core/2.60.4/include/atk-1.0 -I/opt/homebrew/Cellar/libepoxy/1.5.10/include -I/opt/homebrew/Cellar/fribidi/1.0.16/include/fribidi -I/opt/homebrew/Cellar/glib/2.88.1/include/gio-unix-2.0 -I/opt/homebrew/Cellar/glib/2.88.1/include -I/Library/Developer/CommandLineTools/SDKs/MacOSX26.sdk/usr/include/ffi -I/opt/homebrew/Cellar/glib/2.88.1/include/glib-2.0 -I/opt/homebrew/Cellar/glib/2.88.1/lib/glib-2.0/include -I/opt/homebrew/opt/gettext/include -I/opt/homebrew/Cellar/pcre2/10.47_1/include conftest.c >&5
conftest.c:47:10: fatal error: 'vfork.h' file not found
   47 | #include <vfork.h>
      |          ^~~~~~~~~
1 error generated.
configure:10608: $? = 1
configure: failed program was:
| /* confdefs.h */
| #define PACKAGE_NAME ""
| #define PACKAGE_TARNAME ""
| #define PACKAGE_VERSION ""
| #define PACKAGE_STRING ""
| #define PACKAGE_BUGREPORT ""
| #define PACKAGE_URL ""
| #define YYTEXT_POINTER 1
| #define HAVE_STDIO_H 1
| #define HAVE_STDLIB_H 1
| #define HAVE_STRING_H 1
| #define HAVE_INTTYPES_H 1
| #define HAVE_STDINT_H 1
| #define HAVE_STRINGS_H 1
| #define HAVE_SYS_STAT_H 1
| #define HAVE_SYS_TYPES_H 1
| #define HAVE_UNISTD_H 1
| /* end confdefs.h.  */
| #include <stddef.h>
| #ifdef HAVE_STDIO_H
| # include <stdio.h>
| #endif
| #ifdef HAVE_STDLIB_H
| # include <stdlib.h>
| #endif
| #ifdef HAVE_STRING_H
| # include <string.h>
| #endif
| #ifdef HAVE_INTTYPES_H
| # include <inttypes.h>
| #endif
| #ifdef HAVE_STDINT_H
| # include <stdint.h>
| #endif
| #ifdef HAVE_STRINGS_H
| # include <strings.h>
| #endif
| #ifdef HAVE_SYS_TYPES_H
| # include <sys/types.h>
| #endif
| #ifdef HAVE_SYS_STAT_H
| # include <sys/stat.h>
| #endif
| #ifdef HAVE_UNISTD_H
| # include <unistd.h>
| #endif
| #include <vfork.h>
configure:10608: result: no
configure:10608: checking for sys/param.h
configure:10608: gcc -std=gnu23 -c -I/opt/homebrew/include -I/opt/homebrew/Cellar/gtk-mac-integration/3.0.2/include/gtkmacintegration -DMAC_INTEGRATION -I/opt/homebrew/Cellar/gtk+3/3.24.52/include/gtk-3.0 -I/opt/homebrew/Cellar/pango/1.57.1/include/pango-1.0 -I/opt/homebrew/Cellar/libthai/0.1.30/include -I/opt/homebrew/Cellar/libdatrie/0.2.14/include -I/opt/homebrew/Cellar/harfbuzz/14.2.0/include/harfbuzz -I/opt/homebrew/opt/graphite2/include -I/opt/homebrew/Cellar/cairo/1.18.4/include -I/opt/homebrew/Cellar/cairo/1.18.4/include/cairo -I/opt/homebrew/Cellar/fontconfig/2.17.1/include -I/opt/homebrew/opt/freetype/include/freetype2 -I/opt/homebrew/Cellar/libxext/1.3.7/include -I/opt/homebrew/Cellar/xorgproto/2025.1/include -I/opt/homebrew/Cellar/libxrender/0.9.12/include -I/opt/homebrew/Cellar/libx11/1.8.13/include -I/opt/homebrew/Cellar/libxcb/1.17.0/include -I/opt/homebrew/Cellar/libxau/1.0.12/include -I/opt/homebrew/Cellar/libxdmcp/1.1.5/include -I/opt/homebrew/Cellar/pixman/0.46.4/include/pixman-1 -I/opt/homebrew/include/gdk-pixbuf-2.0 -I/opt/homebrew/opt/libpng/include/libpng16 -I/opt/homebrew/opt/libtiff/include -I/opt/homebrew/opt/zstd/include -I/opt/homebrew/Cellar/xz/5.8.3/include -I/opt/homebrew/opt/jpeg-turbo/include -I/opt/homebrew/Cellar/at-spi2-core/2.60.4/include/atk-1.0 -I/opt/homebrew/Cellar/libepoxy/1.5.10/include -I/opt/homebrew/Cellar/fribidi/1.0.16/include/fribidi -I/opt/homebrew/Cellar/glib/2.88.1/include/gio-unix-2.0 -I/opt/homebrew/Cellar/glib/2.88.1/include -I/Library/Developer/CommandLineTools/SDKs/MacOSX26.sdk/usr/include/ffi -I/opt/homebrew/Cellar/glib/2.88.1/include/glib-2.0 -I/opt/homebrew/Cellar/glib/2.88.1/lib/glib-2.0/include -I/opt/homebrew/opt/gettext/include -I/opt/homebrew/Cellar/pcre2/10.47_1/include conftest.c >&5
configure:10608: $? = 0
configure:10608: result: yes
configure:10608: checking for wchar.h
configure:10608: gcc -std=gnu23 -c -I/opt/homebrew/include -I/opt/homebrew/Cellar/gtk-mac-integration/3.0.2/include/gtkmacintegration -DMAC_INTEGRATION -I/opt/homebrew/Cellar/gtk+3/3.24.52/include/gtk-3.0 -I/opt/homebrew/Cellar/pango/1.57.1/include/pango-1.0 -I/opt/homebrew/Cellar/libthai/0.1.30/include -I/opt/homebrew/Cellar/libdatrie/0.2.14/include -I/opt/homebrew/Cellar/harfbuzz/14.2.0/include/harfbuzz -I/opt/homebrew/opt/graphite2/include -I/opt/homebrew/Cellar/cairo/1.18.4/include -I/opt/homebrew/Cellar/cairo/1.18.4/include/cairo -I/opt/homebrew/Cellar/fontconfig/2.17.1/include -I/opt/homebrew/opt/freetype/include/freetype2 -I/opt/homebrew/Cellar/libxext/1.3.7/include -I/opt/homebrew/Cellar/xorgproto/2025.1/include -I/opt/homebrew/Cellar/libxrender/0.9.12/include -I/opt/homebrew/Cellar/libx11/1.8.13/include -I/opt/homebrew/Cellar/libxcb/1.17.0/include -I/opt/homebrew/Cellar/libxau/1.0.12/include -I/opt/homebrew/Cellar/libxdmcp/1.1.5/include -I/opt/homebrew/Cellar/pixman/0.46.4/include/pixman-1 -I/opt/homebrew/include/gdk-pixbuf-2.0 -I/opt/homebrew/opt/libpng/include/libpng16 -I/opt/homebrew/opt/libtiff/include -I/opt/homebrew/opt/zstd/include -I/opt/homebrew/Cellar/xz/5.8.3/include -I/opt/homebrew/opt/jpeg-turbo/include -I/opt/homebrew/Cellar/at-spi2-core/2.60.4/include/atk-1.0 -I/opt/homebrew/Cellar/libepoxy/1.5.10/include -I/opt/homebrew/Cellar/fribidi/1.0.16/include/fribidi -I/opt/homebrew/Cellar/glib/2.88.1/include/gio-unix-2.0 -I/opt/homebrew/Cellar/glib/2.88.1/include -I/Library/Developer/CommandLineTools/SDKs/MacOSX26.sdk/usr/include/ffi -I/opt/homebrew/Cellar/glib/2.88.1/include/glib-2.0 -I/opt/homebrew/Cellar/glib/2.88.1/lib/glib-2.0/include -I/opt/homebrew/opt/gettext/include -I/opt/homebrew/Cellar/pcre2/10.47_1/include conftest.c >&5
configure:10608: $? = 0
configure:10608: result: yes
configure:10608: checking for minix/config.h
configure:10608: gcc -std=gnu23 -c -I/opt/homebrew/include -I/opt/homebrew/Cellar/gtk-mac-integration/3.0.2/include/gtkmacintegration -DMAC_INTEGRATION -I/opt/homebrew/Cellar/gtk+3/3.24.52/include/gtk-3.0 -I/opt/homebrew/Cellar/pango/1.57.1/include/pango-1.0 -I/opt/homebrew/Cellar/libthai/0.1.30/include -I/opt/homebrew/Cellar/libdatrie/0.2.14/include -I/opt/homebrew/Cellar/harfbuzz/14.2.0/include/harfbuzz -I/opt/homebrew/opt/graphite2/include -I/opt/homebrew/Cellar/cairo/1.18.4/include -I/opt/homebrew/Cellar/cairo/1.18.4/include/cairo -I/opt/homebrew/Cellar/fontconfig/2.17.1/include -I/opt/homebrew/opt/freetype/include/freetype2 -I/opt/homebrew/Cellar/libxext/1.3.7/include -I/opt/homebrew/Cellar/xorgproto/2025.1/include -I/opt/homebrew/Cellar/libxrender/0.9.12/include -I/opt/homebrew/Cellar/libx11/1.8.13/include -I/opt/homebrew/Cellar/libxcb/1.17.0/include -I/opt/homebrew/Cellar/libxau/1.0.12/include -I/opt/homebrew/Cellar/libxdmcp/1.1.5/include -I/opt/homebrew/Cellar/pixman/0.46.4/include/pixman-1 -I/opt/homebrew/include/gdk-pixbuf-2.0 -I/opt/homebrew/opt/libpng/include/libpng16 -I/opt/homebrew/opt/libtiff/include -I/opt/homebrew/opt/zstd/include -I/opt/homebrew/Cellar/xz/5.8.3/include -I/opt/homebrew/opt/jpeg-turbo/include -I/opt/homebrew/Cellar/at-spi2-core/2.60.4/include/atk-1.0 -I/opt/homebrew/Cellar/libepoxy/1.5.10/include -I/opt/homebrew/Cellar/fribidi/1.0.16/include/fribidi -I/opt/homebrew/Cellar/glib/2.88.1/include/gio-unix-2.0 -I/opt/homebrew/Cellar/glib/2.88.1/include -I/Library/Developer/CommandLineTools/SDKs/MacOSX26.sdk/usr/include/ffi -I/opt/homebrew/Cellar/glib/2.88.1/include/glib-2.0 -I/opt/homebrew/Cellar/glib/2.88.1/lib/glib-2.0/include -I/opt/homebrew/opt/gettext/include -I/opt/homebrew/Cellar/pcre2/10.47_1/include conftest.c >&5
conftest.c:49:10: fatal error: 'minix/config.h' file not found
   49 | #include <minix/config.h>
      |          ^~~~~~~~~~~~~~~~
1 error generated.
configure:10608: $? = 1
configure: failed program was:
| /* confdefs.h */
| #define PACKAGE_NAME ""
| #define PACKAGE_TARNAME ""
| #define PACKAGE_VERSION ""
| #define PACKAGE_STRING ""
| #define PACKAGE_BUGREPORT ""
| #define PACKAGE_URL ""
| #define YYTEXT_POINTER 1
| #define HAVE_STDIO_H 1
| #define HAVE_STDLIB_H 1
| #define HAVE_STRING_H 1
| #define HAVE_INTTYPES_H 1
| #define HAVE_STDINT_H 1
| #define HAVE_STRINGS_H 1
| #define HAVE_SYS_STAT_H 1
| #define HAVE_SYS_TYPES_H 1
| #define HAVE_UNISTD_H 1
| #define HAVE_SYS_PARAM_H 1
| #define HAVE_WCHAR_H 1
| /* end confdefs.h.  */
| #include <stddef.h>
| #ifdef HAVE_STDIO_H
| # include <stdio.h>
| #endif
| #ifdef HAVE_STDLIB_H
| # include <stdlib.h>
| #endif
| #ifdef HAVE_STRING_H
| # include <string.h>
| #endif
| #ifdef HAVE_INTTYPES_H
| # include <inttypes.h>
| #endif
| #ifdef HAVE_STDINT_H
| # include <stdint.h>
| #endif
| #ifdef HAVE_STRINGS_H
| # include <strings.h>
| #endif
| #ifdef HAVE_SYS_TYPES_H
| # include <sys/types.h>
| #endif
| #ifdef HAVE_SYS_STAT_H
| # include <sys/stat.h>
| #endif
| #ifdef HAVE_UNISTD_H
| # include <unistd.h>
| #endif
| #include <minix/config.h>
configure:10608: result: no
configure:10633: checking for dlfcn.h
configure:10633: gcc -std=gnu23 -c -I/opt/homebrew/include -I/opt/homebrew/Cellar/gtk-mac-integration/3.0.2/include/gtkmacintegration -DMAC_INTEGRATION -I/opt/homebrew/Cellar/gtk+3/3.24.52/include/gtk-3.0 -I/opt/homebrew/Cellar/pango/1.57.1/include/pango-1.0 -I/opt/homebrew/Cellar/libthai/0.1.30/include -I/opt/homebrew/Cellar/libdatrie/0.2.14/include -I/opt/homebrew/Cellar/harfbuzz/14.2.0/include/harfbuzz -I/opt/homebrew/opt/graphite2/include -I/opt/homebrew/Cellar/cairo/1.18.4/include -I/opt/homebrew/Cellar/cairo/1.18.4/include/cairo -I/opt/homebrew/Cellar/fontconfig/2.17.1/include -I/opt/homebrew/opt/freetype/include/freetype2 -I/opt/homebrew/Cellar/libxext/1.3.7/include -I/opt/homebrew/Cellar/xorgproto/2025.1/include -I/opt/homebrew/Cellar/libxrender/0.9.12/include -I/opt/homebrew/Cellar/libx11/1.8.13/include -I/opt/homebrew/Cellar/libxcb/1.17.0/include -I/opt/homebrew/Cellar/libxau/1.0.12/include -I/opt/homebrew/Cellar/libxdmcp/1.1.5/include -I/opt/homebrew/Cellar/pixman/0.46.4/include/pixman-1 -I/opt/homebrew/include/gdk-pixbuf-2.0 -I/opt/homebrew/opt/libpng/include/libpng16 -I/opt/homebrew/opt/libtiff/include -I/opt/homebrew/opt/zstd/include -I/opt/homebrew/Cellar/xz/5.8.3/include -I/opt/homebrew/opt/jpeg-turbo/include -I/opt/homebrew/Cellar/at-spi2-core/2.60.4/include/atk-1.0 -I/opt/homebrew/Cellar/libepoxy/1.5.10/include -I/opt/homebrew/Cellar/fribidi/1.0.16/include/fribidi -I/opt/homebrew/Cellar/glib/2.88.1/include/gio-unix-2.0 -I/opt/homebrew/Cellar/glib/2.88.1/include -I/Library/Developer/CommandLineTools/SDKs/MacOSX26.sdk/usr/include/ffi -I/opt/homebrew/Cellar/glib/2.88.1/include/glib-2.0 -I/opt/homebrew/Cellar/glib/2.88.1/lib/glib-2.0/include -I/opt/homebrew/opt/gettext/include -I/opt/homebrew/Cellar/pcre2/10.47_1/include conftest.c >&5
configure:10633: $? = 0
configure:10633: result: yes
configure:10898: checking for objdir
configure:10915: result: .libs
configure:11177: checking if gcc -std=gnu23 supports -fno-rtti -fno-exceptions
configure:11196: gcc -std=gnu23 -c -I/opt/homebrew/include -I/opt/homebrew/Cellar/gtk-mac-integration/3.0.2/include/gtkmacintegration -DMAC_INTEGRATION -I/opt/homebrew/Cellar/gtk+3/3.24.52/include/gtk-3.0 -I/opt/homebrew/Cellar/pango/1.57.1/include/pango-1.0 -I/opt/homebrew/Cellar/libthai/0.1.30/include -I/opt/homebrew/Cellar/libdatrie/0.2.14/include -I/opt/homebrew/Cellar/harfbuzz/14.2.0/include/harfbuzz -I/opt/homebrew/opt/graphite2/include -I/opt/homebrew/Cellar/cairo/1.18.4/include -I/opt/homebrew/Cellar/cairo/1.18.4/include/cairo -I/opt/homebrew/Cellar/fontconfig/2.17.1/include -I/opt/homebrew/opt/freetype/include/freetype2 -I/opt/homebrew/Cellar/libxext/1.3.7/include -I/opt/homebrew/Cellar/xorgproto/2025.1/include -I/opt/homebrew/Cellar/libxrender/0.9.12/include -I/opt/homebrew/Cellar/libx11/1.8.13/include -I/opt/homebrew/Cellar/libxcb/1.17.0/include -I/opt/homebrew/Cellar/libxau/1.0.12/include -I/opt/homebrew/Cellar/libxdmcp/1.1.5/include -I/opt/homebrew/Cellar/pixman/0.46.4/include/pixman-1 -I/opt/homebrew/include/gdk-pixbuf-2.0 -I/opt/homebrew/opt/libpng/include/libpng16 -I/opt/homebrew/opt/libtiff/include -I/opt/homebrew/opt/zstd/include -I/opt/homebrew/Cellar/xz/5.8.3/include -I/opt/homebrew/opt/jpeg-turbo/include -I/opt/homebrew/Cellar/at-spi2-core/2.60.4/include/atk-1.0 -I/opt/homebrew/Cellar/libepoxy/1.5.10/include -I/opt/homebrew/Cellar/fribidi/1.0.16/include/fribidi -I/opt/homebrew/Cellar/glib/2.88.1/include/gio-unix-2.0 -I/opt/homebrew/Cellar/glib/2.88.1/include -I/Library/Developer/CommandLineTools/SDKs/MacOSX26.sdk/usr/include/ffi -I/opt/homebrew/Cellar/glib/2.88.1/include/glib-2.0 -I/opt/homebrew/Cellar/glib/2.88.1/lib/glib-2.0/include -I/opt/homebrew/opt/gettext/include -I/opt/homebrew/Cellar/pcre2/10.47_1/include -fno-rtti -fno-exceptions conftest.c >&5
configure:11200: $? = 0
configure:11214: result: yes
configure:11572: checking for gcc -std=gnu23 option to produce PIC
configure:11581: result: -fno-common -DPIC
configure:11589: checking if gcc -std=gnu23 PIC flag -fno-common -DPIC works
configure:11608: gcc -std=gnu23 -c -I/opt/homebrew/include -I/opt/homebrew/Cellar/gtk-mac-integration/3.0.2/include/gtkmacintegration -DMAC_INTEGRATION -I/opt/homebrew/Cellar/gtk+3/3.24.52/include/gtk-3.0 -I/opt/homebrew/Cellar/pango/1.57.1/include/pango-1.0 -I/opt/homebrew/Cellar/libthai/0.1.30/include -I/opt/homebrew/Cellar/libdatrie/0.2.14/include -I/opt/homebrew/Cellar/harfbuzz/14.2.0/include/harfbuzz -I/opt/homebrew/opt/graphite2/include -I/opt/homebrew/Cellar/cairo/1.18.4/include -I/opt/homebrew/Cellar/cairo/1.18.4/include/cairo -I/opt/homebrew/Cellar/fontconfig/2.17.1/include -I/opt/homebrew/opt/freetype/include/freetype2 -I/opt/homebrew/Cellar/libxext/1.3.7/include -I/opt/homebrew/Cellar/xorgproto/2025.1/include -I/opt/homebrew/Cellar/libxrender/0.9.12/include -I/opt/homebrew/Cellar/libx11/1.8.13/include -I/opt/homebrew/Cellar/libxcb/1.17.0/include -I/opt/homebrew/Cellar/libxau/1.0.12/include -I/opt/homebrew/Cellar/libxdmcp/1.1.5/include -I/opt/homebrew/Cellar/pixman/0.46.4/include/pixman-1 -I/opt/homebrew/include/gdk-pixbuf-2.0 -I/opt/homebrew/opt/libpng/include/libpng16 -I/opt/homebrew/opt/libtiff/include -I/opt/homebrew/opt/zstd/include -I/opt/homebrew/Cellar/xz/5.8.3/include -I/opt/homebrew/opt/jpeg-turbo/include -I/opt/homebrew/Cellar/at-spi2-core/2.60.4/include/atk-1.0 -I/opt/homebrew/Cellar/libepoxy/1.5.10/include -I/opt/homebrew/Cellar/fribidi/1.0.16/include/fribidi -I/opt/homebrew/Cellar/glib/2.88.1/include/gio-unix-2.0 -I/opt/homebrew/Cellar/glib/2.88.1/include -I/Library/Developer/CommandLineTools/SDKs/MacOSX26.sdk/usr/include/ffi -I/opt/homebrew/Cellar/glib/2.88.1/include/glib-2.0 -I/opt/homebrew/Cellar/glib/2.88.1/lib/glib-2.0/include -I/opt/homebrew/opt/gettext/include -I/opt/homebrew/Cellar/pcre2/10.47_1/include -fno-common -DPIC -DPIC conftest.c >&5
configure:11612: $? = 0
configure:11626: result: yes
configure:11655: checking if gcc -std=gnu23 static flag -static works
configure:11685: result: no
configure:11700: checking if gcc -std=gnu23 supports -c -o file.o
configure:11722: gcc -std=gnu23 -c -I/opt/homebrew/include -I/opt/homebrew/Cellar/gtk-mac-integration/3.0.2/include/gtkmacintegration -DMAC_INTEGRATION -I/opt/homebrew/Cellar/gtk+3/3.24.52/include/gtk-3.0 -I/opt/homebrew/Cellar/pango/1.57.1/include/pango-1.0 -I/opt/homebrew/Cellar/libthai/0.1.30/include -I/opt/homebrew/Cellar/libdatrie/0.2.14/include -I/opt/homebrew/Cellar/harfbuzz/14.2.0/include/harfbuzz -I/opt/homebrew/opt/graphite2/include -I/opt/homebrew/Cellar/cairo/1.18.4/include -I/opt/homebrew/Cellar/cairo/1.18.4/include/cairo -I/opt/homebrew/Cellar/fontconfig/2.17.1/include -I/opt/homebrew/opt/freetype/include/freetype2 -I/opt/homebrew/Cellar/libxext/1.3.7/include -I/opt/homebrew/Cellar/xorgproto/2025.1/include -I/opt/homebrew/Cellar/libxrender/0.9.12/include -I/opt/homebrew/Cellar/libx11/1.8.13/include -I/opt/homebrew/Cellar/libxcb/1.17.0/include -I/opt/homebrew/Cellar/libxau/1.0.12/include -I/opt/homebrew/Cellar/libxdmcp/1.1.5/include -I/opt/homebrew/Cellar/pixman/0.46.4/include/pixman-1 -I/opt/homebrew/include/gdk-pixbuf-2.0 -I/opt/homebrew/opt/libpng/include/libpng16 -I/opt/homebrew/opt/libtiff/include -I/opt/homebrew/opt/zstd/include -I/opt/homebrew/Cellar/xz/5.8.3/include -I/opt/homebrew/opt/jpeg-turbo/include -I/opt/homebrew/Cellar/at-spi2-core/2.60.4/include/atk-1.0 -I/opt/homebrew/Cellar/libepoxy/1.5.10/include -I/opt/homebrew/Cellar/fribidi/1.0.16/include/fribidi -I/opt/homebrew/Cellar/glib/2.88.1/include/gio-unix-2.0 -I/opt/homebrew/Cellar/glib/2.88.1/include -I/Library/Developer/CommandLineTools/SDKs/MacOSX26.sdk/usr/include/ffi -I/opt/homebrew/Cellar/glib/2.88.1/include/glib-2.0 -I/opt/homebrew/Cellar/glib/2.88.1/lib/glib-2.0/include -I/opt/homebrew/opt/gettext/include -I/opt/homebrew/Cellar/pcre2/10.47_1/include -o out/conftest2.o conftest.c >&5
configure:11726: $? = 0
configure:11749: result: yes
configure:11757: checking if gcc -std=gnu23 supports -c -o file.o
configure:11806: result: yes
configure:11839: checking whether the gcc -std=gnu23 linker (/Library/Developer/CommandLineTools/usr/bin/ld) supports shared libraries
configure:13114: result: yes
configure:13356: checking dynamic linker characteristics
configure:14190: result: darwin25.5.0 dyld
configure:14312: checking how to hardcode library paths into programs
configure:14337: result: immediate
configure:14937: checking whether stripping libraries is possible
configure:14951: result: yes
configure:14977: checking if libtool supports shared libraries
configure:14979: result: yes
configure:14982: checking whether to build shared libraries
configure:15007: result: yes
configure:15010: checking whether to build static libraries
configure:15014: result: yes
configure:15054: checking for windres
configure:15090: result: no
configure:15105: checking for size_t
configure:15105: gcc -std=gnu23 -c -I/opt/homebrew/include -I/opt/homebrew/Cellar/gtk-mac-integration/3.0.2/include/gtkmacintegration -DMAC_INTEGRATION -I/opt/homebrew/Cellar/gtk+3/3.24.52/include/gtk-3.0 -I/opt/homebrew/Cellar/pango/1.57.1/include/pango-1.0 -I/opt/homebrew/Cellar/libthai/0.1.30/include -I/opt/homebrew/Cellar/libdatrie/0.2.14/include -I/opt/homebrew/Cellar/harfbuzz/14.2.0/include/harfbuzz -I/opt/homebrew/opt/graphite2/include -I/opt/homebrew/Cellar/cairo/1.18.4/include -I/opt/homebrew/Cellar/cairo/1.18.4/include/cairo -I/opt/homebrew/Cellar/fontconfig/2.17.1/include -I/opt/homebrew/opt/freetype/include/freetype2 -I/opt/homebrew/Cellar/libxext/1.3.7/include -I/opt/homebrew/Cellar/xorgproto/2025.1/include -I/opt/homebrew/Cellar/libxrender/0.9.12/include -I/opt/homebrew/Cellar/libx11/1.8.13/include -I/opt/homebrew/Cellar/libxcb/1.17.0/include -I/opt/homebrew/Cellar/libxau/1.0.12/include -I/opt/homebrew/Cellar/libxdmcp/1.1.5/include -I/opt/homebrew/Cellar/pixman/0.46.4/include/pixman-1 -I/opt/homebrew/include/gdk-pixbuf-2.0 -I/opt/homebrew/opt/libpng/include/libpng16 -I/opt/homebrew/opt/libtiff/include -I/opt/homebrew/opt/zstd/include -I/opt/homebrew/Cellar/xz/5.8.3/include -I/opt/homebrew/opt/jpeg-turbo/include -I/opt/homebrew/Cellar/at-spi2-core/2.60.4/include/atk-1.0 -I/opt/homebrew/Cellar/libepoxy/1.5.10/include -I/opt/homebrew/Cellar/fribidi/1.0.16/include/fribidi -I/opt/homebrew/Cellar/glib/2.88.1/include/gio-unix-2.0 -I/opt/homebrew/Cellar/glib/2.88.1/include -I/Library/Developer/CommandLineTools/SDKs/MacOSX26.sdk/usr/include/ffi -I/opt/homebrew/Cellar/glib/2.88.1/include/glib-2.0 -I/opt/homebrew/Cellar/glib/2.88.1/lib/glib-2.0/include -I/opt/homebrew/opt/gettext/include -I/opt/homebrew/Cellar/pcre2/10.47_1/include conftest.c >&5
configure:15105: $? = 0
configure:15105: gcc -std=gnu23 -c -I/opt/homebrew/include -I/opt/homebrew/Cellar/gtk-mac-integration/3.0.2/include/gtkmacintegration -DMAC_INTEGRATION -I/opt/homebrew/Cellar/gtk+3/3.24.52/include/gtk-3.0 -I/opt/homebrew/Cellar/pango/1.57.1/include/pango-1.0 -I/opt/homebrew/Cellar/libthai/0.1.30/include -I/opt/homebrew/Cellar/libdatrie/0.2.14/include -I/opt/homebrew/Cellar/harfbuzz/14.2.0/include/harfbuzz -I/opt/homebrew/opt/graphite2/include -I/opt/homebrew/Cellar/cairo/1.18.4/include -I/opt/homebrew/Cellar/cairo/1.18.4/include/cairo -I/opt/homebrew/Cellar/fontconfig/2.17.1/include -I/opt/homebrew/opt/freetype/include/freetype2 -I/opt/homebrew/Cellar/libxext/1.3.7/include -I/opt/homebrew/Cellar/xorgproto/2025.1/include -I/opt/homebrew/Cellar/libxrender/0.9.12/include -I/opt/homebrew/Cellar/libx11/1.8.13/include -I/opt/homebrew/Cellar/libxcb/1.17.0/include -I/opt/homebrew/Cellar/libxau/1.0.12/include -I/opt/homebrew/Cellar/libxdmcp/1.1.5/include -I/opt/homebrew/Cellar/pixman/0.46.4/include/pixman-1 -I/opt/homebrew/include/gdk-pixbuf-2.0 -I/opt/homebrew/opt/libpng/include/libpng16 -I/opt/homebrew/opt/libtiff/include -I/opt/homebrew/opt/zstd/include -I/opt/homebrew/Cellar/xz/5.8.3/include -I/opt/homebrew/opt/jpeg-turbo/include -I/opt/homebrew/Cellar/at-spi2-core/2.60.4/include/atk-1.0 -I/opt/homebrew/Cellar/libepoxy/1.5.10/include -I/opt/homebrew/Cellar/fribidi/1.0.16/include/fribidi -I/opt/homebrew/Cellar/glib/2.88.1/include/gio-unix-2.0 -I/opt/homebrew/Cellar/glib/2.88.1/include -I/Library/Developer/CommandLineTools/SDKs/MacOSX26.sdk/usr/include/ffi -I/opt/homebrew/Cellar/glib/2.88.1/include/glib-2.0 -I/opt/homebrew/Cellar/glib/2.88.1/lib/glib-2.0/include -I/opt/homebrew/opt/gettext/include -I/opt/homebrew/Cellar/pcre2/10.47_1/include conftest.c >&5
conftest.c:55:21: error: expected expression
   55 | if (sizeof ((size_t)))
      |                     ^
1 error generated.
configure:15105: $? = 1
configure: failed program was:
| /* confdefs.h */
| #define PACKAGE_NAME ""
| #define PACKAGE_TARNAME ""
| #define PACKAGE_VERSION ""
| #define PACKAGE_STRING ""
| #define PACKAGE_BUGREPORT ""
| #define PACKAGE_URL ""
| #define YYTEXT_POINTER 1
| #define HAVE_STDIO_H 1
| #define HAVE_STDLIB_H 1
| #define HAVE_STRING_H 1
| #define HAVE_INTTYPES_H 1
| #define HAVE_STDINT_H 1
| #define HAVE_STRINGS_H 1
| #define HAVE_SYS_STAT_H 1
| #define HAVE_SYS_TYPES_H 1
| #define HAVE_UNISTD_H 1
| #define HAVE_SYS_PARAM_H 1
| #define HAVE_WCHAR_H 1
| #define STDC_HEADERS 1
| #define HAVE_DLFCN_H 1
| #define LT_OBJDIR ".libs/"
| /* end confdefs.h.  */
| #include <stddef.h>
| #ifdef HAVE_STDIO_H
| # include <stdio.h>
| #endif
| #ifdef HAVE_STDLIB_H
| # include <stdlib.h>
| #endif
| #ifdef HAVE_STRING_H
| # include <string.h>
| #endif
| #ifdef HAVE_INTTYPES_H
| # include <inttypes.h>
| #endif
| #ifdef HAVE_STDINT_H
| # include <stdint.h>
| #endif
| #ifdef HAVE_STRINGS_H
| # include <strings.h>
| #endif
| #ifdef HAVE_SYS_TYPES_H
| # include <sys/types.h>
| #endif
| #ifdef HAVE_SYS_STAT_H
| # include <sys/stat.h>
| #endif
| #ifdef HAVE_UNISTD_H
| # include <unistd.h>
| #endif
| int
| main (void)
| {
| if (sizeof ((size_t)))
| 	    return 0;
|   ;
|   return 0;
| }
configure:15105: result: yes
configure:15118: checking for working alloca.h
configure:15136: gcc -std=gnu23 -o conftest -I/opt/homebrew/include -I/opt/homebrew/Cellar/gtk-mac-integration/3.0.2/include/gtkmacintegration -DMAC_INTEGRATION -I/opt/homebrew/Cellar/gtk+3/3.24.52/include/gtk-3.0 -I/opt/homebrew/Cellar/pango/1.57.1/include/pango-1.0 -I/opt/homebrew/Cellar/libthai/0.1.30/include -I/opt/homebrew/Cellar/libdatrie/0.2.14/include -I/opt/homebrew/Cellar/harfbuzz/14.2.0/include/harfbuzz -I/opt/homebrew/opt/graphite2/include -I/opt/homebrew/Cellar/cairo/1.18.4/include -I/opt/homebrew/Cellar/cairo/1.18.4/include/cairo -I/opt/homebrew/Cellar/fontconfig/2.17.1/include -I/opt/homebrew/opt/freetype/include/freetype2 -I/opt/homebrew/Cellar/libxext/1.3.7/include -I/opt/homebrew/Cellar/xorgproto/2025.1/include -I/opt/homebrew/Cellar/libxrender/0.9.12/include -I/opt/homebrew/Cellar/libx11/1.8.13/include -I/opt/homebrew/Cellar/libxcb/1.17.0/include -I/opt/homebrew/Cellar/libxau/1.0.12/include -I/opt/homebrew/Cellar/libxdmcp/1.1.5/include -I/opt/homebrew/Cellar/pixman/0.46.4/include/pixman-1 -I/opt/homebrew/include/gdk-pixbuf-2.0 -I/opt/homebrew/opt/libpng/include/libpng16 -I/opt/homebrew/opt/libtiff/include -I/opt/homebrew/opt/zstd/include -I/opt/homebrew/Cellar/xz/5.8.3/include -I/opt/homebrew/opt/jpeg-turbo/include -I/opt/homebrew/Cellar/at-spi2-core/2.60.4/include/atk-1.0 -I/opt/homebrew/Cellar/libepoxy/1.5.10/include -I/opt/homebrew/Cellar/fribidi/1.0.16/include/fribidi -I/opt/homebrew/Cellar/glib/2.88.1/include/gio-unix-2.0 -I/opt/homebrew/Cellar/glib/2.88.1/include -I/Library/Developer/CommandLineTools/SDKs/MacOSX26.sdk/usr/include/ffi -I/opt/homebrew/Cellar/glib/2.88.1/include/glib-2.0 -I/opt/homebrew/Cellar/glib/2.88.1/lib/glib-2.0/include -I/opt/homebrew/opt/gettext/include -I/opt/homebrew/Cellar/pcre2/10.47_1/include -L/opt/homebrew/Cellar/gtk-mac-integration/3.0.2/lib -lgtkmacintegration-gtk3 -L/opt/homebrew/Cellar/gtk+3/3.24.52/lib -lgtk-3 -lgdk-3 -Wl,-framework,Cocoa -Wl,-framework,Carbon -Wl,-framework,CoreGraphics -L/opt/homebrew/Cellar/pango/1.57.1/lib -lpangocairo-1.0 -lpango-1.0 -L/opt/homebrew/Cellar/harfbuzz/14.2.0/lib -lharfbuzz -L/opt/homebrew/Cellar/cairo/1.18.4/lib -lcairo-gobject -lcairo -L/opt/homebrew/lib -lgdk_pixbuf-2.0 -L/opt/homebrew/Cellar/at-spi2-core/2.60.4/lib -latk-1.0 -L/opt/homebrew/Cellar/glib/2.88.1/lib -lgio-2.0 -lgobject-2.0 -lglib-2.0 -L/opt/homebrew/opt/gettext/lib -lintl conftest.c  >&5
configure:15136: $? = 0
configure:15147: result: yes
configure:15155: checking for alloca
configure:15200: result: yes
configure:15272: checking for dirent.h that defines DIR
configure:15292: gcc -std=gnu23 -c -I/opt/homebrew/include -I/opt/homebrew/Cellar/gtk-mac-integration/3.0.2/include/gtkmacintegration -DMAC_INTEGRATION -I/opt/homebrew/Cellar/gtk+3/3.24.52/include/gtk-3.0 -I/opt/homebrew/Cellar/pango/1.57.1/include/pango-1.0 -I/opt/homebrew/Cellar/libthai/0.1.30/include -I/opt/homebrew/Cellar/libdatrie/0.2.14/include -I/opt/homebrew/Cellar/harfbuzz/14.2.0/include/harfbuzz -I/opt/homebrew/opt/graphite2/include -I/opt/homebrew/Cellar/cairo/1.18.4/include -I/opt/homebrew/Cellar/cairo/1.18.4/include/cairo -I/opt/homebrew/Cellar/fontconfig/2.17.1/include -I/opt/homebrew/opt/freetype/include/freetype2 -I/opt/homebrew/Cellar/libxext/1.3.7/include -I/opt/homebrew/Cellar/xorgproto/2025.1/include -I/opt/homebrew/Cellar/libxrender/0.9.12/include -I/opt/homebrew/Cellar/libx11/1.8.13/include -I/opt/homebrew/Cellar/libxcb/1.17.0/include -I/opt/homebrew/Cellar/libxau/1.0.12/include -I/opt/homebrew/Cellar/libxdmcp/1.1.5/include -I/opt/homebrew/Cellar/pixman/0.46.4/include/pixman-1 -I/opt/homebrew/include/gdk-pixbuf-2.0 -I/opt/homebrew/opt/libpng/include/libpng16 -I/opt/homebrew/opt/libtiff/include -I/opt/homebrew/opt/zstd/include -I/opt/homebrew/Cellar/xz/5.8.3/include -I/opt/homebrew/opt/jpeg-turbo/include -I/opt/homebrew/Cellar/at-spi2-core/2.60.4/include/atk-1.0 -I/opt/homebrew/Cellar/libepoxy/1.5.10/include -I/opt/homebrew/Cellar/fribidi/1.0.16/include/fribidi -I/opt/homebrew/Cellar/glib/2.88.1/include/gio-unix-2.0 -I/opt/homebrew/Cellar/glib/2.88.1/include -I/Library/Developer/CommandLineTools/SDKs/MacOSX26.sdk/usr/include/ffi -I/opt/homebrew/Cellar/glib/2.88.1/include/glib-2.0 -I/opt/homebrew/Cellar/glib/2.88.1/lib/glib-2.0/include -I/opt/homebrew/opt/gettext/include -I/opt/homebrew/Cellar/pcre2/10.47_1/include conftest.c >&5
configure:15292: $? = 0
configure:15303: result: yes
configure:15317: checking for library containing opendir
configure:15353: gcc -std=gnu23 -o conftest -I/opt/homebrew/include -I/opt/homebrew/Cellar/gtk-mac-integration/3.0.2/include/gtkmacintegration -DMAC_INTEGRATION -I/opt/homebrew/Cellar/gtk+3/3.24.52/include/gtk-3.0 -I/opt/homebrew/Cellar/pango/1.57.1/include/pango-1.0 -I/opt/homebrew/Cellar/libthai/0.1.30/include -I/opt/homebrew/Cellar/libdatrie/0.2.14/include -I/opt/homebrew/Cellar/harfbuzz/14.2.0/include/harfbuzz -I/opt/homebrew/opt/graphite2/include -I/opt/homebrew/Cellar/cairo/1.18.4/include -I/opt/homebrew/Cellar/cairo/1.18.4/include/cairo -I/opt/homebrew/Cellar/fontconfig/2.17.1/include -I/opt/homebrew/opt/freetype/include/freetype2 -I/opt/homebrew/Cellar/libxext/1.3.7/include -I/opt/homebrew/Cellar/xorgproto/2025.1/include -I/opt/homebrew/Cellar/libxrender/0.9.12/include -I/opt/homebrew/Cellar/libx11/1.8.13/include -I/opt/homebrew/Cellar/libxcb/1.17.0/include -I/opt/homebrew/Cellar/libxau/1.0.12/include -I/opt/homebrew/Cellar/libxdmcp/1.1.5/include -I/opt/homebrew/Cellar/pixman/0.46.4/include/pixman-1 -I/opt/homebrew/include/gdk-pixbuf-2.0 -I/opt/homebrew/opt/libpng/include/libpng16 -I/opt/homebrew/opt/libtiff/include -I/opt/homebrew/opt/zstd/include -I/opt/homebrew/Cellar/xz/5.8.3/include -I/opt/homebrew/opt/jpeg-turbo/include -I/opt/homebrew/Cellar/at-spi2-core/2.60.4/include/atk-1.0 -I/opt/homebrew/Cellar/libepoxy/1.5.10/include -I/opt/homebrew/Cellar/fribidi/1.0.16/include/fribidi -I/opt/homebrew/Cellar/glib/2.88.1/include/gio-unix-2.0 -I/opt/homebrew/Cellar/glib/2.88.1/include -I/Library/Developer/CommandLineTools/SDKs/MacOSX26.sdk/usr/include/ffi -I/opt/homebrew/Cellar/glib/2.88.1/include/glib-2.0 -I/opt/homebrew/Cellar/glib/2.88.1/lib/glib-2.0/include -I/opt/homebrew/opt/gettext/include -I/opt/homebrew/Cellar/pcre2/10.47_1/include -L/opt/homebrew/Cellar/gtk-mac-integration/3.0.2/lib -lgtkmacintegration-gtk3 -L/opt/homebrew/Cellar/gtk+3/3.24.52/lib -lgtk-3 -lgdk-3 -Wl,-framework,Cocoa -Wl,-framework,Carbon -Wl,-framework,CoreGraphics -L/opt/homebrew/Cellar/pango/1.57.1/lib -lpangocairo-1.0 -lpango-1.0 -L/opt/homebrew/Cellar/harfbuzz/14.2.0/lib -lharfbuzz -L/opt/homebrew/Cellar/cairo/1.18.4/lib -lcairo-gobject -lcairo -L/opt/homebrew/lib -lgdk_pixbuf-2.0 -L/opt/homebrew/Cellar/at-spi2-core/2.60.4/lib -latk-1.0 -L/opt/homebrew/Cellar/glib/2.88.1/lib -lgio-2.0 -lgobject-2.0 -lglib-2.0 -L/opt/homebrew/opt/gettext/lib -lintl conftest.c  >&5
configure:15353: $? = 0
configure:15375: result: none required
configure:15457: checking for egrep
configure:15527: result: /usr/bin/grep -E
configure:15535: checking for sys/wait.h that is POSIX.1 compatible
configure:15562: gcc -std=gnu23 -c -I/opt/homebrew/include -I/opt/homebrew/Cellar/gtk-mac-integration/3.0.2/include/gtkmacintegration -DMAC_INTEGRATION -I/opt/homebrew/Cellar/gtk+3/3.24.52/include/gtk-3.0 -I/opt/homebrew/Cellar/pango/1.57.1/include/pango-1.0 -I/opt/homebrew/Cellar/libthai/0.1.30/include -I/opt/homebrew/Cellar/libdatrie/0.2.14/include -I/opt/homebrew/Cellar/harfbuzz/14.2.0/include/harfbuzz -I/opt/homebrew/opt/graphite2/include -I/opt/homebrew/Cellar/cairo/1.18.4/include -I/opt/homebrew/Cellar/cairo/1.18.4/include/cairo -I/opt/homebrew/Cellar/fontconfig/2.17.1/include -I/opt/homebrew/opt/freetype/include/freetype2 -I/opt/homebrew/Cellar/libxext/1.3.7/include -I/opt/homebrew/Cellar/xorgproto/2025.1/include -I/opt/homebrew/Cellar/libxrender/0.9.12/include -I/opt/homebrew/Cellar/libx11/1.8.13/include -I/opt/homebrew/Cellar/libxcb/1.17.0/include -I/opt/homebrew/Cellar/libxau/1.0.12/include -I/opt/homebrew/Cellar/libxdmcp/1.1.5/include -I/opt/homebrew/Cellar/pixman/0.46.4/include/pixman-1 -I/opt/homebrew/include/gdk-pixbuf-2.0 -I/opt/homebrew/opt/libpng/include/libpng16 -I/opt/homebrew/opt/libtiff/include -I/opt/homebrew/opt/zstd/include -I/opt/homebrew/Cellar/xz/5.8.3/include -I/opt/homebrew/opt/jpeg-turbo/include -I/opt/homebrew/Cellar/at-spi2-core/2.60.4/include/atk-1.0 -I/opt/homebrew/Cellar/libepoxy/1.5.10/include -I/opt/homebrew/Cellar/fribidi/1.0.16/include/fribidi -I/opt/homebrew/Cellar/glib/2.88.1/include/gio-unix-2.0 -I/opt/homebrew/Cellar/glib/2.88.1/include -I/Library/Developer/CommandLineTools/SDKs/MacOSX26.sdk/usr/include/ffi -I/opt/homebrew/Cellar/glib/2.88.1/include/glib-2.0 -I/opt/homebrew/Cellar/glib/2.88.1/lib/glib-2.0/include -I/opt/homebrew/opt/gettext/include -I/opt/homebrew/Cellar/pcre2/10.47_1/include conftest.c >&5
configure:15562: $? = 0
configure:15572: result: yes
configure:15580: checking for argz.h
configure:15580: gcc -std=gnu23 -c -I/opt/homebrew/include -I/opt/homebrew/Cellar/gtk-mac-integration/3.0.2/include/gtkmacintegration -DMAC_INTEGRATION -I/opt/homebrew/Cellar/gtk+3/3.24.52/include/gtk-3.0 -I/opt/homebrew/Cellar/pango/1.57.1/include/pango-1.0 -I/opt/homebrew/Cellar/libthai/0.1.30/include -I/opt/homebrew/Cellar/libdatrie/0.2.14/include -I/opt/homebrew/Cellar/harfbuzz/14.2.0/include/harfbuzz -I/opt/homebrew/opt/graphite2/include -I/opt/homebrew/Cellar/cairo/1.18.4/include -I/opt/homebrew/Cellar/cairo/1.18.4/include/cairo -I/opt/homebrew/Cellar/fontconfig/2.17.1/include -I/opt/homebrew/opt/freetype/include/freetype2 -I/opt/homebrew/Cellar/libxext/1.3.7/include -I/opt/homebrew/Cellar/xorgproto/2025.1/include -I/opt/homebrew/Cellar/libxrender/0.9.12/include -I/opt/homebrew/Cellar/libx11/1.8.13/include -I/opt/homebrew/Cellar/libxcb/1.17.0/include -I/opt/homebrew/Cellar/libxau/1.0.12/include -I/opt/homebrew/Cellar/libxdmcp/1.1.5/include -I/opt/homebrew/Cellar/pixman/0.46.4/include/pixman-1 -I/opt/homebrew/include/gdk-pixbuf-2.0 -I/opt/homebrew/opt/libpng/include/libpng16 -I/opt/homebrew/opt/libtiff/include -I/opt/homebrew/opt/zstd/include -I/opt/homebrew/Cellar/xz/5.8.3/include -I/opt/homebrew/opt/jpeg-turbo/include -I/opt/homebrew/Cellar/at-spi2-core/2.60.4/include/atk-1.0 -I/opt/homebrew/Cellar/libepoxy/1.5.10/include -I/opt/homebrew/Cellar/fribidi/1.0.16/include/fribidi -I/opt/homebrew/Cellar/glib/2.88.1/include/gio-unix-2.0 -I/opt/homebrew/Cellar/glib/2.88.1/include -I/Library/Developer/CommandLineTools/SDKs/MacOSX26.sdk/usr/include/ffi -I/opt/homebrew/Cellar/glib/2.88.1/include/glib-2.0 -I/opt/homebrew/Cellar/glib/2.88.1/lib/glib-2.0/include -I/opt/homebrew/opt/gettext/include -I/opt/homebrew/Cellar/pcre2/10.47_1/include conftest.c >&5
conftest.c:56:10: fatal error: 'argz.h' file not found
   56 | #include <argz.h>
      |          ^~~~~~~~
1 error generated.
configure:15580: $? = 1
configure: failed program was:
| /* confdefs.h */
| #define PACKAGE_NAME ""
| #define PACKAGE_TARNAME ""
| #define PACKAGE_VERSION ""
| #define PACKAGE_STRING ""
| #define PACKAGE_BUGREPORT ""
| #define PACKAGE_URL ""
| #define YYTEXT_POINTER 1
| #define HAVE_STDIO_H 1
| #define HAVE_STDLIB_H 1
| #define HAVE_STRING_H 1
| #define HAVE_INTTYPES_H 1
| #define HAVE_STDINT_H 1
| #define HAVE_STRINGS_H 1
| #define HAVE_SYS_STAT_H 1
| #define HAVE_SYS_TYPES_H 1
| #define HAVE_UNISTD_H 1
| #define HAVE_SYS_PARAM_H 1
| #define HAVE_WCHAR_H 1
| #define STDC_HEADERS 1
| #define HAVE_DLFCN_H 1
| #define LT_OBJDIR ".libs/"
| #define HAVE_ALLOCA_H 1
| #define HAVE_ALLOCA 1
| #define HAVE_DIRENT_H 1
| #define HAVE_SYS_WAIT_H 1
| /* end confdefs.h.  */
| #include <stddef.h>
| #ifdef HAVE_STDIO_H
| # include <stdio.h>
| #endif
| #ifdef HAVE_STDLIB_H
| # include <stdlib.h>
| #endif
| #ifdef HAVE_STRING_H
| # include <string.h>
| #endif
| #ifdef HAVE_INTTYPES_H
| # include <inttypes.h>
| #endif
| #ifdef HAVE_STDINT_H
| # include <stdint.h>
| #endif
| #ifdef HAVE_STRINGS_H
| # include <strings.h>
| #endif
| #ifdef HAVE_SYS_TYPES_H
| # include <sys/types.h>
| #endif
| #ifdef HAVE_SYS_STAT_H
| # include <sys/stat.h>
| #endif
| #ifdef HAVE_UNISTD_H
| # include <unistd.h>
| #endif
| #include <argz.h>
configure:15580: result: no
configure:15586: checking for fcntl.h
configure:15586: gcc -std=gnu23 -c -I/opt/homebrew/include -I/opt/homebrew/Cellar/gtk-mac-integration/3.0.2/include/gtkmacintegration -DMAC_INTEGRATION -I/opt/homebrew/Cellar/gtk+3/3.24.52/include/gtk-3.0 -I/opt/homebrew/Cellar/pango/1.57.1/include/pango-1.0 -I/opt/homebrew/Cellar/libthai/0.1.30/include -I/opt/homebrew/Cellar/libdatrie/0.2.14/include -I/opt/homebrew/Cellar/harfbuzz/14.2.0/include/harfbuzz -I/opt/homebrew/opt/graphite2/include -I/opt/homebrew/Cellar/cairo/1.18.4/include -I/opt/homebrew/Cellar/cairo/1.18.4/include/cairo -I/opt/homebrew/Cellar/fontconfig/2.17.1/include -I/opt/homebrew/opt/freetype/include/freetype2 -I/opt/homebrew/Cellar/libxext/1.3.7/include -I/opt/homebrew/Cellar/xorgproto/2025.1/include -I/opt/homebrew/Cellar/libxrender/0.9.12/include -I/opt/homebrew/Cellar/libx11/1.8.13/include -I/opt/homebrew/Cellar/libxcb/1.17.0/include -I/opt/homebrew/Cellar/libxau/1.0.12/include -I/opt/homebrew/Cellar/libxdmcp/1.1.5/include -I/opt/homebrew/Cellar/pixman/0.46.4/include/pixman-1 -I/opt/homebrew/include/gdk-pixbuf-2.0 -I/opt/homebrew/opt/libpng/include/libpng16 -I/opt/homebrew/opt/libtiff/include -I/opt/homebrew/opt/zstd/include -I/opt/homebrew/Cellar/xz/5.8.3/include -I/opt/homebrew/opt/jpeg-turbo/include -I/opt/homebrew/Cellar/at-spi2-core/2.60.4/include/atk-1.0 -I/opt/homebrew/Cellar/libepoxy/1.5.10/include -I/opt/homebrew/Cellar/fribidi/1.0.16/include/fribidi -I/opt/homebrew/Cellar/glib/2.88.1/include/gio-unix-2.0 -I/opt/homebrew/Cellar/glib/2.88.1/include -I/Library/Developer/CommandLineTools/SDKs/MacOSX26.sdk/usr/include/ffi -I/opt/homebrew/Cellar/glib/2.88.1/include/glib-2.0 -I/opt/homebrew/Cellar/glib/2.88.1/lib/glib-2.0/include -I/opt/homebrew/opt/gettext/include -I/opt/homebrew/Cellar/pcre2/10.47_1/include conftest.c >&5
configure:15586: $? = 0
configure:15586: result: yes
configure:15592: checking for inttypes.h
configure:15592: result: yes
configure:15598: checking for langinfo.h
configure:15598: gcc -std=gnu23 -c -I/opt/homebrew/include -I/opt/homebrew/Cellar/gtk-mac-integration/3.0.2/include/gtkmacintegration -DMAC_INTEGRATION -I/opt/homebrew/Cellar/gtk+3/3.24.52/include/gtk-3.0 -I/opt/homebrew/Cellar/pango/1.57.1/include/pango-1.0 -I/opt/homebrew/Cellar/libthai/0.1.30/include -I/opt/homebrew/Cellar/libdatrie/0.2.14/include -I/opt/homebrew/Cellar/harfbuzz/14.2.0/include/harfbuzz -I/opt/homebrew/opt/graphite2/include -I/opt/homebrew/Cellar/cairo/1.18.4/include -I/opt/homebrew/Cellar/cairo/1.18.4/include/cairo -I/opt/homebrew/Cellar/fontconfig/2.17.1/include -I/opt/homebrew/opt/freetype/include/freetype2 -I/opt/homebrew/Cellar/libxext/1.3.7/include -I/opt/homebrew/Cellar/xorgproto/2025.1/include -I/opt/homebrew/Cellar/libxrender/0.9.12/include -I/opt/homebrew/Cellar/libx11/1.8.13/include -I/opt/homebrew/Cellar/libxcb/1.17.0/include -I/opt/homebrew/Cellar/libxau/1.0.12/include -I/opt/homebrew/Cellar/libxdmcp/1.1.5/include -I/opt/homebrew/Cellar/pixman/0.46.4/include/pixman-1 -I/opt/homebrew/include/gdk-pixbuf-2.0 -I/opt/homebrew/opt/libpng/include/libpng16 -I/opt/homebrew/opt/libtiff/include -I/opt/homebrew/opt/zstd/include -I/opt/homebrew/Cellar/xz/5.8.3/include -I/opt/homebrew/opt/jpeg-turbo/include -I/opt/homebrew/Cellar/at-spi2-core/2.60.4/include/atk-1.0 -I/opt/homebrew/Cellar/libepoxy/1.5.10/include -I/opt/homebrew/Cellar/fribidi/1.0.16/include/fribidi -I/opt/homebrew/Cellar/glib/2.88.1/include/gio-unix-2.0 -I/opt/homebrew/Cellar/glib/2.88.1/include -I/Library/Developer/CommandLineTools/SDKs/MacOSX26.sdk/usr/include/ffi -I/opt/homebrew/Cellar/glib/2.88.1/include/glib-2.0 -I/opt/homebrew/Cellar/glib/2.88.1/lib/glib-2.0/include -I/opt/homebrew/opt/gettext/include -I/opt/homebrew/Cellar/pcre2/10.47_1/include conftest.c >&5
configure:15598: $? = 0
configure:15598: result: yes
configure:15604: checking for libintl.h
configure:15604: gcc -std=gnu23 -c -I/opt/homebrew/include -I/opt/homebrew/Cellar/gtk-mac-integration/3.0.2/include/gtkmacintegration -DMAC_INTEGRATION -I/opt/homebrew/Cellar/gtk+3/3.24.52/include/gtk-3.0 -I/opt/homebrew/Cellar/pango/1.57.1/include/pango-1.0 -I/opt/homebrew/Cellar/libthai/0.1.30/include -I/opt/homebrew/Cellar/libdatrie/0.2.14/include -I/opt/homebrew/Cellar/harfbuzz/14.2.0/include/harfbuzz -I/opt/homebrew/opt/graphite2/include -I/opt/homebrew/Cellar/cairo/1.18.4/include -I/opt/homebrew/Cellar/cairo/1.18.4/include/cairo -I/opt/homebrew/Cellar/fontconfig/2.17.1/include -I/opt/homebrew/opt/freetype/include/freetype2 -I/opt/homebrew/Cellar/libxext/1.3.7/include -I/opt/homebrew/Cellar/xorgproto/2025.1/include -I/opt/homebrew/Cellar/libxrender/0.9.12/include -I/opt/homebrew/Cellar/libx11/1.8.13/include -I/opt/homebrew/Cellar/libxcb/1.17.0/include -I/opt/homebrew/Cellar/libxau/1.0.12/include -I/opt/homebrew/Cellar/libxdmcp/1.1.5/include -I/opt/homebrew/Cellar/pixman/0.46.4/include/pixman-1 -I/opt/homebrew/include/gdk-pixbuf-2.0 -I/opt/homebrew/opt/libpng/include/libpng16 -I/opt/homebrew/opt/libtiff/include -I/opt/homebrew/opt/zstd/include -I/opt/homebrew/Cellar/xz/5.8.3/include -I/opt/homebrew/opt/jpeg-turbo/include -I/opt/homebrew/Cellar/at-spi2-core/2.60.4/include/atk-1.0 -I/opt/homebrew/Cellar/libepoxy/1.5.10/include -I/opt/homebrew/Cellar/fribidi/1.0.16/include/fribidi -I/opt/homebrew/Cellar/glib/2.88.1/include/gio-unix-2.0 -I/opt/homebrew/Cellar/glib/2.88.1/include -I/Library/Developer/CommandLineTools/SDKs/MacOSX26.sdk/usr/include/ffi -I/opt/homebrew/Cellar/glib/2.88.1/include/glib-2.0 -I/opt/homebrew/Cellar/glib/2.88.1/lib/glib-2.0/include -I/opt/homebrew/opt/gettext/include -I/opt/homebrew/Cellar/pcre2/10.47_1/include conftest.c >&5
configure:15604: $? = 0
configure:15604: result: yes
configure:15610: checking for limits.h
configure:15610: gcc -std=gnu23 -c -I/opt/homebrew/include -I/opt/homebrew/Cellar/gtk-mac-integration/3.0.2/include/gtkmacintegration -DMAC_INTEGRATION -I/opt/homebrew/Cellar/gtk+3/3.24.52/include/gtk-3.0 -I/opt/homebrew/Cellar/pango/1.57.1/include/pango-1.0 -I/opt/homebrew/Cellar/libthai/0.1.30/include -I/opt/homebrew/Cellar/libdatrie/0.2.14/include -I/opt/homebrew/Cellar/harfbuzz/14.2.0/include/harfbuzz -I/opt/homebrew/opt/graphite2/include -I/opt/homebrew/Cellar/cairo/1.18.4/include -I/opt/homebrew/Cellar/cairo/1.18.4/include/cairo -I/opt/homebrew/Cellar/fontconfig/2.17.1/include -I/opt/homebrew/opt/freetype/include/freetype2 -I/opt/homebrew/Cellar/libxext/1.3.7/include -I/opt/homebrew/Cellar/xorgproto/2025.1/include -I/opt/homebrew/Cellar/libxrender/0.9.12/include -I/opt/homebrew/Cellar/libx11/1.8.13/include -I/opt/homebrew/Cellar/libxcb/1.17.0/include -I/opt/homebrew/Cellar/libxau/1.0.12/include -I/opt/homebrew/Cellar/libxdmcp/1.1.5/include -I/opt/homebrew/Cellar/pixman/0.46.4/include/pixman-1 -I/opt/homebrew/include/gdk-pixbuf-2.0 -I/opt/homebrew/opt/libpng/include/libpng16 -I/opt/homebrew/opt/libtiff/include -I/opt/homebrew/opt/zstd/include -I/opt/homebrew/Cellar/xz/5.8.3/include -I/opt/homebrew/opt/jpeg-turbo/include -I/opt/homebrew/Cellar/at-spi2-core/2.60.4/include/atk-1.0 -I/opt/homebrew/Cellar/libepoxy/1.5.10/include -I/opt/homebrew/Cellar/fribidi/1.0.16/include/fribidi -I/opt/homebrew/Cellar/glib/2.88.1/include/gio-unix-2.0 -I/opt/homebrew/Cellar/glib/2.88.1/include -I/Library/Developer/CommandLineTools/SDKs/MacOSX26.sdk/usr/include/ffi -I/opt/homebrew/Cellar/glib/2.88.1/include/glib-2.0 -I/opt/homebrew/Cellar/glib/2.88.1/lib/glib-2.0/include -I/opt/homebrew/opt/gettext/include -I/opt/homebrew/Cellar/pcre2/10.47_1/include conftest.c >&5
configure:15610: $? = 0
configure:15610: result: yes
configure:15616: checking for locale.h
configure:15616: gcc -std=gnu23 -c -I/opt/homebrew/include -I/opt/homebrew/Cellar/gtk-mac-integration/3.0.2/include/gtkmacintegration -DMAC_INTEGRATION -I/opt/homebrew/Cellar/gtk+3/3.24.52/include/gtk-3.0 -I/opt/homebrew/Cellar/pango/1.57.1/include/pango-1.0 -I/opt/homebrew/Cellar/libthai/0.1.30/include -I/opt/homebrew/Cellar/libdatrie/0.2.14/include -I/opt/homebrew/Cellar/harfbuzz/14.2.0/include/harfbuzz -I/opt/homebrew/opt/graphite2/include -I/opt/homebrew/Cellar/cairo/1.18.4/include -I/opt/homebrew/Cellar/cairo/1.18.4/include/cairo -I/opt/homebrew/Cellar/fontconfig/2.17.1/include -I/opt/homebrew/opt/freetype/include/freetype2 -I/opt/homebrew/Cellar/libxext/1.3.7/include -I/opt/homebrew/Cellar/xorgproto/2025.1/include -I/opt/homebrew/Cellar/libxrender/0.9.12/include -I/opt/homebrew/Cellar/libx11/1.8.13/include -I/opt/homebrew/Cellar/libxcb/1.17.0/include -I/opt/homebrew/Cellar/libxau/1.0.12/include -I/opt/homebrew/Cellar/libxdmcp/1.1.5/include -I/opt/homebrew/Cellar/pixman/0.46.4/include/pixman-1 -I/opt/homebrew/include/gdk-pixbuf-2.0 -I/opt/homebrew/opt/libpng/include/libpng16 -I/opt/homebrew/opt/libtiff/include -I/opt/homebrew/opt/zstd/include -I/opt/homebrew/Cellar/xz/5.8.3/include -I/opt/homebrew/opt/jpeg-turbo/include -I/opt/homebrew/Cellar/at-spi2-core/2.60.4/include/atk-1.0 -I/opt/homebrew/Cellar/libepoxy/1.5.10/include -I/opt/homebrew/Cellar/fribidi/1.0.16/include/fribidi -I/opt/homebrew/Cellar/glib/2.88.1/include/gio-unix-2.0 -I/opt/homebrew/Cellar/glib/2.88.1/include -I/Library/Developer/CommandLineTools/SDKs/MacOSX26.sdk/usr/include/ffi -I/opt/homebrew/Cellar/glib/2.88.1/include/glib-2.0 -I/opt/homebrew/Cellar/glib/2.88.1/lib/glib-2.0/include -I/opt/homebrew/opt/gettext/include -I/opt/homebrew/Cellar/pcre2/10.47_1/include conftest.c >&5
configure:15616: $? = 0
configure:15616: result: yes
configure:15622: checking for malloc.h
configure:15622: gcc -std=gnu23 -c -I/opt/homebrew/include -I/opt/homebrew/Cellar/gtk-mac-integration/3.0.2/include/gtkmacintegration -DMAC_INTEGRATION -I/opt/homebrew/Cellar/gtk+3/3.24.52/include/gtk-3.0 -I/opt/homebrew/Cellar/pango/1.57.1/include/pango-1.0 -I/opt/homebrew/Cellar/libthai/0.1.30/include -I/opt/homebrew/Cellar/libdatrie/0.2.14/include -I/opt/homebrew/Cellar/harfbuzz/14.2.0/include/harfbuzz -I/opt/homebrew/opt/graphite2/include -I/opt/homebrew/Cellar/cairo/1.18.4/include -I/opt/homebrew/Cellar/cairo/1.18.4/include/cairo -I/opt/homebrew/Cellar/fontconfig/2.17.1/include -I/opt/homebrew/opt/freetype/include/freetype2 -I/opt/homebrew/Cellar/libxext/1.3.7/include -I/opt/homebrew/Cellar/xorgproto/2025.1/include -I/opt/homebrew/Cellar/libxrender/0.9.12/include -I/opt/homebrew/Cellar/libx11/1.8.13/include -I/opt/homebrew/Cellar/libxcb/1.17.0/include -I/opt/homebrew/Cellar/libxau/1.0.12/include -I/opt/homebrew/Cellar/libxdmcp/1.1.5/include -I/opt/homebrew/Cellar/pixman/0.46.4/include/pixman-1 -I/opt/homebrew/include/gdk-pixbuf-2.0 -I/opt/homebrew/opt/libpng/include/libpng16 -I/opt/homebrew/opt/libtiff/include -I/opt/homebrew/opt/zstd/include -I/opt/homebrew/Cellar/xz/5.8.3/include -I/opt/homebrew/opt/jpeg-turbo/include -I/opt/homebrew/Cellar/at-spi2-core/2.60.4/include/atk-1.0 -I/opt/homebrew/Cellar/libepoxy/1.5.10/include -I/opt/homebrew/Cellar/fribidi/1.0.16/include/fribidi -I/opt/homebrew/Cellar/glib/2.88.1/include/gio-unix-2.0 -I/opt/homebrew/Cellar/glib/2.88.1/include -I/Library/Developer/CommandLineTools/SDKs/MacOSX26.sdk/usr/include/ffi -I/opt/homebrew/Cellar/glib/2.88.1/include/glib-2.0 -I/opt/homebrew/Cellar/glib/2.88.1/lib/glib-2.0/include -I/opt/homebrew/opt/gettext/include -I/opt/homebrew/Cellar/pcre2/10.47_1/include conftest.c >&5
conftest.c:62:10: fatal error: 'malloc.h' file not found
   62 | #include <malloc.h>
      |          ^~~~~~~~~~
1 error generated.
configure:15622: $? = 1
configure: failed program was:
| /* confdefs.h */
| #define PACKAGE_NAME ""
| #define PACKAGE_TARNAME ""
| #define PACKAGE_VERSION ""
| #define PACKAGE_STRING ""
| #define PACKAGE_BUGREPORT ""
| #define PACKAGE_URL ""
| #define YYTEXT_POINTER 1
| #define HAVE_STDIO_H 1
| #define HAVE_STDLIB_H 1
| #define HAVE_STRING_H 1
| #define HAVE_INTTYPES_H 1
| #define HAVE_STDINT_H 1
| #define HAVE_STRINGS_H 1
| #define HAVE_SYS_STAT_H 1
| #define HAVE_SYS_TYPES_H 1
| #define HAVE_UNISTD_H 1
| #define HAVE_SYS_PARAM_H 1
| #define HAVE_WCHAR_H 1
| #define STDC_HEADERS 1
| #define HAVE_DLFCN_H 1
| #define LT_OBJDIR ".libs/"
| #define HAVE_ALLOCA_H 1
| #define HAVE_ALLOCA 1
| #define HAVE_DIRENT_H 1
| #define HAVE_SYS_WAIT_H 1
| #define HAVE_FCNTL_H 1
| #define HAVE_INTTYPES_H 1
| #define HAVE_LANGINFO_H 1
| #define HAVE_LIBINTL_H 1
| #define HAVE_LIMITS_H 1
| #define HAVE_LOCALE_H 1
| /* end confdefs.h.  */
| #include <stddef.h>
| #ifdef HAVE_STDIO_H
| # include <stdio.h>
| #endif
| #ifdef HAVE_STDLIB_H
| # include <stdlib.h>
| #endif
| #ifdef HAVE_STRING_H
| # include <string.h>
| #endif
| #ifdef HAVE_INTTYPES_H
| # include <inttypes.h>
| #endif
| #ifdef HAVE_STDINT_H
| # include <stdint.h>
| #endif
| #ifdef HAVE_STRINGS_H
| # include <strings.h>
| #endif
| #ifdef HAVE_SYS_TYPES_H
| # include <sys/types.h>
| #endif
| #ifdef HAVE_SYS_STAT_H
| # include <sys/stat.h>
| #endif
| #ifdef HAVE_UNISTD_H
| # include <unistd.h>
| #endif
| #include <malloc.h>
configure:15622: result: no
configure:15628: checking for netdb.h
configure:15628: gcc -std=gnu23 -c -I/opt/homebrew/include -I/opt/homebrew/Cellar/gtk-mac-integration/3.0.2/include/gtkmacintegration -DMAC_INTEGRATION -I/opt/homebrew/Cellar/gtk+3/3.24.52/include/gtk-3.0 -I/opt/homebrew/Cellar/pango/1.57.1/include/pango-1.0 -I/opt/homebrew/Cellar/libthai/0.1.30/include -I/opt/homebrew/Cellar/libdatrie/0.2.14/include -I/opt/homebrew/Cellar/harfbuzz/14.2.0/include/harfbuzz -I/opt/homebrew/opt/graphite2/include -I/opt/homebrew/Cellar/cairo/1.18.4/include -I/opt/homebrew/Cellar/cairo/1.18.4/include/cairo -I/opt/homebrew/Cellar/fontconfig/2.17.1/include -I/opt/homebrew/opt/freetype/include/freetype2 -I/opt/homebrew/Cellar/libxext/1.3.7/include -I/opt/homebrew/Cellar/xorgproto/2025.1/include -I/opt/homebrew/Cellar/libxrender/0.9.12/include -I/opt/homebrew/Cellar/libx11/1.8.13/include -I/opt/homebrew/Cellar/libxcb/1.17.0/include -I/opt/homebrew/Cellar/libxau/1.0.12/include -I/opt/homebrew/Cellar/libxdmcp/1.1.5/include -I/opt/homebrew/Cellar/pixman/0.46.4/include/pixman-1 -I/opt/homebrew/include/gdk-pixbuf-2.0 -I/opt/homebrew/opt/libpng/include/libpng16 -I/opt/homebrew/opt/libtiff/include -I/opt/homebrew/opt/zstd/include -I/opt/homebrew/Cellar/xz/5.8.3/include -I/opt/homebrew/opt/jpeg-turbo/include -I/opt/homebrew/Cellar/at-spi2-core/2.60.4/include/atk-1.0 -I/opt/homebrew/Cellar/libepoxy/1.5.10/include -I/opt/homebrew/Cellar/fribidi/1.0.16/include/fribidi -I/opt/homebrew/Cellar/glib/2.88.1/include/gio-unix-2.0 -I/opt/homebrew/Cellar/glib/2.88.1/include -I/Library/Developer/CommandLineTools/SDKs/MacOSX26.sdk/usr/include/ffi -I/opt/homebrew/Cellar/glib/2.88.1/include/glib-2.0 -I/opt/homebrew/Cellar/glib/2.88.1/lib/glib-2.0/include -I/opt/homebrew/opt/gettext/include -I/opt/homebrew/Cellar/pcre2/10.47_1/include conftest.c >&5
configure:15628: $? = 0
configure:15628: result: yes
configure:15634: checking for netinet/in.h
configure:15634: gcc -std=gnu23 -c -I/opt/homebrew/include -I/opt/homebrew/Cellar/gtk-mac-integration/3.0.2/include/gtkmacintegration -DMAC_INTEGRATION -I/opt/homebrew/Cellar/gtk+3/3.24.52/include/gtk-3.0 -I/opt/homebrew/Cellar/pango/1.57.1/include/pango-1.0 -I/opt/homebrew/Cellar/libthai/0.1.30/include -I/opt/homebrew/Cellar/libdatrie/0.2.14/include -I/opt/homebrew/Cellar/harfbuzz/14.2.0/include/harfbuzz -I/opt/homebrew/opt/graphite2/include -I/opt/homebrew/Cellar/cairo/1.18.4/include -I/opt/homebrew/Cellar/cairo/1.18.4/include/cairo -I/opt/homebrew/Cellar/fontconfig/2.17.1/include -I/opt/homebrew/opt/freetype/include/freetype2 -I/opt/homebrew/Cellar/libxext/1.3.7/include -I/opt/homebrew/Cellar/xorgproto/2025.1/include -I/opt/homebrew/Cellar/libxrender/0.9.12/include -I/opt/homebrew/Cellar/libx11/1.8.13/include -I/opt/homebrew/Cellar/libxcb/1.17.0/include -I/opt/homebrew/Cellar/libxau/1.0.12/include -I/opt/homebrew/Cellar/libxdmcp/1.1.5/include -I/opt/homebrew/Cellar/pixman/0.46.4/include/pixman-1 -I/opt/homebrew/include/gdk-pixbuf-2.0 -I/opt/homebrew/opt/libpng/include/libpng16 -I/opt/homebrew/opt/libtiff/include -I/opt/homebrew/opt/zstd/include -I/opt/homebrew/Cellar/xz/5.8.3/include -I/opt/homebrew/opt/jpeg-turbo/include -I/opt/homebrew/Cellar/at-spi2-core/2.60.4/include/atk-1.0 -I/opt/homebrew/Cellar/libepoxy/1.5.10/include -I/opt/homebrew/Cellar/fribidi/1.0.16/include/fribidi -I/opt/homebrew/Cellar/glib/2.88.1/include/gio-unix-2.0 -I/opt/homebrew/Cellar/glib/2.88.1/include -I/Library/Developer/CommandLineTools/SDKs/MacOSX26.sdk/usr/include/ffi -I/opt/homebrew/Cellar/glib/2.88.1/include/glib-2.0 -I/opt/homebrew/Cellar/glib/2.88.1/lib/glib-2.0/include -I/opt/homebrew/opt/gettext/include -I/opt/homebrew/Cellar/pcre2/10.47_1/include conftest.c >&5
configure:15634: $? = 0
configure:15634: result: yes
configure:15640: checking for stddef.h
configure:15640: gcc -std=gnu23 -c -I/opt/homebrew/include -I/opt/homebrew/Cellar/gtk-mac-integration/3.0.2/include/gtkmacintegration -DMAC_INTEGRATION -I/opt/homebrew/Cellar/gtk+3/3.24.52/include/gtk-3.0 -I/opt/homebrew/Cellar/pango/1.57.1/include/pango-1.0 -I/opt/homebrew/Cellar/libthai/0.1.30/include -I/opt/homebrew/Cellar/libdatrie/0.2.14/include -I/opt/homebrew/Cellar/harfbuzz/14.2.0/include/harfbuzz -I/opt/homebrew/opt/graphite2/include -I/opt/homebrew/Cellar/cairo/1.18.4/include -I/opt/homebrew/Cellar/cairo/1.18.4/include/cairo -I/opt/homebrew/Cellar/fontconfig/2.17.1/include -I/opt/homebrew/opt/freetype/include/freetype2 -I/opt/homebrew/Cellar/libxext/1.3.7/include -I/opt/homebrew/Cellar/xorgproto/2025.1/include -I/opt/homebrew/Cellar/libxrender/0.9.12/include -I/opt/homebrew/Cellar/libx11/1.8.13/include -I/opt/homebrew/Cellar/libxcb/1.17.0/include -I/opt/homebrew/Cellar/libxau/1.0.12/include -I/opt/homebrew/Cellar/libxdmcp/1.1.5/include -I/opt/homebrew/Cellar/pixman/0.46.4/include/pixman-1 -I/opt/homebrew/include/gdk-pixbuf-2.0 -I/opt/homebrew/opt/libpng/include/libpng16 -I/opt/homebrew/opt/libtiff/include -I/opt/homebrew/opt/zstd/include -I/opt/homebrew/Cellar/xz/5.8.3/include -I/opt/homebrew/opt/jpeg-turbo/include -I/opt/homebrew/Cellar/at-spi2-core/2.60.4/include/atk-1.0 -I/opt/homebrew/Cellar/libepoxy/1.5.10/include -I/opt/homebrew/Cellar/fribidi/1.0.16/include/fribidi -I/opt/homebrew/Cellar/glib/2.88.1/include/gio-unix-2.0 -I/opt/homebrew/Cellar/glib/2.88.1/include -I/Library/Developer/CommandLineTools/SDKs/MacOSX26.sdk/usr/include/ffi -I/opt/homebrew/Cellar/glib/2.88.1/include/glib-2.0 -I/opt/homebrew/Cellar/glib/2.88.1/lib/glib-2.0/include -I/opt/homebrew/opt/gettext/include -I/opt/homebrew/Cellar/pcre2/10.47_1/include conftest.c >&5
configure:15640: $? = 0
configure:15640: result: yes
configure:15646: checking for stdint.h
configure:15646: result: yes
configure:15652: checking for stdio_ext.h
configure:15652: gcc -std=gnu23 -c -I/opt/homebrew/include -I/opt/homebrew/Cellar/gtk-mac-integration/3.0.2/include/gtkmacintegration -DMAC_INTEGRATION -I/opt/homebrew/Cellar/gtk+3/3.24.52/include/gtk-3.0 -I/opt/homebrew/Cellar/pango/1.57.1/include/pango-1.0 -I/opt/homebrew/Cellar/libthai/0.1.30/include -I/opt/homebrew/Cellar/libdatrie/0.2.14/include -I/opt/homebrew/Cellar/harfbuzz/14.2.0/include/harfbuzz -I/opt/homebrew/opt/graphite2/include -I/opt/homebrew/Cellar/cairo/1.18.4/include -I/opt/homebrew/Cellar/cairo/1.18.4/include/cairo -I/opt/homebrew/Cellar/fontconfig/2.17.1/include -I/opt/homebrew/opt/freetype/include/freetype2 -I/opt/homebrew/Cellar/libxext/1.3.7/include -I/opt/homebrew/Cellar/xorgproto/2025.1/include -I/opt/homebrew/Cellar/libxrender/0.9.12/include -I/opt/homebrew/Cellar/libx11/1.8.13/include -I/opt/homebrew/Cellar/libxcb/1.17.0/include -I/opt/homebrew/Cellar/libxau/1.0.12/include -I/opt/homebrew/Cellar/libxdmcp/1.1.5/include -I/opt/homebrew/Cellar/pixman/0.46.4/include/pixman-1 -I/opt/homebrew/include/gdk-pixbuf-2.0 -I/opt/homebrew/opt/libpng/include/libpng16 -I/opt/homebrew/opt/libtiff/include -I/opt/homebrew/opt/zstd/include -I/opt/homebrew/Cellar/xz/5.8.3/include -I/opt/homebrew/opt/jpeg-turbo/include -I/opt/homebrew/Cellar/at-spi2-core/2.60.4/include/atk-1.0 -I/opt/homebrew/Cellar/libepoxy/1.5.10/include -I/opt/homebrew/Cellar/fribidi/1.0.16/include/fribidi -I/opt/homebrew/Cellar/glib/2.88.1/include/gio-unix-2.0 -I/opt/homebrew/Cellar/glib/2.88.1/include -I/Library/Developer/CommandLineTools/SDKs/MacOSX26.sdk/usr/include/ffi -I/opt/homebrew/Cellar/glib/2.88.1/include/glib-2.0 -I/opt/homebrew/Cellar/glib/2.88.1/lib/glib-2.0/include -I/opt/homebrew/opt/gettext/include -I/opt/homebrew/Cellar/pcre2/10.47_1/include conftest.c >&5
conftest.c:66:10: fatal error: 'stdio_ext.h' file not found
   66 | #include <stdio_ext.h>
      |          ^~~~~~~~~~~~~
1 error generated.
configure:15652: $? = 1
configure: failed program was:
| /* confdefs.h */
| #define PACKAGE_NAME ""
| #define PACKAGE_TARNAME ""
| #define PACKAGE_VERSION ""
| #define PACKAGE_STRING ""
| #define PACKAGE_BUGREPORT ""
| #define PACKAGE_URL ""
| #define YYTEXT_POINTER 1
| #define HAVE_STDIO_H 1
| #define HAVE_STDLIB_H 1
| #define HAVE_STRING_H 1
| #define HAVE_INTTYPES_H 1
| #define HAVE_STDINT_H 1
| #define HAVE_STRINGS_H 1
| #define HAVE_SYS_STAT_H 1
| #define HAVE_SYS_TYPES_H 1
| #define HAVE_UNISTD_H 1
| #define HAVE_SYS_PARAM_H 1
| #define HAVE_WCHAR_H 1
| #define STDC_HEADERS 1
| #define HAVE_DLFCN_H 1
| #define LT_OBJDIR ".libs/"
| #define HAVE_ALLOCA_H 1
| #define HAVE_ALLOCA 1
| #define HAVE_DIRENT_H 1
| #define HAVE_SYS_WAIT_H 1
| #define HAVE_FCNTL_H 1
| #define HAVE_INTTYPES_H 1
| #define HAVE_LANGINFO_H 1
| #define HAVE_LIBINTL_H 1
| #define HAVE_LIMITS_H 1
| #define HAVE_LOCALE_H 1
| #define HAVE_NETDB_H 1
| #define HAVE_NETINET_IN_H 1
| #define HAVE_STDDEF_H 1
| #define HAVE_STDINT_H 1
| /* end confdefs.h.  */
| #include <stddef.h>
| #ifdef HAVE_STDIO_H
| # include <stdio.h>
| #endif
| #ifdef HAVE_STDLIB_H
| # include <stdlib.h>
| #endif
| #ifdef HAVE_STRING_H
| # include <string.h>
| #endif
| #ifdef HAVE_INTTYPES_H
| # include <inttypes.h>
| #endif
| #ifdef HAVE_STDINT_H
| # include <stdint.h>
| #endif
| #ifdef HAVE_STRINGS_H
| # include <strings.h>
| #endif
| #ifdef HAVE_SYS_TYPES_H
| # include <sys/types.h>
| #endif
| #ifdef HAVE_SYS_STAT_H
| # include <sys/stat.h>
| #endif
| #ifdef HAVE_UNISTD_H
| # include <unistd.h>
| #endif
| #include <stdio_ext.h>
configure:15652: result: no
configure:15658: checking for stdlib.h
configure:15658: result: yes
configure:15664: checking for string.h
configure:15664: result: yes
configure:15670: checking for strings.h
configure:15670: result: yes
configure:15676: checking for sys/param.h
configure:15676: result: yes
configure:15682: checking for sys/socket.h
configure:15682: gcc -std=gnu23 -c -I/opt/homebrew/include -I/opt/homebrew/Cellar/gtk-mac-integration/3.0.2/include/gtkmacintegration -DMAC_INTEGRATION -I/opt/homebrew/Cellar/gtk+3/3.24.52/include/gtk-3.0 -I/opt/homebrew/Cellar/pango/1.57.1/include/pango-1.0 -I/opt/homebrew/Cellar/libthai/0.1.30/include -I/opt/homebrew/Cellar/libdatrie/0.2.14/include -I/opt/homebrew/Cellar/harfbuzz/14.2.0/include/harfbuzz -I/opt/homebrew/opt/graphite2/include -I/opt/homebrew/Cellar/cairo/1.18.4/include -I/opt/homebrew/Cellar/cairo/1.18.4/include/cairo -I/opt/homebrew/Cellar/fontconfig/2.17.1/include -I/opt/homebrew/opt/freetype/include/freetype2 -I/opt/homebrew/Cellar/libxext/1.3.7/include -I/opt/homebrew/Cellar/xorgproto/2025.1/include -I/opt/homebrew/Cellar/libxrender/0.9.12/include -I/opt/homebrew/Cellar/libx11/1.8.13/include -I/opt/homebrew/Cellar/libxcb/1.17.0/include -I/opt/homebrew/Cellar/libxau/1.0.12/include -I/opt/homebrew/Cellar/libxdmcp/1.1.5/include -I/opt/homebrew/Cellar/pixman/0.46.4/include/pixman-1 -I/opt/homebrew/include/gdk-pixbuf-2.0 -I/opt/homebrew/opt/libpng/include/libpng16 -I/opt/homebrew/opt/libtiff/include -I/opt/homebrew/opt/zstd/include -I/opt/homebrew/Cellar/xz/5.8.3/include -I/opt/homebrew/opt/jpeg-turbo/include -I/opt/homebrew/Cellar/at-spi2-core/2.60.4/include/atk-1.0 -I/opt/homebrew/Cellar/libepoxy/1.5.10/include -I/opt/homebrew/Cellar/fribidi/1.0.16/include/fribidi -I/opt/homebrew/Cellar/glib/2.88.1/include/gio-unix-2.0 -I/opt/homebrew/Cellar/glib/2.88.1/include -I/Library/Developer/CommandLineTools/SDKs/MacOSX26.sdk/usr/include/ffi -I/opt/homebrew/Cellar/glib/2.88.1/include/glib-2.0 -I/opt/homebrew/Cellar/glib/2.88.1/lib/glib-2.0/include -I/opt/homebrew/opt/gettext/include -I/opt/homebrew/Cellar/pcre2/10.47_1/include conftest.c >&5
configure:15682: $? = 0
configure:15682: result: yes
configure:15688: checking for sys/utsname.h
configure:15688: gcc -std=gnu23 -c -I/opt/homebrew/include -I/opt/homebrew/Cellar/gtk-mac-integration/3.0.2/include/gtkmacintegration -DMAC_INTEGRATION -I/opt/homebrew/Cellar/gtk+3/3.24.52/include/gtk-3.0 -I/opt/homebrew/Cellar/pango/1.57.1/include/pango-1.0 -I/opt/homebrew/Cellar/libthai/0.1.30/include -I/opt/homebrew/Cellar/libdatrie/0.2.14/include -I/opt/homebrew/Cellar/harfbuzz/14.2.0/include/harfbuzz -I/opt/homebrew/opt/graphite2/include -I/opt/homebrew/Cellar/cairo/1.18.4/include -I/opt/homebrew/Cellar/cairo/1.18.4/include/cairo -I/opt/homebrew/Cellar/fontconfig/2.17.1/include -I/opt/homebrew/opt/freetype/include/freetype2 -I/opt/homebrew/Cellar/libxext/1.3.7/include -I/opt/homebrew/Cellar/xorgproto/2025.1/include -I/opt/homebrew/Cellar/libxrender/0.9.12/include -I/opt/homebrew/Cellar/libx11/1.8.13/include -I/opt/homebrew/Cellar/libxcb/1.17.0/include -I/opt/homebrew/Cellar/libxau/1.0.12/include -I/opt/homebrew/Cellar/libxdmcp/1.1.5/include -I/opt/homebrew/Cellar/pixman/0.46.4/include/pixman-1 -I/opt/homebrew/include/gdk-pixbuf-2.0 -I/opt/homebrew/opt/libpng/include/libpng16 -I/opt/homebrew/opt/libtiff/include -I/opt/homebrew/opt/zstd/include -I/opt/homebrew/Cellar/xz/5.8.3/include -I/opt/homebrew/opt/jpeg-turbo/include -I/opt/homebrew/Cellar/at-spi2-core/2.60.4/include/atk-1.0 -I/opt/homebrew/Cellar/libepoxy/1.5.10/include -I/opt/homebrew/Cellar/fribidi/1.0.16/include/fribidi -I/opt/homebrew/Cellar/glib/2.88.1/include/gio-unix-2.0 -I/opt/homebrew/Cellar/glib/2.88.1/include -I/Library/Developer/CommandLineTools/SDKs/MacOSX26.sdk/usr/include/ffi -I/opt/homebrew/Cellar/glib/2.88.1/include/glib-2.0 -I/opt/homebrew/Cellar/glib/2.88.1/lib/glib-2.0/include -I/opt/homebrew/opt/gettext/include -I/opt/homebrew/Cellar/pcre2/10.47_1/include conftest.c >&5
configure:15688: $? = 0
configure:15688: result: yes
configure:15694: checking for unistd.h
configure:15694: result: yes
configure:15703: checking for _Bool
configure:15703: gcc -std=gnu23 -c -I/opt/homebrew/include -I/opt/homebrew/Cellar/gtk-mac-integration/3.0.2/include/gtkmacintegration -DMAC_INTEGRATION -I/opt/homebrew/Cellar/gtk+3/3.24.52/include/gtk-3.0 -I/opt/homebrew/Cellar/pango/1.57.1/include/pango-1.0 -I/opt/homebrew/Cellar/libthai/0.1.30/include -I/opt/homebrew/Cellar/libdatrie/0.2.14/include -I/opt/homebrew/Cellar/harfbuzz/14.2.0/include/harfbuzz -I/opt/homebrew/opt/graphite2/include -I/opt/homebrew/Cellar/cairo/1.18.4/include -I/opt/homebrew/Cellar/cairo/1.18.4/include/cairo -I/opt/homebrew/Cellar/fontconfig/2.17.1/include -I/opt/homebrew/opt/freetype/include/freetype2 -I/opt/homebrew/Cellar/libxext/1.3.7/include -I/opt/homebrew/Cellar/xorgproto/2025.1/include -I/opt/homebrew/Cellar/libxrender/0.9.12/include -I/opt/homebrew/Cellar/libx11/1.8.13/include -I/opt/homebrew/Cellar/libxcb/1.17.0/include -I/opt/homebrew/Cellar/libxau/1.0.12/include -I/opt/homebrew/Cellar/libxdmcp/1.1.5/include -I/opt/homebrew/Cellar/pixman/0.46.4/include/pixman-1 -I/opt/homebrew/include/gdk-pixbuf-2.0 -I/opt/homebrew/opt/libpng/include/libpng16 -I/opt/homebrew/opt/libtiff/include -I/opt/homebrew/opt/zstd/include -I/opt/homebrew/Cellar/xz/5.8.3/include -I/opt/homebrew/opt/jpeg-turbo/include -I/opt/homebrew/Cellar/at-spi2-core/2.60.4/include/atk-1.0 -I/opt/homebrew/Cellar/libepoxy/1.5.10/include -I/opt/homebrew/Cellar/fribidi/1.0.16/include/fribidi -I/opt/homebrew/Cellar/glib/2.88.1/include/gio-unix-2.0 -I/opt/homebrew/Cellar/glib/2.88.1/include -I/Library/Developer/CommandLineTools/SDKs/MacOSX26.sdk/usr/include/ffi -I/opt/homebrew/Cellar/glib/2.88.1/include/glib-2.0 -I/opt/homebrew/Cellar/glib/2.88.1/lib/glib-2.0/include -I/opt/homebrew/opt/gettext/include -I/opt/homebrew/Cellar/pcre2/10.47_1/include conftest.c >&5
configure:15703: $? = 0
configure:15703: gcc -std=gnu23 -c -I/opt/homebrew/include -I/opt/homebrew/Cellar/gtk-mac-integration/3.0.2/include/gtkmacintegration -DMAC_INTEGRATION -I/opt/homebrew/Cellar/gtk+3/3.24.52/include/gtk-3.0 -I/opt/homebrew/Cellar/pango/1.57.1/include/pango-1.0 -I/opt/homebrew/Cellar/libthai/0.1.30/include -I/opt/homebrew/Cellar/libdatrie/0.2.14/include -I/opt/homebrew/Cellar/harfbuzz/14.2.0/include/harfbuzz -I/opt/homebrew/opt/graphite2/include -I/opt/homebrew/Cellar/cairo/1.18.4/include -I/opt/homebrew/Cellar/cairo/1.18.4/include/cairo -I/opt/homebrew/Cellar/fontconfig/2.17.1/include -I/opt/homebrew/opt/freetype/include/freetype2 -I/opt/homebrew/Cellar/libxext/1.3.7/include -I/opt/homebrew/Cellar/xorgproto/2025.1/include -I/opt/homebrew/Cellar/libxrender/0.9.12/include -I/opt/homebrew/Cellar/libx11/1.8.13/include -I/opt/homebrew/Cellar/libxcb/1.17.0/include -I/opt/homebrew/Cellar/libxau/1.0.12/include -I/opt/homebrew/Cellar/libxdmcp/1.1.5/include -I/opt/homebrew/Cellar/pixman/0.46.4/include/pixman-1 -I/opt/homebrew/include/gdk-pixbuf-2.0 -I/opt/homebrew/opt/libpng/include/libpng16 -I/opt/homebrew/opt/libtiff/include -I/opt/homebrew/opt/zstd/include -I/opt/homebrew/Cellar/xz/5.8.3/include -I/opt/homebrew/opt/jpeg-turbo/include -I/opt/homebrew/Cellar/at-spi2-core/2.60.4/include/atk-1.0 -I/opt/homebrew/Cellar/libepoxy/1.5.10/include -I/opt/homebrew/Cellar/fribidi/1.0.16/include/fribidi -I/opt/homebrew/Cellar/glib/2.88.1/include/gio-unix-2.0 -I/opt/homebrew/Cellar/glib/2.88.1/include -I/Library/Developer/CommandLineTools/SDKs/MacOSX26.sdk/usr/include/ffi -I/opt/homebrew/Cellar/glib/2.88.1/include/glib-2.0 -I/opt/homebrew/Cellar/glib/2.88.1/lib/glib-2.0/include -I/opt/homebrew/opt/gettext/include -I/opt/homebrew/Cellar/pcre2/10.47_1/include conftest.c >&5
conftest.c:76:20: error: expected expression
   76 | if (sizeof ((_Bool)))
      |                    ^
1 error generated.
configure:15703: $? = 1
configure: failed program was:
| /* confdefs.h */
| #define PACKAGE_NAME ""
| #define PACKAGE_TARNAME ""
| #define PACKAGE_VERSION ""
| #define PACKAGE_STRING ""
| #define PACKAGE_BUGREPORT ""
| #define PACKAGE_URL ""
| #define YYTEXT_POINTER 1
| #define HAVE_STDIO_H 1
| #define HAVE_STDLIB_H 1
| #define HAVE_STRING_H 1
| #define HAVE_INTTYPES_H 1
| #define HAVE_STDINT_H 1
| #define HAVE_STRINGS_H 1
| #define HAVE_SYS_STAT_H 1
| #define HAVE_SYS_TYPES_H 1
| #define HAVE_UNISTD_H 1
| #define HAVE_SYS_PARAM_H 1
| #define HAVE_WCHAR_H 1
| #define STDC_HEADERS 1
| #define HAVE_DLFCN_H 1
| #define LT_OBJDIR ".libs/"
| #define HAVE_ALLOCA_H 1
| #define HAVE_ALLOCA 1
| #define HAVE_DIRENT_H 1
| #define HAVE_SYS_WAIT_H 1
| #define HAVE_FCNTL_H 1
| #define HAVE_INTTYPES_H 1
| #define HAVE_LANGINFO_H 1
| #define HAVE_LIBINTL_H 1
| #define HAVE_LIMITS_H 1
| #define HAVE_LOCALE_H 1
| #define HAVE_NETDB_H 1
| #define HAVE_NETINET_IN_H 1
| #define HAVE_STDDEF_H 1
| #define HAVE_STDINT_H 1
| #define HAVE_STDLIB_H 1
| #define HAVE_STRING_H 1
| #define HAVE_STRINGS_H 1
| #define HAVE_SYS_PARAM_H 1
| #define HAVE_SYS_SOCKET_H 1
| #define HAVE_SYS_UTSNAME_H 1
| #define HAVE_UNISTD_H 1
| /* end confdefs.h.  */
| #include <stddef.h>
| #ifdef HAVE_STDIO_H
| # include <stdio.h>
| #endif
| #ifdef HAVE_STDLIB_H
| # include <stdlib.h>
| #endif
| #ifdef HAVE_STRING_H
| # include <string.h>
| #endif
| #ifdef HAVE_INTTYPES_H
| # include <inttypes.h>
| #endif
| #ifdef HAVE_STDINT_H
| # include <stdint.h>
| #endif
| #ifdef HAVE_STRINGS_H
| # include <strings.h>
| #endif
| #ifdef HAVE_SYS_TYPES_H
| # include <sys/types.h>
| #endif
| #ifdef HAVE_SYS_STAT_H
| # include <sys/stat.h>
| #endif
| #ifdef HAVE_UNISTD_H
| # include <unistd.h>
| #endif
| int
| main (void)
| {
| if (sizeof ((_Bool)))
| 	    return 0;
|   ;
|   return 0;
| }
configure:15703: result: yes
configure:15712: checking for stdbool.h that conforms to C99 or later
configure:15787: gcc -std=gnu23 -c -I/opt/homebrew/include -I/opt/homebrew/Cellar/gtk-mac-integration/3.0.2/include/gtkmacintegration -DMAC_INTEGRATION -I/opt/homebrew/Cellar/gtk+3/3.24.52/include/gtk-3.0 -I/opt/homebrew/Cellar/pango/1.57.1/include/pango-1.0 -I/opt/homebrew/Cellar/libthai/0.1.30/include -I/opt/homebrew/Cellar/libdatrie/0.2.14/include -I/opt/homebrew/Cellar/harfbuzz/14.2.0/include/harfbuzz -I/opt/homebrew/opt/graphite2/include -I/opt/homebrew/Cellar/cairo/1.18.4/include -I/opt/homebrew/Cellar/cairo/1.18.4/include/cairo -I/opt/homebrew/Cellar/fontconfig/2.17.1/include -I/opt/homebrew/opt/freetype/include/freetype2 -I/opt/homebrew/Cellar/libxext/1.3.7/include -I/opt/homebrew/Cellar/xorgproto/2025.1/include -I/opt/homebrew/Cellar/libxrender/0.9.12/include -I/opt/homebrew/Cellar/libx11/1.8.13/include -I/opt/homebrew/Cellar/libxcb/1.17.0/include -I/opt/homebrew/Cellar/libxau/1.0.12/include -I/opt/homebrew/Cellar/libxdmcp/1.1.5/include -I/opt/homebrew/Cellar/pixman/0.46.4/include/pixman-1 -I/opt/homebrew/include/gdk-pixbuf-2.0 -I/opt/homebrew/opt/libpng/include/libpng16 -I/opt/homebrew/opt/libtiff/include -I/opt/homebrew/opt/zstd/include -I/opt/homebrew/Cellar/xz/5.8.3/include -I/opt/homebrew/opt/jpeg-turbo/include -I/opt/homebrew/Cellar/at-spi2-core/2.60.4/include/atk-1.0 -I/opt/homebrew/Cellar/libepoxy/1.5.10/include -I/opt/homebrew/Cellar/fribidi/1.0.16/include/fribidi -I/opt/homebrew/Cellar/glib/2.88.1/include/gio-unix-2.0 -I/opt/homebrew/Cellar/glib/2.88.1/include -I/Library/Developer/CommandLineTools/SDKs/MacOSX26.sdk/usr/include/ffi -I/opt/homebrew/Cellar/glib/2.88.1/include/glib-2.0 -I/opt/homebrew/Cellar/glib/2.88.1/lib/glib-2.0/include -I/opt/homebrew/opt/gettext/include -I/opt/homebrew/Cellar/pcre2/10.47_1/include conftest.c >&5
conftest.c:100:25: warning: address of 's' will always evaluate to 'true' [-Wpointer-bool-conversion]
  100 |              bool ps = &s;
      |                   ~~    ^
conftest.c:107:40: warning: address of array 'o' will always evaluate to 'true' [-Wpointer-bool-conversion]
  107 |                      + !l + !m + !n + !o + !p + !pp + !ps);
      |                                       ~^
conftest.c:107:35: warning: address of array 'n' will always evaluate to 'true' [-Wpointer-bool-conversion]
  107 |                      + !l + !m + !n + !o + !p + !pp + !ps);
      |                                  ~^
conftest.c:107:30: warning: address of array 'm' will always evaluate to 'true' [-Wpointer-bool-conversion]
  107 |                      + !l + !m + !n + !o + !p + !pp + !ps);
      |                             ~^
conftest.c:107:25: warning: address of array 'l' will always evaluate to 'true' [-Wpointer-bool-conversion]
  107 |                      + !l + !m + !n + !o + !p + !pp + !ps);
      |                        ~^
conftest.c:106:68: warning: address of array 'k' will always evaluate to 'true' [-Wpointer-bool-conversion]
  106 |              return (!b + !c + !d + !e + !f + !g + !h + !i + !j + !k
      |                                                                   ~^
conftest.c:106:63: warning: address of array 'j' will always evaluate to 'true' [-Wpointer-bool-conversion]
  106 |              return (!b + !c + !d + !e + !f + !g + !h + !i + !j + !k
      |                                                              ~^
conftest.c:106:58: warning: address of array 'i' will always evaluate to 'true' [-Wpointer-bool-conversion]
  106 |              return (!b + !c + !d + !e + !f + !g + !h + !i + !j + !k
      |                                                         ~^
conftest.c:106:33: warning: address of array 'd' will always evaluate to 'true' [-Wpointer-bool-conversion]
  106 |              return (!b + !c + !d + !e + !f + !g + !h + !i + !j + !k
      |                                ~^
conftest.c:106:28: warning: address of array 'c' will always evaluate to 'true' [-Wpointer-bool-conversion]
  106 |              return (!b + !c + !d + !e + !f + !g + !h + !i + !j + !k
      |                           ~^
conftest.c:106:23: warning: address of array 'b' will always evaluate to 'true' [-Wpointer-bool-conversion]
  106 |              return (!b + !c + !d + !e + !f + !g + !h + !i + !j + !k
      |                      ~^
11 warnings generated.
configure:15787: $? = 0
configure:15797: result: yes
configure:15806: checking for an ANSI C-conforming const
configure:15870: gcc -std=gnu23 -c -I/opt/homebrew/include -I/opt/homebrew/Cellar/gtk-mac-integration/3.0.2/include/gtkmacintegration -DMAC_INTEGRATION -I/opt/homebrew/Cellar/gtk+3/3.24.52/include/gtk-3.0 -I/opt/homebrew/Cellar/pango/1.57.1/include/pango-1.0 -I/opt/homebrew/Cellar/libthai/0.1.30/include -I/opt/homebrew/Cellar/libdatrie/0.2.14/include -I/opt/homebrew/Cellar/harfbuzz/14.2.0/include/harfbuzz -I/opt/homebrew/opt/graphite2/include -I/opt/homebrew/Cellar/cairo/1.18.4/include -I/opt/homebrew/Cellar/cairo/1.18.4/include/cairo -I/opt/homebrew/Cellar/fontconfig/2.17.1/include -I/opt/homebrew/opt/freetype/include/freetype2 -I/opt/homebrew/Cellar/libxext/1.3.7/include -I/opt/homebrew/Cellar/xorgproto/2025.1/include -I/opt/homebrew/Cellar/libxrender/0.9.12/include -I/opt/homebrew/Cellar/libx11/1.8.13/include -I/opt/homebrew/Cellar/libxcb/1.17.0/include -I/opt/homebrew/Cellar/libxau/1.0.12/include -I/opt/homebrew/Cellar/libxdmcp/1.1.5/include -I/opt/homebrew/Cellar/pixman/0.46.4/include/pixman-1 -I/opt/homebrew/include/gdk-pixbuf-2.0 -I/opt/homebrew/opt/libpng/include/libpng16 -I/opt/homebrew/opt/libtiff/include -I/opt/homebrew/opt/zstd/include -I/opt/homebrew/Cellar/xz/5.8.3/include -I/opt/homebrew/opt/jpeg-turbo/include -I/opt/homebrew/Cellar/at-spi2-core/2.60.4/include/atk-1.0 -I/opt/homebrew/Cellar/libepoxy/1.5.10/include -I/opt/homebrew/Cellar/fribidi/1.0.16/include/fribidi -I/opt/homebrew/Cellar/glib/2.88.1/include/gio-unix-2.0 -I/opt/homebrew/Cellar/glib/2.88.1/include -I/Library/Developer/CommandLineTools/SDKs/MacOSX26.sdk/usr/include/ffi -I/opt/homebrew/Cellar/glib/2.88.1/include/glib-2.0 -I/opt/homebrew/Cellar/glib/2.88.1/lib/glib-2.0/include -I/opt/homebrew/opt/gettext/include -I/opt/homebrew/Cellar/pcre2/10.47_1/include conftest.c >&5
configure:15870: $? = 0
configure:15880: result: yes
configure:15888: checking for inline
configure:15905: gcc -std=gnu23 -c -I/opt/homebrew/include -I/opt/homebrew/Cellar/gtk-mac-integration/3.0.2/include/gtkmacintegration -DMAC_INTEGRATION -I/opt/homebrew/Cellar/gtk+3/3.24.52/include/gtk-3.0 -I/opt/homebrew/Cellar/pango/1.57.1/include/pango-1.0 -I/opt/homebrew/Cellar/libthai/0.1.30/include -I/opt/homebrew/Cellar/libdatrie/0.2.14/include -I/opt/homebrew/Cellar/harfbuzz/14.2.0/include/harfbuzz -I/opt/homebrew/opt/graphite2/include -I/opt/homebrew/Cellar/cairo/1.18.4/include -I/opt/homebrew/Cellar/cairo/1.18.4/include/cairo -I/opt/homebrew/Cellar/fontconfig/2.17.1/include -I/opt/homebrew/opt/freetype/include/freetype2 -I/opt/homebrew/Cellar/libxext/1.3.7/include -I/opt/homebrew/Cellar/xorgproto/2025.1/include -I/opt/homebrew/Cellar/libxrender/0.9.12/include -I/opt/homebrew/Cellar/libx11/1.8.13/include -I/opt/homebrew/Cellar/libxcb/1.17.0/include -I/opt/homebrew/Cellar/libxau/1.0.12/include -I/opt/homebrew/Cellar/libxdmcp/1.1.5/include -I/opt/homebrew/Cellar/pixman/0.46.4/include/pixman-1 -I/opt/homebrew/include/gdk-pixbuf-2.0 -I/opt/homebrew/opt/libpng/include/libpng16 -I/opt/homebrew/opt/libtiff/include -I/opt/homebrew/opt/zstd/include -I/opt/homebrew/Cellar/xz/5.8.3/include -I/opt/homebrew/opt/jpeg-turbo/include -I/opt/homebrew/Cellar/at-spi2-core/2.60.4/include/atk-1.0 -I/opt/homebrew/Cellar/libepoxy/1.5.10/include -I/opt/homebrew/Cellar/fribidi/1.0.16/include/fribidi -I/opt/homebrew/Cellar/glib/2.88.1/include/gio-unix-2.0 -I/opt/homebrew/Cellar/glib/2.88.1/include -I/Library/Developer/CommandLineTools/SDKs/MacOSX26.sdk/usr/include/ffi -I/opt/homebrew/Cellar/glib/2.88.1/include/glib-2.0 -I/opt/homebrew/Cellar/glib/2.88.1/lib/glib-2.0/include -I/opt/homebrew/opt/gettext/include -I/opt/homebrew/Cellar/pcre2/10.47_1/include conftest.c >&5
configure:15905: $? = 0
configure:15915: result: inline
configure:15933: checking for mode_t
configure:15933: gcc -std=gnu23 -c -I/opt/homebrew/include -I/opt/homebrew/Cellar/gtk-mac-integration/3.0.2/include/gtkmacintegration -DMAC_INTEGRATION -I/opt/homebrew/Cellar/gtk+3/3.24.52/include/gtk-3.0 -I/opt/homebrew/Cellar/pango/1.57.1/include/pango-1.0 -I/opt/homebrew/Cellar/libthai/0.1.30/include -I/opt/homebrew/Cellar/libdatrie/0.2.14/include -I/opt/homebrew/Cellar/harfbuzz/14.2.0/include/harfbuzz -I/opt/homebrew/opt/graphite2/include -I/opt/homebrew/Cellar/cairo/1.18.4/include -I/opt/homebrew/Cellar/cairo/1.18.4/include/cairo -I/opt/homebrew/Cellar/fontconfig/2.17.1/include -I/opt/homebrew/opt/freetype/include/freetype2 -I/opt/homebrew/Cellar/libxext/1.3.7/include -I/opt/homebrew/Cellar/xorgproto/2025.1/include -I/opt/homebrew/Cellar/libxrender/0.9.12/include -I/opt/homebrew/Cellar/libx11/1.8.13/include -I/opt/homebrew/Cellar/libxcb/1.17.0/include -I/opt/homebrew/Cellar/libxau/1.0.12/include -I/opt/homebrew/Cellar/libxdmcp/1.1.5/include -I/opt/homebrew/Cellar/pixman/0.46.4/include/pixman-1 -I/opt/homebrew/include/gdk-pixbuf-2.0 -I/opt/homebrew/opt/libpng/include/libpng16 -I/opt/homebrew/opt/libtiff/include -I/opt/homebrew/opt/zstd/include -I/opt/homebrew/Cellar/xz/5.8.3/include -I/opt/homebrew/opt/jpeg-turbo/include -I/opt/homebrew/Cellar/at-spi2-core/2.60.4/include/atk-1.0 -I/opt/homebrew/Cellar/libepoxy/1.5.10/include -I/opt/homebrew/Cellar/fribidi/1.0.16/include/fribidi -I/opt/homebrew/Cellar/glib/2.88.1/include/gio-unix-2.0 -I/opt/homebrew/Cellar/glib/2.88.1/include -I/Library/Developer/CommandLineTools/SDKs/MacOSX26.sdk/usr/include/ffi -I/opt/homebrew/Cellar/glib/2.88.1/include/glib-2.0 -I/opt/homebrew/Cellar/glib/2.88.1/lib/glib-2.0/include -I/opt/homebrew/opt/gettext/include -I/opt/homebrew/Cellar/pcre2/10.47_1/include conftest.c >&5
configure:15933: $? = 0
configure:15933: gcc -std=gnu23 -c -I/opt/homebrew/include -I/opt/homebrew/Cellar/gtk-mac-integration/3.0.2/include/gtkmacintegration -DMAC_INTEGRATION -I/opt/homebrew/Cellar/gtk+3/3.24.52/include/gtk-3.0 -I/opt/homebrew/Cellar/pango/1.57.1/include/pango-1.0 -I/opt/homebrew/Cellar/libthai/0.1.30/include -I/opt/homebrew/Cellar/libdatrie/0.2.14/include -I/opt/homebrew/Cellar/harfbuzz/14.2.0/include/harfbuzz -I/opt/homebrew/opt/graphite2/include -I/opt/homebrew/Cellar/cairo/1.18.4/include -I/opt/homebrew/Cellar/cairo/1.18.4/include/cairo -I/opt/homebrew/Cellar/fontconfig/2.17.1/include -I/opt/homebrew/opt/freetype/include/freetype2 -I/opt/homebrew/Cellar/libxext/1.3.7/include -I/opt/homebrew/Cellar/xorgproto/2025.1/include -I/opt/homebrew/Cellar/libxrender/0.9.12/include -I/opt/homebrew/Cellar/libx11/1.8.13/include -I/opt/homebrew/Cellar/libxcb/1.17.0/include -I/opt/homebrew/Cellar/libxau/1.0.12/include -I/opt/homebrew/Cellar/libxdmcp/1.1.5/include -I/opt/homebrew/Cellar/pixman/0.46.4/include/pixman-1 -I/opt/homebrew/include/gdk-pixbuf-2.0 -I/opt/homebrew/opt/libpng/include/libpng16 -I/opt/homebrew/opt/libtiff/include -I/opt/homebrew/opt/zstd/include -I/opt/homebrew/Cellar/xz/5.8.3/include -I/opt/homebrew/opt/jpeg-turbo/include -I/opt/homebrew/Cellar/at-spi2-core/2.60.4/include/atk-1.0 -I/opt/homebrew/Cellar/libepoxy/1.5.10/include -I/opt/homebrew/Cellar/fribidi/1.0.16/include/fribidi -I/opt/homebrew/Cellar/glib/2.88.1/include/gio-unix-2.0 -I/opt/homebrew/Cellar/glib/2.88.1/include -I/Library/Developer/CommandLineTools/SDKs/MacOSX26.sdk/usr/include/ffi -I/opt/homebrew/Cellar/glib/2.88.1/include/glib-2.0 -I/opt/homebrew/Cellar/glib/2.88.1/lib/glib-2.0/include -I/opt/homebrew/opt/gettext/include -I/opt/homebrew/Cellar/pcre2/10.47_1/include conftest.c >&5
conftest.c:78:21: error: expected expression
   78 | if (sizeof ((mode_t)))
      |                     ^
1 error generated.
configure:15933: $? = 1
configure: failed program was:
| /* confdefs.h */
| #define PACKAGE_NAME ""
| #define PACKAGE_TARNAME ""
| #define PACKAGE_VERSION ""
| #define PACKAGE_STRING ""
| #define PACKAGE_BUGREPORT ""
| #define PACKAGE_URL ""
| #define YYTEXT_POINTER 1
| #define HAVE_STDIO_H 1
| #define HAVE_STDLIB_H 1
| #define HAVE_STRING_H 1
| #define HAVE_INTTYPES_H 1
| #define HAVE_STDINT_H 1
| #define HAVE_STRINGS_H 1
| #define HAVE_SYS_STAT_H 1
| #define HAVE_SYS_TYPES_H 1
| #define HAVE_UNISTD_H 1
| #define HAVE_SYS_PARAM_H 1
| #define HAVE_WCHAR_H 1
| #define STDC_HEADERS 1
| #define HAVE_DLFCN_H 1
| #define LT_OBJDIR ".libs/"
| #define HAVE_ALLOCA_H 1
| #define HAVE_ALLOCA 1
| #define HAVE_DIRENT_H 1
| #define HAVE_SYS_WAIT_H 1
| #define HAVE_FCNTL_H 1
| #define HAVE_INTTYPES_H 1
| #define HAVE_LANGINFO_H 1
| #define HAVE_LIBINTL_H 1
| #define HAVE_LIMITS_H 1
| #define HAVE_LOCALE_H 1
| #define HAVE_NETDB_H 1
| #define HAVE_NETINET_IN_H 1
| #define HAVE_STDDEF_H 1
| #define HAVE_STDINT_H 1
| #define HAVE_STDLIB_H 1
| #define HAVE_STRING_H 1
| #define HAVE_STRINGS_H 1
| #define HAVE_SYS_PARAM_H 1
| #define HAVE_SYS_SOCKET_H 1
| #define HAVE_SYS_UTSNAME_H 1
| #define HAVE_UNISTD_H 1
| #define HAVE__BOOL 1
| #define HAVE_STDBOOL_H 1
| /* end confdefs.h.  */
| #include <stddef.h>
| #ifdef HAVE_STDIO_H
| # include <stdio.h>
| #endif
| #ifdef HAVE_STDLIB_H
| # include <stdlib.h>
| #endif
| #ifdef HAVE_STRING_H
| # include <string.h>
| #endif
| #ifdef HAVE_INTTYPES_H
| # include <inttypes.h>
| #endif
| #ifdef HAVE_STDINT_H
| # include <stdint.h>
| #endif
| #ifdef HAVE_STRINGS_H
| # include <strings.h>
| #endif
| #ifdef HAVE_SYS_TYPES_H
| # include <sys/types.h>
| #endif
| #ifdef HAVE_SYS_STAT_H
| # include <sys/stat.h>
| #endif
| #ifdef HAVE_UNISTD_H
| # include <unistd.h>
| #endif
| int
| main (void)
| {
| if (sizeof ((mode_t)))
| 	    return 0;
|   ;
|   return 0;
| }
configure:15933: result: yes
configure:15944: checking for off_t
configure:15944: gcc -std=gnu23 -c -I/opt/homebrew/include -I/opt/homebrew/Cellar/gtk-mac-integration/3.0.2/include/gtkmacintegration -DMAC_INTEGRATION -I/opt/homebrew/Cellar/gtk+3/3.24.52/include/gtk-3.0 -I/opt/homebrew/Cellar/pango/1.57.1/include/pango-1.0 -I/opt/homebrew/Cellar/libthai/0.1.30/include -I/opt/homebrew/Cellar/libdatrie/0.2.14/include -I/opt/homebrew/Cellar/harfbuzz/14.2.0/include/harfbuzz -I/opt/homebrew/opt/graphite2/include -I/opt/homebrew/Cellar/cairo/1.18.4/include -I/opt/homebrew/Cellar/cairo/1.18.4/include/cairo -I/opt/homebrew/Cellar/fontconfig/2.17.1/include -I/opt/homebrew/opt/freetype/include/freetype2 -I/opt/homebrew/Cellar/libxext/1.3.7/include -I/opt/homebrew/Cellar/xorgproto/2025.1/include -I/opt/homebrew/Cellar/libxrender/0.9.12/include -I/opt/homebrew/Cellar/libx11/1.8.13/include -I/opt/homebrew/Cellar/libxcb/1.17.0/include -I/opt/homebrew/Cellar/libxau/1.0.12/include -I/opt/homebrew/Cellar/libxdmcp/1.1.5/include -I/opt/homebrew/Cellar/pixman/0.46.4/include/pixman-1 -I/opt/homebrew/include/gdk-pixbuf-2.0 -I/opt/homebrew/opt/libpng/include/libpng16 -I/opt/homebrew/opt/libtiff/include -I/opt/homebrew/opt/zstd/include -I/opt/homebrew/Cellar/xz/5.8.3/include -I/opt/homebrew/opt/jpeg-turbo/include -I/opt/homebrew/Cellar/at-spi2-core/2.60.4/include/atk-1.0 -I/opt/homebrew/Cellar/libepoxy/1.5.10/include -I/opt/homebrew/Cellar/fribidi/1.0.16/include/fribidi -I/opt/homebrew/Cellar/glib/2.88.1/include/gio-unix-2.0 -I/opt/homebrew/Cellar/glib/2.88.1/include -I/Library/Developer/CommandLineTools/SDKs/MacOSX26.sdk/usr/include/ffi -I/opt/homebrew/Cellar/glib/2.88.1/include/glib-2.0 -I/opt/homebrew/Cellar/glib/2.88.1/lib/glib-2.0/include -I/opt/homebrew/opt/gettext/include -I/opt/homebrew/Cellar/pcre2/10.47_1/include conftest.c >&5
configure:15944: $? = 0
configure:15944: gcc -std=gnu23 -c -I/opt/homebrew/include -I/opt/homebrew/Cellar/gtk-mac-integration/3.0.2/include/gtkmacintegration -DMAC_INTEGRATION -I/opt/homebrew/Cellar/gtk+3/3.24.52/include/gtk-3.0 -I/opt/homebrew/Cellar/pango/1.57.1/include/pango-1.0 -I/opt/homebrew/Cellar/libthai/0.1.30/include -I/opt/homebrew/Cellar/libdatrie/0.2.14/include -I/opt/homebrew/Cellar/harfbuzz/14.2.0/include/harfbuzz -I/opt/homebrew/opt/graphite2/include -I/opt/homebrew/Cellar/cairo/1.18.4/include -I/opt/homebrew/Cellar/cairo/1.18.4/include/cairo -I/opt/homebrew/Cellar/fontconfig/2.17.1/include -I/opt/homebrew/opt/freetype/include/freetype2 -I/opt/homebrew/Cellar/libxext/1.3.7/include -I/opt/homebrew/Cellar/xorgproto/2025.1/include -I/opt/homebrew/Cellar/libxrender/0.9.12/include -I/opt/homebrew/Cellar/libx11/1.8.13/include -I/opt/homebrew/Cellar/libxcb/1.17.0/include -I/opt/homebrew/Cellar/libxau/1.0.12/include -I/opt/homebrew/Cellar/libxdmcp/1.1.5/include -I/opt/homebrew/Cellar/pixman/0.46.4/include/pixman-1 -I/opt/homebrew/include/gdk-pixbuf-2.0 -I/opt/homebrew/opt/libpng/include/libpng16 -I/opt/homebrew/opt/libtiff/include -I/opt/homebrew/opt/zstd/include -I/opt/homebrew/Cellar/xz/5.8.3/include -I/opt/homebrew/opt/jpeg-turbo/include -I/opt/homebrew/Cellar/at-spi2-core/2.60.4/include/atk-1.0 -I/opt/homebrew/Cellar/libepoxy/1.5.10/include -I/opt/homebrew/Cellar/fribidi/1.0.16/include/fribidi -I/opt/homebrew/Cellar/glib/2.88.1/include/gio-unix-2.0 -I/opt/homebrew/Cellar/glib/2.88.1/include -I/Library/Developer/CommandLineTools/SDKs/MacOSX26.sdk/usr/include/ffi -I/opt/homebrew/Cellar/glib/2.88.1/include/glib-2.0 -I/opt/homebrew/Cellar/glib/2.88.1/lib/glib-2.0/include -I/opt/homebrew/opt/gettext/include -I/opt/homebrew/Cellar/pcre2/10.47_1/include conftest.c >&5
conftest.c:78:20: error: expected expression
   78 | if (sizeof ((off_t)))
      |                    ^
1 error generated.
configure:15944: $? = 1
configure: failed program was:
| /* confdefs.h */
| #define PACKAGE_NAME ""
| #define PACKAGE_TARNAME ""
| #define PACKAGE_VERSION ""
| #define PACKAGE_STRING ""
| #define PACKAGE_BUGREPORT ""
| #define PACKAGE_URL ""
| #define YYTEXT_POINTER 1
| #define HAVE_STDIO_H 1
| #define HAVE_STDLIB_H 1
| #define HAVE_STRING_H 1
| #define HAVE_INTTYPES_H 1
| #define HAVE_STDINT_H 1
| #define HAVE_STRINGS_H 1
| #define HAVE_SYS_STAT_H 1
| #define HAVE_SYS_TYPES_H 1
| #define HAVE_UNISTD_H 1
| #define HAVE_SYS_PARAM_H 1
| #define HAVE_WCHAR_H 1
| #define STDC_HEADERS 1
| #define HAVE_DLFCN_H 1
| #define LT_OBJDIR ".libs/"
| #define HAVE_ALLOCA_H 1
| #define HAVE_ALLOCA 1
| #define HAVE_DIRENT_H 1
| #define HAVE_SYS_WAIT_H 1
| #define HAVE_FCNTL_H 1
| #define HAVE_INTTYPES_H 1
| #define HAVE_LANGINFO_H 1
| #define HAVE_LIBINTL_H 1
| #define HAVE_LIMITS_H 1
| #define HAVE_LOCALE_H 1
| #define HAVE_NETDB_H 1
| #define HAVE_NETINET_IN_H 1
| #define HAVE_STDDEF_H 1
| #define HAVE_STDINT_H 1
| #define HAVE_STDLIB_H 1
| #define HAVE_STRING_H 1
| #define HAVE_STRINGS_H 1
| #define HAVE_SYS_PARAM_H 1
| #define HAVE_SYS_SOCKET_H 1
| #define HAVE_SYS_UTSNAME_H 1
| #define HAVE_UNISTD_H 1
| #define HAVE__BOOL 1
| #define HAVE_STDBOOL_H 1
| /* end confdefs.h.  */
| #include <stddef.h>
| #ifdef HAVE_STDIO_H
| # include <stdio.h>
| #endif
| #ifdef HAVE_STDLIB_H
| # include <stdlib.h>
| #endif
| #ifdef HAVE_STRING_H
| # include <string.h>
| #endif
| #ifdef HAVE_INTTYPES_H
| # include <inttypes.h>
| #endif
| #ifdef HAVE_STDINT_H
| # include <stdint.h>
| #endif
| #ifdef HAVE_STRINGS_H
| # include <strings.h>
| #endif
| #ifdef HAVE_SYS_TYPES_H
| # include <sys/types.h>
| #endif
| #ifdef HAVE_SYS_STAT_H
| # include <sys/stat.h>
| #endif
| #ifdef HAVE_UNISTD_H
| # include <unistd.h>
| #endif
| int
| main (void)
| {
| if (sizeof ((off_t)))
| 	    return 0;
|   ;
|   return 0;
| }
configure:15944: result: yes
configure:15956: checking for pid_t
configure:15956: gcc -std=gnu23 -c -I/opt/homebrew/include -I/opt/homebrew/Cellar/gtk-mac-integration/3.0.2/include/gtkmacintegration -DMAC_INTEGRATION -I/opt/homebrew/Cellar/gtk+3/3.24.52/include/gtk-3.0 -I/opt/homebrew/Cellar/pango/1.57.1/include/pango-1.0 -I/opt/homebrew/Cellar/libthai/0.1.30/include -I/opt/homebrew/Cellar/libdatrie/0.2.14/include -I/opt/homebrew/Cellar/harfbuzz/14.2.0/include/harfbuzz -I/opt/homebrew/opt/graphite2/include -I/opt/homebrew/Cellar/cairo/1.18.4/include -I/opt/homebrew/Cellar/cairo/1.18.4/include/cairo -I/opt/homebrew/Cellar/fontconfig/2.17.1/include -I/opt/homebrew/opt/freetype/include/freetype2 -I/opt/homebrew/Cellar/libxext/1.3.7/include -I/opt/homebrew/Cellar/xorgproto/2025.1/include -I/opt/homebrew/Cellar/libxrender/0.9.12/include -I/opt/homebrew/Cellar/libx11/1.8.13/include -I/opt/homebrew/Cellar/libxcb/1.17.0/include -I/opt/homebrew/Cellar/libxau/1.0.12/include -I/opt/homebrew/Cellar/libxdmcp/1.1.5/include -I/opt/homebrew/Cellar/pixman/0.46.4/include/pixman-1 -I/opt/homebrew/include/gdk-pixbuf-2.0 -I/opt/homebrew/opt/libpng/include/libpng16 -I/opt/homebrew/opt/libtiff/include -I/opt/homebrew/opt/zstd/include -I/opt/homebrew/Cellar/xz/5.8.3/include -I/opt/homebrew/opt/jpeg-turbo/include -I/opt/homebrew/Cellar/at-spi2-core/2.60.4/include/atk-1.0 -I/opt/homebrew/Cellar/libepoxy/1.5.10/include -I/opt/homebrew/Cellar/fribidi/1.0.16/include/fribidi -I/opt/homebrew/Cellar/glib/2.88.1/include/gio-unix-2.0 -I/opt/homebrew/Cellar/glib/2.88.1/include -I/Library/Developer/CommandLineTools/SDKs/MacOSX26.sdk/usr/include/ffi -I/opt/homebrew/Cellar/glib/2.88.1/include/glib-2.0 -I/opt/homebrew/Cellar/glib/2.88.1/lib/glib-2.0/include -I/opt/homebrew/opt/gettext/include -I/opt/homebrew/Cellar/pcre2/10.47_1/include conftest.c >&5
configure:15956: $? = 0
configure:15956: gcc -std=gnu23 -c -I/opt/homebrew/include -I/opt/homebrew/Cellar/gtk-mac-integration/3.0.2/include/gtkmacintegration -DMAC_INTEGRATION -I/opt/homebrew/Cellar/gtk+3/3.24.52/include/gtk-3.0 -I/opt/homebrew/Cellar/pango/1.57.1/include/pango-1.0 -I/opt/homebrew/Cellar/libthai/0.1.30/include -I/opt/homebrew/Cellar/libdatrie/0.2.14/include -I/opt/homebrew/Cellar/harfbuzz/14.2.0/include/harfbuzz -I/opt/homebrew/opt/graphite2/include -I/opt/homebrew/Cellar/cairo/1.18.4/include -I/opt/homebrew/Cellar/cairo/1.18.4/include/cairo -I/opt/homebrew/Cellar/fontconfig/2.17.1/include -I/opt/homebrew/opt/freetype/include/freetype2 -I/opt/homebrew/Cellar/libxext/1.3.7/include -I/opt/homebrew/Cellar/xorgproto/2025.1/include -I/opt/homebrew/Cellar/libxrender/0.9.12/include -I/opt/homebrew/Cellar/libx11/1.8.13/include -I/opt/homebrew/Cellar/libxcb/1.17.0/include -I/opt/homebrew/Cellar/libxau/1.0.12/include -I/opt/homebrew/Cellar/libxdmcp/1.1.5/include -I/opt/homebrew/Cellar/pixman/0.46.4/include/pixman-1 -I/opt/homebrew/include/gdk-pixbuf-2.0 -I/opt/homebrew/opt/libpng/include/libpng16 -I/opt/homebrew/opt/libtiff/include -I/opt/homebrew/opt/zstd/include -I/opt/homebrew/Cellar/xz/5.8.3/include -I/opt/homebrew/opt/jpeg-turbo/include -I/opt/homebrew/Cellar/at-spi2-core/2.60.4/include/atk-1.0 -I/opt/homebrew/Cellar/libepoxy/1.5.10/include -I/opt/homebrew/Cellar/fribidi/1.0.16/include/fribidi -I/opt/homebrew/Cellar/glib/2.88.1/include/gio-unix-2.0 -I/opt/homebrew/Cellar/glib/2.88.1/include -I/Library/Developer/CommandLineTools/SDKs/MacOSX26.sdk/usr/include/ffi -I/opt/homebrew/Cellar/glib/2.88.1/include/glib-2.0 -I/opt/homebrew/Cellar/glib/2.88.1/lib/glib-2.0/include -I/opt/homebrew/opt/gettext/include -I/opt/homebrew/Cellar/pcre2/10.47_1/include conftest.c >&5
conftest.c:79:20: error: expected expression
   79 | if (sizeof ((pid_t)))
      |                    ^
1 error generated.
configure:15956: $? = 1
configure: failed program was:
| /* confdefs.h */
| #define PACKAGE_NAME ""
| #define PACKAGE_TARNAME ""
| #define PACKAGE_VERSION ""
| #define PACKAGE_STRING ""
| #define PACKAGE_BUGREPORT ""
| #define PACKAGE_URL ""
| #define YYTEXT_POINTER 1
| #define HAVE_STDIO_H 1
| #define HAVE_STDLIB_H 1
| #define HAVE_STRING_H 1
| #define HAVE_INTTYPES_H 1
| #define HAVE_STDINT_H 1
| #define HAVE_STRINGS_H 1
| #define HAVE_SYS_STAT_H 1
| #define HAVE_SYS_TYPES_H 1
| #define HAVE_UNISTD_H 1
| #define HAVE_SYS_PARAM_H 1
| #define HAVE_WCHAR_H 1
| #define STDC_HEADERS 1
| #define HAVE_DLFCN_H 1
| #define LT_OBJDIR ".libs/"
| #define HAVE_ALLOCA_H 1
| #define HAVE_ALLOCA 1
| #define HAVE_DIRENT_H 1
| #define HAVE_SYS_WAIT_H 1
| #define HAVE_FCNTL_H 1
| #define HAVE_INTTYPES_H 1
| #define HAVE_LANGINFO_H 1
| #define HAVE_LIBINTL_H 1
| #define HAVE_LIMITS_H 1
| #define HAVE_LOCALE_H 1
| #define HAVE_NETDB_H 1
| #define HAVE_NETINET_IN_H 1
| #define HAVE_STDDEF_H 1
| #define HAVE_STDINT_H 1
| #define HAVE_STDLIB_H 1
| #define HAVE_STRING_H 1
| #define HAVE_STRINGS_H 1
| #define HAVE_SYS_PARAM_H 1
| #define HAVE_SYS_SOCKET_H 1
| #define HAVE_SYS_UTSNAME_H 1
| #define HAVE_UNISTD_H 1
| #define HAVE__BOOL 1
| #define HAVE_STDBOOL_H 1
| /* end confdefs.h.  */
| #include <stddef.h>
| #ifdef HAVE_STDIO_H
| # include <stdio.h>
| #endif
| #ifdef HAVE_STDLIB_H
| # include <stdlib.h>
| #endif
| #ifdef HAVE_STRING_H
| # include <string.h>
| #endif
| #ifdef HAVE_INTTYPES_H
| # include <inttypes.h>
| #endif
| #ifdef HAVE_STDINT_H
| # include <stdint.h>
| #endif
| #ifdef HAVE_STRINGS_H
| # include <strings.h>
| #endif
| #ifdef HAVE_SYS_TYPES_H
| # include <sys/types.h>
| #endif
| #ifdef HAVE_SYS_STAT_H
| # include <sys/stat.h>
| #endif
| #ifdef HAVE_UNISTD_H
| # include <unistd.h>
| #endif
| 
| int
| main (void)
| {
| if (sizeof ((pid_t)))
| 	    return 0;
|   ;
|   return 0;
| }
configure:15956: result: yes
configure:15994: checking for size_t
configure:15994: result: yes
configure:16005: checking whether struct tm is in sys/time.h or time.h
configure:16026: gcc -std=gnu23 -c -I/opt/homebrew/include -I/opt/homebrew/Cellar/gtk-mac-integration/3.0.2/include/gtkmacintegration -DMAC_INTEGRATION -I/opt/homebrew/Cellar/gtk+3/3.24.52/include/gtk-3.0 -I/opt/homebrew/Cellar/pango/1.57.1/include/pango-1.0 -I/opt/homebrew/Cellar/libthai/0.1.30/include -I/opt/homebrew/Cellar/libdatrie/0.2.14/include -I/opt/homebrew/Cellar/harfbuzz/14.2.0/include/harfbuzz -I/opt/homebrew/opt/graphite2/include -I/opt/homebrew/Cellar/cairo/1.18.4/include -I/opt/homebrew/Cellar/cairo/1.18.4/include/cairo -I/opt/homebrew/Cellar/fontconfig/2.17.1/include -I/opt/homebrew/opt/freetype/include/freetype2 -I/opt/homebrew/Cellar/libxext/1.3.7/include -I/opt/homebrew/Cellar/xorgproto/2025.1/include -I/opt/homebrew/Cellar/libxrender/0.9.12/include -I/opt/homebrew/Cellar/libx11/1.8.13/include -I/opt/homebrew/Cellar/libxcb/1.17.0/include -I/opt/homebrew/Cellar/libxau/1.0.12/include -I/opt/homebrew/Cellar/libxdmcp/1.1.5/include -I/opt/homebrew/Cellar/pixman/0.46.4/include/pixman-1 -I/opt/homebrew/include/gdk-pixbuf-2.0 -I/opt/homebrew/opt/libpng/include/libpng16 -I/opt/homebrew/opt/libtiff/include -I/opt/homebrew/opt/zstd/include -I/opt/homebrew/Cellar/xz/5.8.3/include -I/opt/homebrew/opt/jpeg-turbo/include -I/opt/homebrew/Cellar/at-spi2-core/2.60.4/include/atk-1.0 -I/opt/homebrew/Cellar/libepoxy/1.5.10/include -I/opt/homebrew/Cellar/fribidi/1.0.16/include/fribidi -I/opt/homebrew/Cellar/glib/2.88.1/include/gio-unix-2.0 -I/opt/homebrew/Cellar/glib/2.88.1/include -I/Library/Developer/CommandLineTools/SDKs/MacOSX26.sdk/usr/include/ffi -I/opt/homebrew/Cellar/glib/2.88.1/include/glib-2.0 -I/opt/homebrew/Cellar/glib/2.88.1/lib/glib-2.0/include -I/opt/homebrew/opt/gettext/include -I/opt/homebrew/Cellar/pcre2/10.47_1/include conftest.c >&5
configure:16026: $? = 0
configure:16036: result: time.h
configure:16044: checking for working volatile
configure:16064: gcc -std=gnu23 -c -I/opt/homebrew/include -I/opt/homebrew/Cellar/gtk-mac-integration/3.0.2/include/gtkmacintegration -DMAC_INTEGRATION -I/opt/homebrew/Cellar/gtk+3/3.24.52/include/gtk-3.0 -I/opt/homebrew/Cellar/pango/1.57.1/include/pango-1.0 -I/opt/homebrew/Cellar/libthai/0.1.30/include -I/opt/homebrew/Cellar/libdatrie/0.2.14/include -I/opt/homebrew/Cellar/harfbuzz/14.2.0/include/harfbuzz -I/opt/homebrew/opt/graphite2/include -I/opt/homebrew/Cellar/cairo/1.18.4/include -I/opt/homebrew/Cellar/cairo/1.18.4/include/cairo -I/opt/homebrew/Cellar/fontconfig/2.17.1/include -I/opt/homebrew/opt/freetype/include/freetype2 -I/opt/homebrew/Cellar/libxext/1.3.7/include -I/opt/homebrew/Cellar/xorgproto/2025.1/include -I/opt/homebrew/Cellar/libxrender/0.9.12/include -I/opt/homebrew/Cellar/libx11/1.8.13/include -I/opt/homebrew/Cellar/libxcb/1.17.0/include -I/opt/homebrew/Cellar/libxau/1.0.12/include -I/opt/homebrew/Cellar/libxdmcp/1.1.5/include -I/opt/homebrew/Cellar/pixman/0.46.4/include/pixman-1 -I/opt/homebrew/include/gdk-pixbuf-2.0 -I/opt/homebrew/opt/libpng/include/libpng16 -I/opt/homebrew/opt/libtiff/include -I/opt/homebrew/opt/zstd/include -I/opt/homebrew/Cellar/xz/5.8.3/include -I/opt/homebrew/opt/jpeg-turbo/include -I/opt/homebrew/Cellar/at-spi2-core/2.60.4/include/atk-1.0 -I/opt/homebrew/Cellar/libepoxy/1.5.10/include -I/opt/homebrew/Cellar/fribidi/1.0.16/include/fribidi -I/opt/homebrew/Cellar/glib/2.88.1/include/gio-unix-2.0 -I/opt/homebrew/Cellar/glib/2.88.1/include -I/Library/Developer/CommandLineTools/SDKs/MacOSX26.sdk/usr/include/ffi -I/opt/homebrew/Cellar/glib/2.88.1/include/glib-2.0 -I/opt/homebrew/Cellar/glib/2.88.1/lib/glib-2.0/include -I/opt/homebrew/opt/gettext/include -I/opt/homebrew/Cellar/pcre2/10.47_1/include conftest.c >&5
configure:16064: $? = 0
configure:16074: result: yes
configure:16084: checking whether closedir returns void
configure:16105: gcc -std=gnu23 -c -I/opt/homebrew/include -I/opt/homebrew/Cellar/gtk-mac-integration/3.0.2/include/gtkmacintegration -DMAC_INTEGRATION -I/opt/homebrew/Cellar/gtk+3/3.24.52/include/gtk-3.0 -I/opt/homebrew/Cellar/pango/1.57.1/include/pango-1.0 -I/opt/homebrew/Cellar/libthai/0.1.30/include -I/opt/homebrew/Cellar/libdatrie/0.2.14/include -I/opt/homebrew/Cellar/harfbuzz/14.2.0/include/harfbuzz -I/opt/homebrew/opt/graphite2/include -I/opt/homebrew/Cellar/cairo/1.18.4/include -I/opt/homebrew/Cellar/cairo/1.18.4/include/cairo -I/opt/homebrew/Cellar/fontconfig/2.17.1/include -I/opt/homebrew/opt/freetype/include/freetype2 -I/opt/homebrew/Cellar/libxext/1.3.7/include -I/opt/homebrew/Cellar/xorgproto/2025.1/include -I/opt/homebrew/Cellar/libxrender/0.9.12/include -I/opt/homebrew/Cellar/libx11/1.8.13/include -I/opt/homebrew/Cellar/libxcb/1.17.0/include -I/opt/homebrew/Cellar/libxau/1.0.12/include -I/opt/homebrew/Cellar/libxdmcp/1.1.5/include -I/opt/homebrew/Cellar/pixman/0.46.4/include/pixman-1 -I/opt/homebrew/include/gdk-pixbuf-2.0 -I/opt/homebrew/opt/libpng/include/libpng16 -I/opt/homebrew/opt/libtiff/include -I/opt/homebrew/opt/zstd/include -I/opt/homebrew/Cellar/xz/5.8.3/include -I/opt/homebrew/opt/jpeg-turbo/include -I/opt/homebrew/Cellar/at-spi2-core/2.60.4/include/atk-1.0 -I/opt/homebrew/Cellar/libepoxy/1.5.10/include -I/opt/homebrew/Cellar/fribidi/1.0.16/include/fribidi -I/opt/homebrew/Cellar/glib/2.88.1/include/gio-unix-2.0 -I/opt/homebrew/Cellar/glib/2.88.1/include -I/Library/Developer/CommandLineTools/SDKs/MacOSX26.sdk/usr/include/ffi -I/opt/homebrew/Cellar/glib/2.88.1/include/glib-2.0 -I/opt/homebrew/Cellar/glib/2.88.1/lib/glib-2.0/include -I/opt/homebrew/opt/gettext/include -I/opt/homebrew/Cellar/pcre2/10.47_1/include conftest.c >&5
configure:16105: $? = 0
configure:16115: result: no
configure:16128: checking for fork
configure:16128: gcc -std=gnu23 -o conftest -I/opt/homebrew/include -I/opt/homebrew/Cellar/gtk-mac-integration/3.0.2/include/gtkmacintegration -DMAC_INTEGRATION -I/opt/homebrew/Cellar/gtk+3/3.24.52/include/gtk-3.0 -I/opt/homebrew/Cellar/pango/1.57.1/include/pango-1.0 -I/opt/homebrew/Cellar/libthai/0.1.30/include -I/opt/homebrew/Cellar/libdatrie/0.2.14/include -I/opt/homebrew/Cellar/harfbuzz/14.2.0/include/harfbuzz -I/opt/homebrew/opt/graphite2/include -I/opt/homebrew/Cellar/cairo/1.18.4/include -I/opt/homebrew/Cellar/cairo/1.18.4/include/cairo -I/opt/homebrew/Cellar/fontconfig/2.17.1/include -I/opt/homebrew/opt/freetype/include/freetype2 -I/opt/homebrew/Cellar/libxext/1.3.7/include -I/opt/homebrew/Cellar/xorgproto/2025.1/include -I/opt/homebrew/Cellar/libxrender/0.9.12/include -I/opt/homebrew/Cellar/libx11/1.8.13/include -I/opt/homebrew/Cellar/libxcb/1.17.0/include -I/opt/homebrew/Cellar/libxau/1.0.12/include -I/opt/homebrew/Cellar/libxdmcp/1.1.5/include -I/opt/homebrew/Cellar/pixman/0.46.4/include/pixman-1 -I/opt/homebrew/include/gdk-pixbuf-2.0 -I/opt/homebrew/opt/libpng/include/libpng16 -I/opt/homebrew/opt/libtiff/include -I/opt/homebrew/opt/zstd/include -I/opt/homebrew/Cellar/xz/5.8.3/include -I/opt/homebrew/opt/jpeg-turbo/include -I/opt/homebrew/Cellar/at-spi2-core/2.60.4/include/atk-1.0 -I/opt/homebrew/Cellar/libepoxy/1.5.10/include -I/opt/homebrew/Cellar/fribidi/1.0.16/include/fribidi -I/opt/homebrew/Cellar/glib/2.88.1/include/gio-unix-2.0 -I/opt/homebrew/Cellar/glib/2.88.1/include -I/Library/Developer/CommandLineTools/SDKs/MacOSX26.sdk/usr/include/ffi -I/opt/homebrew/Cellar/glib/2.88.1/include/glib-2.0 -I/opt/homebrew/Cellar/glib/2.88.1/lib/glib-2.0/include -I/opt/homebrew/opt/gettext/include -I/opt/homebrew/Cellar/pcre2/10.47_1/include -L/opt/homebrew/Cellar/gtk-mac-integration/3.0.2/lib -lgtkmacintegration-gtk3 -L/opt/homebrew/Cellar/gtk+3/3.24.52/lib -lgtk-3 -lgdk-3 -Wl,-framework,Cocoa -Wl,-framework,Carbon -Wl,-framework,CoreGraphics -L/opt/homebrew/Cellar/pango/1.57.1/lib -lpangocairo-1.0 -lpango-1.0 -L/opt/homebrew/Cellar/harfbuzz/14.2.0/lib -lharfbuzz -L/opt/homebrew/Cellar/cairo/1.18.4/lib -lcairo-gobject -lcairo -L/opt/homebrew/lib -lgdk_pixbuf-2.0 -L/opt/homebrew/Cellar/at-spi2-core/2.60.4/lib -latk-1.0 -L/opt/homebrew/Cellar/glib/2.88.1/lib -lgio-2.0 -lgobject-2.0 -lglib-2.0 -L/opt/homebrew/opt/gettext/lib -lintl conftest.c  >&5
configure:16128: $? = 0
configure:16128: result: yes
configure:16128: checking for vfork
configure:16128: gcc -std=gnu23 -o conftest -I/opt/homebrew/include -I/opt/homebrew/Cellar/gtk-mac-integration/3.0.2/include/gtkmacintegration -DMAC_INTEGRATION -I/opt/homebrew/Cellar/gtk+3/3.24.52/include/gtk-3.0 -I/opt/homebrew/Cellar/pango/1.57.1/include/pango-1.0 -I/opt/homebrew/Cellar/libthai/0.1.30/include -I/opt/homebrew/Cellar/libdatrie/0.2.14/include -I/opt/homebrew/Cellar/harfbuzz/14.2.0/include/harfbuzz -I/opt/homebrew/opt/graphite2/include -I/opt/homebrew/Cellar/cairo/1.18.4/include -I/opt/homebrew/Cellar/cairo/1.18.4/include/cairo -I/opt/homebrew/Cellar/fontconfig/2.17.1/include -I/opt/homebrew/opt/freetype/include/freetype2 -I/opt/homebrew/Cellar/libxext/1.3.7/include -I/opt/homebrew/Cellar/xorgproto/2025.1/include -I/opt/homebrew/Cellar/libxrender/0.9.12/include -I/opt/homebrew/Cellar/libx11/1.8.13/include -I/opt/homebrew/Cellar/libxcb/1.17.0/include -I/opt/homebrew/Cellar/libxau/1.0.12/include -I/opt/homebrew/Cellar/libxdmcp/1.1.5/include -I/opt/homebrew/Cellar/pixman/0.46.4/include/pixman-1 -I/opt/homebrew/include/gdk-pixbuf-2.0 -I/opt/homebrew/opt/libpng/include/libpng16 -I/opt/homebrew/opt/libtiff/include -I/opt/homebrew/opt/zstd/include -I/opt/homebrew/Cellar/xz/5.8.3/include -I/opt/homebrew/opt/jpeg-turbo/include -I/opt/homebrew/Cellar/at-spi2-core/2.60.4/include/atk-1.0 -I/opt/homebrew/Cellar/libepoxy/1.5.10/include -I/opt/homebrew/Cellar/fribidi/1.0.16/include/fribidi -I/opt/homebrew/Cellar/glib/2.88.1/include/gio-unix-2.0 -I/opt/homebrew/Cellar/glib/2.88.1/include -I/Library/Developer/CommandLineTools/SDKs/MacOSX26.sdk/usr/include/ffi -I/opt/homebrew/Cellar/glib/2.88.1/include/glib-2.0 -I/opt/homebrew/Cellar/glib/2.88.1/lib/glib-2.0/include -I/opt/homebrew/opt/gettext/include -I/opt/homebrew/Cellar/pcre2/10.47_1/include -L/opt/homebrew/Cellar/gtk-mac-integration/3.0.2/lib -lgtkmacintegration-gtk3 -L/opt/homebrew/Cellar/gtk+3/3.24.52/lib -lgtk-3 -lgdk-3 -Wl,-framework,Cocoa -Wl,-framework,Carbon -Wl,-framework,CoreGraphics -L/opt/homebrew/Cellar/pango/1.57.1/lib -lpangocairo-1.0 -lpango-1.0 -L/opt/homebrew/Cellar/harfbuzz/14.2.0/lib -lharfbuzz -L/opt/homebrew/Cellar/cairo/1.18.4/lib -lcairo-gobject -lcairo -L/opt/homebrew/lib -lgdk_pixbuf-2.0 -L/opt/homebrew/Cellar/at-spi2-core/2.60.4/lib -latk-1.0 -L/opt/homebrew/Cellar/glib/2.88.1/lib -lgio-2.0 -lgobject-2.0 -lglib-2.0 -L/opt/homebrew/opt/gettext/lib -lintl conftest.c  >&5
conftest.c:64:6: warning: incompatible redeclaration of library function 'vfork' [-Wincompatible-library-redeclaration]
   64 | char vfork (void);
      |      ^
conftest.c:64:6: note: 'vfork' is a builtin with type 'int (void)'
1 warning generated.
configure:16128: $? = 0
configure:16128: result: yes
configure:16128: checking for getpagesize
configure:16128: gcc -std=gnu23 -o conftest -I/opt/homebrew/include -I/opt/homebrew/Cellar/gtk-mac-integration/3.0.2/include/gtkmacintegration -DMAC_INTEGRATION -I/opt/homebrew/Cellar/gtk+3/3.24.52/include/gtk-3.0 -I/opt/homebrew/Cellar/pango/1.57.1/include/pango-1.0 -I/opt/homebrew/Cellar/libthai/0.1.30/include -I/opt/homebrew/Cellar/libdatrie/0.2.14/include -I/opt/homebrew/Cellar/harfbuzz/14.2.0/include/harfbuzz -I/opt/homebrew/opt/graphite2/include -I/opt/homebrew/Cellar/cairo/1.18.4/include -I/opt/homebrew/Cellar/cairo/1.18.4/include/cairo -I/opt/homebrew/Cellar/fontconfig/2.17.1/include -I/opt/homebrew/opt/freetype/include/freetype2 -I/opt/homebrew/Cellar/libxext/1.3.7/include -I/opt/homebrew/Cellar/xorgproto/2025.1/include -I/opt/homebrew/Cellar/libxrender/0.9.12/include -I/opt/homebrew/Cellar/libx11/1.8.13/include -I/opt/homebrew/Cellar/libxcb/1.17.0/include -I/opt/homebrew/Cellar/libxau/1.0.12/include -I/opt/homebrew/Cellar/libxdmcp/1.1.5/include -I/opt/homebrew/Cellar/pixman/0.46.4/include/pixman-1 -I/opt/homebrew/include/gdk-pixbuf-2.0 -I/opt/homebrew/opt/libpng/include/libpng16 -I/opt/homebrew/opt/libtiff/include -I/opt/homebrew/opt/zstd/include -I/opt/homebrew/Cellar/xz/5.8.3/include -I/opt/homebrew/opt/jpeg-turbo/include -I/opt/homebrew/Cellar/at-spi2-core/2.60.4/include/atk-1.0 -I/opt/homebrew/Cellar/libepoxy/1.5.10/include -I/opt/homebrew/Cellar/fribidi/1.0.16/include/fribidi -I/opt/homebrew/Cellar/glib/2.88.1/include/gio-unix-2.0 -I/opt/homebrew/Cellar/glib/2.88.1/include -I/Library/Developer/CommandLineTools/SDKs/MacOSX26.sdk/usr/include/ffi -I/opt/homebrew/Cellar/glib/2.88.1/include/glib-2.0 -I/opt/homebrew/Cellar/glib/2.88.1/lib/glib-2.0/include -I/opt/homebrew/opt/gettext/include -I/opt/homebrew/Cellar/pcre2/10.47_1/include -L/opt/homebrew/Cellar/gtk-mac-integration/3.0.2/lib -lgtkmacintegration-gtk3 -L/opt/homebrew/Cellar/gtk+3/3.24.52/lib -lgtk-3 -lgdk-3 -Wl,-framework,Cocoa -Wl,-framework,Carbon -Wl,-framework,CoreGraphics -L/opt/homebrew/Cellar/pango/1.57.1/lib -lpangocairo-1.0 -lpango-1.0 -L/opt/homebrew/Cellar/harfbuzz/14.2.0/lib -lharfbuzz -L/opt/homebrew/Cellar/cairo/1.18.4/lib -lcairo-gobject -lcairo -L/opt/homebrew/lib -lgdk_pixbuf-2.0 -L/opt/homebrew/Cellar/at-spi2-core/2.60.4/lib -latk-1.0 -L/opt/homebrew/Cellar/glib/2.88.1/lib -lgio-2.0 -lgobject-2.0 -lglib-2.0 -L/opt/homebrew/opt/gettext/lib -lintl conftest.c  >&5
configure:16128: $? = 0
configure:16128: result: yes
configure:16128: checking for symlink
configure:16128: gcc -std=gnu23 -o conftest -I/opt/homebrew/include -I/opt/homebrew/Cellar/gtk-mac-integration/3.0.2/include/gtkmacintegration -DMAC_INTEGRATION -I/opt/homebrew/Cellar/gtk+3/3.24.52/include/gtk-3.0 -I/opt/homebrew/Cellar/pango/1.57.1/include/pango-1.0 -I/opt/homebrew/Cellar/libthai/0.1.30/include -I/opt/homebrew/Cellar/libdatrie/0.2.14/include -I/opt/homebrew/Cellar/harfbuzz/14.2.0/include/harfbuzz -I/opt/homebrew/opt/graphite2/include -I/opt/homebrew/Cellar/cairo/1.18.4/include -I/opt/homebrew/Cellar/cairo/1.18.4/include/cairo -I/opt/homebrew/Cellar/fontconfig/2.17.1/include -I/opt/homebrew/opt/freetype/include/freetype2 -I/opt/homebrew/Cellar/libxext/1.3.7/include -I/opt/homebrew/Cellar/xorgproto/2025.1/include -I/opt/homebrew/Cellar/libxrender/0.9.12/include -I/opt/homebrew/Cellar/libx11/1.8.13/include -I/opt/homebrew/Cellar/libxcb/1.17.0/include -I/opt/homebrew/Cellar/libxau/1.0.12/include -I/opt/homebrew/Cellar/libxdmcp/1.1.5/include -I/opt/homebrew/Cellar/pixman/0.46.4/include/pixman-1 -I/opt/homebrew/include/gdk-pixbuf-2.0 -I/opt/homebrew/opt/libpng/include/libpng16 -I/opt/homebrew/opt/libtiff/include -I/opt/homebrew/opt/zstd/include -I/opt/homebrew/Cellar/xz/5.8.3/include -I/opt/homebrew/opt/jpeg-turbo/include -I/opt/homebrew/Cellar/at-spi2-core/2.60.4/include/atk-1.0 -I/opt/homebrew/Cellar/libepoxy/1.5.10/include -I/opt/homebrew/Cellar/fribidi/1.0.16/include/fribidi -I/opt/homebrew/Cellar/glib/2.88.1/include/gio-unix-2.0 -I/opt/homebrew/Cellar/glib/2.88.1/include -I/Library/Developer/CommandLineTools/SDKs/MacOSX26.sdk/usr/include/ffi -I/opt/homebrew/Cellar/glib/2.88.1/include/glib-2.0 -I/opt/homebrew/Cellar/glib/2.88.1/lib/glib-2.0/include -I/opt/homebrew/opt/gettext/include -I/opt/homebrew/Cellar/pcre2/10.47_1/include -L/opt/homebrew/Cellar/gtk-mac-integration/3.0.2/lib -lgtkmacintegration-gtk3 -L/opt/homebrew/Cellar/gtk+3/3.24.52/lib -lgtk-3 -lgdk-3 -Wl,-framework,Cocoa -Wl,-framework,Carbon -Wl,-framework,CoreGraphics -L/opt/homebrew/Cellar/pango/1.57.1/lib -lpangocairo-1.0 -lpango-1.0 -L/opt/homebrew/Cellar/harfbuzz/14.2.0/lib -lharfbuzz -L/opt/homebrew/Cellar/cairo/1.18.4/lib -lcairo-gobject -lcairo -L/opt/homebrew/lib -lgdk_pixbuf-2.0 -L/opt/homebrew/Cellar/at-spi2-core/2.60.4/lib -latk-1.0 -L/opt/homebrew/Cellar/glib/2.88.1/lib -lgio-2.0 -lgobject-2.0 -lglib-2.0 -L/opt/homebrew/opt/gettext/lib -lintl conftest.c  >&5
configure:16128: $? = 0
configure:16128: result: yes
configure:16141: checking for working fork
configure:16165: gcc -std=gnu23 -o conftest -I/opt/homebrew/include -I/opt/homebrew/Cellar/gtk-mac-integration/3.0.2/include/gtkmacintegration -DMAC_INTEGRATION -I/opt/homebrew/Cellar/gtk+3/3.24.52/include/gtk-3.0 -I/opt/homebrew/Cellar/pango/1.57.1/include/pango-1.0 -I/opt/homebrew/Cellar/libthai/0.1.30/include -I/opt/homebrew/Cellar/libdatrie/0.2.14/include -I/opt/homebrew/Cellar/harfbuzz/14.2.0/include/harfbuzz -I/opt/homebrew/opt/graphite2/include -I/opt/homebrew/Cellar/cairo/1.18.4/include -I/opt/homebrew/Cellar/cairo/1.18.4/include/cairo -I/opt/homebrew/Cellar/fontconfig/2.17.1/include -I/opt/homebrew/opt/freetype/include/freetype2 -I/opt/homebrew/Cellar/libxext/1.3.7/include -I/opt/homebrew/Cellar/xorgproto/2025.1/include -I/opt/homebrew/Cellar/libxrender/0.9.12/include -I/opt/homebrew/Cellar/libx11/1.8.13/include -I/opt/homebrew/Cellar/libxcb/1.17.0/include -I/opt/homebrew/Cellar/libxau/1.0.12/include -I/opt/homebrew/Cellar/libxdmcp/1.1.5/include -I/opt/homebrew/Cellar/pixman/0.46.4/include/pixman-1 -I/opt/homebrew/include/gdk-pixbuf-2.0 -I/opt/homebrew/opt/libpng/include/libpng16 -I/opt/homebrew/opt/libtiff/include -I/opt/homebrew/opt/zstd/include -I/opt/homebrew/Cellar/xz/5.8.3/include -I/opt/homebrew/opt/jpeg-turbo/include -I/opt/homebrew/Cellar/at-spi2-core/2.60.4/include/atk-1.0 -I/opt/homebrew/Cellar/libepoxy/1.5.10/include -I/opt/homebrew/Cellar/fribidi/1.0.16/include/fribidi -I/opt/homebrew/Cellar/glib/2.88.1/include/gio-unix-2.0 -I/opt/homebrew/Cellar/glib/2.88.1/include -I/Library/Developer/CommandLineTools/SDKs/MacOSX26.sdk/usr/include/ffi -I/opt/homebrew/Cellar/glib/2.88.1/include/glib-2.0 -I/opt/homebrew/Cellar/glib/2.88.1/lib/glib-2.0/include -I/opt/homebrew/opt/gettext/include -I/opt/homebrew/Cellar/pcre2/10.47_1/include -L/opt/homebrew/Cellar/gtk-mac-integration/3.0.2/lib -lgtkmacintegration-gtk3 -L/opt/homebrew/Cellar/gtk+3/3.24.52/lib -lgtk-3 -lgdk-3 -Wl,-framework,Cocoa -Wl,-framework,Carbon -Wl,-framework,CoreGraphics -L/opt/homebrew/Cellar/pango/1.57.1/lib -lpangocairo-1.0 -lpango-1.0 -L/opt/homebrew/Cellar/harfbuzz/14.2.0/lib -lharfbuzz -L/opt/homebrew/Cellar/cairo/1.18.4/lib -lcairo-gobject -lcairo -L/opt/homebrew/lib -lgdk_pixbuf-2.0 -L/opt/homebrew/Cellar/at-spi2-core/2.60.4/lib -latk-1.0 -L/opt/homebrew/Cellar/glib/2.88.1/lib -lgio-2.0 -lgobject-2.0 -lglib-2.0 -L/opt/homebrew/opt/gettext/lib -lintl conftest.c  >&5
configure:16165: $? = 0
configure:16165: ./conftest
configure:16165: $? = 0
configure:16179: result: yes
configure:16200: checking for working vfork
configure:16332: result: yes
configure:16357: checking whether lstat correctly handles trailing slash
configure:16390: gcc -std=gnu23 -o conftest -I/opt/homebrew/include -I/opt/homebrew/Cellar/gtk-mac-integration/3.0.2/include/gtkmacintegration -DMAC_INTEGRATION -I/opt/homebrew/Cellar/gtk+3/3.24.52/include/gtk-3.0 -I/opt/homebrew/Cellar/pango/1.57.1/include/pango-1.0 -I/opt/homebrew/Cellar/libthai/0.1.30/include -I/opt/homebrew/Cellar/libdatrie/0.2.14/include -I/opt/homebrew/Cellar/harfbuzz/14.2.0/include/harfbuzz -I/opt/homebrew/opt/graphite2/include -I/opt/homebrew/Cellar/cairo/1.18.4/include -I/opt/homebrew/Cellar/cairo/1.18.4/include/cairo -I/opt/homebrew/Cellar/fontconfig/2.17.1/include -I/opt/homebrew/opt/freetype/include/freetype2 -I/opt/homebrew/Cellar/libxext/1.3.7/include -I/opt/homebrew/Cellar/xorgproto/2025.1/include -I/opt/homebrew/Cellar/libxrender/0.9.12/include -I/opt/homebrew/Cellar/libx11/1.8.13/include -I/opt/homebrew/Cellar/libxcb/1.17.0/include -I/opt/homebrew/Cellar/libxau/1.0.12/include -I/opt/homebrew/Cellar/libxdmcp/1.1.5/include -I/opt/homebrew/Cellar/pixman/0.46.4/include/pixman-1 -I/opt/homebrew/include/gdk-pixbuf-2.0 -I/opt/homebrew/opt/libpng/include/libpng16 -I/opt/homebrew/opt/libtiff/include -I/opt/homebrew/opt/zstd/include -I/opt/homebrew/Cellar/xz/5.8.3/include -I/opt/homebrew/opt/jpeg-turbo/include -I/opt/homebrew/Cellar/at-spi2-core/2.60.4/include/atk-1.0 -I/opt/homebrew/Cellar/libepoxy/1.5.10/include -I/opt/homebrew/Cellar/fribidi/1.0.16/include/fribidi -I/opt/homebrew/Cellar/glib/2.88.1/include/gio-unix-2.0 -I/opt/homebrew/Cellar/glib/2.88.1/include -I/Library/Developer/CommandLineTools/SDKs/MacOSX26.sdk/usr/include/ffi -I/opt/homebrew/Cellar/glib/2.88.1/include/glib-2.0 -I/opt/homebrew/Cellar/glib/2.88.1/lib/glib-2.0/include -I/opt/homebrew/opt/gettext/include -I/opt/homebrew/Cellar/pcre2/10.47_1/include -L/opt/homebrew/Cellar/gtk-mac-integration/3.0.2/lib -lgtkmacintegration-gtk3 -L/opt/homebrew/Cellar/gtk+3/3.24.52/lib -lgtk-3 -lgdk-3 -Wl,-framework,Cocoa -Wl,-framework,Carbon -Wl,-framework,CoreGraphics -L/opt/homebrew/Cellar/pango/1.57.1/lib -lpangocairo-1.0 -lpango-1.0 -L/opt/homebrew/Cellar/harfbuzz/14.2.0/lib -lharfbuzz -L/opt/homebrew/Cellar/cairo/1.18.4/lib -lcairo-gobject -lcairo -L/opt/homebrew/lib -lgdk_pixbuf-2.0 -L/opt/homebrew/Cellar/at-spi2-core/2.60.4/lib -latk-1.0 -L/opt/homebrew/Cellar/glib/2.88.1/lib -lgio-2.0 -lgobject-2.0 -lglib-2.0 -L/opt/homebrew/opt/gettext/lib -lintl conftest.c  >&5
configure:16390: $? = 0
configure:16390: ./conftest
configure:16390: $? = 0
configure:16411: result: yes
configure:16428: checking whether lstat accepts an empty string
configure:16450: gcc -std=gnu23 -o conftest -I/opt/homebrew/include -I/opt/homebrew/Cellar/gtk-mac-integration/3.0.2/include/gtkmacintegration -DMAC_INTEGRATION -I/opt/homebrew/Cellar/gtk+3/3.24.52/include/gtk-3.0 -I/opt/homebrew/Cellar/pango/1.57.1/include/pango-1.0 -I/opt/homebrew/Cellar/libthai/0.1.30/include -I/opt/homebrew/Cellar/libdatrie/0.2.14/include -I/opt/homebrew/Cellar/harfbuzz/14.2.0/include/harfbuzz -I/opt/homebrew/opt/graphite2/include -I/opt/homebrew/Cellar/cairo/1.18.4/include -I/opt/homebrew/Cellar/cairo/1.18.4/include/cairo -I/opt/homebrew/Cellar/fontconfig/2.17.1/include -I/opt/homebrew/opt/freetype/include/freetype2 -I/opt/homebrew/Cellar/libxext/1.3.7/include -I/opt/homebrew/Cellar/xorgproto/2025.1/include -I/opt/homebrew/Cellar/libxrender/0.9.12/include -I/opt/homebrew/Cellar/libx11/1.8.13/include -I/opt/homebrew/Cellar/libxcb/1.17.0/include -I/opt/homebrew/Cellar/libxau/1.0.12/include -I/opt/homebrew/Cellar/libxdmcp/1.1.5/include -I/opt/homebrew/Cellar/pixman/0.46.4/include/pixman-1 -I/opt/homebrew/include/gdk-pixbuf-2.0 -I/opt/homebrew/opt/libpng/include/libpng16 -I/opt/homebrew/opt/libtiff/include -I/opt/homebrew/opt/zstd/include -I/opt/homebrew/Cellar/xz/5.8.3/include -I/opt/homebrew/opt/jpeg-turbo/include -I/opt/homebrew/Cellar/at-spi2-core/2.60.4/include/atk-1.0 -I/opt/homebrew/Cellar/libepoxy/1.5.10/include -I/opt/homebrew/Cellar/fribidi/1.0.16/include/fribidi -I/opt/homebrew/Cellar/glib/2.88.1/include/gio-unix-2.0 -I/opt/homebrew/Cellar/glib/2.88.1/include -I/Library/Developer/CommandLineTools/SDKs/MacOSX26.sdk/usr/include/ffi -I/opt/homebrew/Cellar/glib/2.88.1/include/glib-2.0 -I/opt/homebrew/Cellar/glib/2.88.1/lib/glib-2.0/include -I/opt/homebrew/opt/gettext/include -I/opt/homebrew/Cellar/pcre2/10.47_1/include -L/opt/homebrew/Cellar/gtk-mac-integration/3.0.2/lib -lgtkmacintegration-gtk3 -L/opt/homebrew/Cellar/gtk+3/3.24.52/lib -lgtk-3 -lgdk-3 -Wl,-framework,Cocoa -Wl,-framework,Carbon -Wl,-framework,CoreGraphics -L/opt/homebrew/Cellar/pango/1.57.1/lib -lpangocairo-1.0 -lpango-1.0 -L/opt/homebrew/Cellar/harfbuzz/14.2.0/lib -lharfbuzz -L/opt/homebrew/Cellar/cairo/1.18.4/lib -lcairo-gobject -lcairo -L/opt/homebrew/lib -lgdk_pixbuf-2.0 -L/opt/homebrew/Cellar/at-spi2-core/2.60.4/lib -latk-1.0 -L/opt/homebrew/Cellar/glib/2.88.1/lib -lgio-2.0 -lgobject-2.0 -lglib-2.0 -L/opt/homebrew/opt/gettext/lib -lintl conftest.c  >&5
configure:16450: $? = 0
configure:16450: ./conftest
configure:16450: $? = 0
configure:16464: result: no
configure:16478: checking whether lstat correctly handles trailing slash
configure:16532: result: yes
configure:16550: checking whether malloc (0) returns nonnull
configure:16586: gcc -std=gnu23 -o conftest -I/opt/homebrew/include -I/opt/homebrew/Cellar/gtk-mac-integration/3.0.2/include/gtkmacintegration -DMAC_INTEGRATION -I/opt/homebrew/Cellar/gtk+3/3.24.52/include/gtk-3.0 -I/opt/homebrew/Cellar/pango/1.57.1/include/pango-1.0 -I/opt/homebrew/Cellar/libthai/0.1.30/include -I/opt/homebrew/Cellar/libdatrie/0.2.14/include -I/opt/homebrew/Cellar/harfbuzz/14.2.0/include/harfbuzz -I/opt/homebrew/opt/graphite2/include -I/opt/homebrew/Cellar/cairo/1.18.4/include -I/opt/homebrew/Cellar/cairo/1.18.4/include/cairo -I/opt/homebrew/Cellar/fontconfig/2.17.1/include -I/opt/homebrew/opt/freetype/include/freetype2 -I/opt/homebrew/Cellar/libxext/1.3.7/include -I/opt/homebrew/Cellar/xorgproto/2025.1/include -I/opt/homebrew/Cellar/libxrender/0.9.12/include -I/opt/homebrew/Cellar/libx11/1.8.13/include -I/opt/homebrew/Cellar/libxcb/1.17.0/include -I/opt/homebrew/Cellar/libxau/1.0.12/include -I/opt/homebrew/Cellar/libxdmcp/1.1.5/include -I/opt/homebrew/Cellar/pixman/0.46.4/include/pixman-1 -I/opt/homebrew/include/gdk-pixbuf-2.0 -I/opt/homebrew/opt/libpng/include/libpng16 -I/opt/homebrew/opt/libtiff/include -I/opt/homebrew/opt/zstd/include -I/opt/homebrew/Cellar/xz/5.8.3/include -I/opt/homebrew/opt/jpeg-turbo/include -I/opt/homebrew/Cellar/at-spi2-core/2.60.4/include/atk-1.0 -I/opt/homebrew/Cellar/libepoxy/1.5.10/include -I/opt/homebrew/Cellar/fribidi/1.0.16/include/fribidi -I/opt/homebrew/Cellar/glib/2.88.1/include/gio-unix-2.0 -I/opt/homebrew/Cellar/glib/2.88.1/include -I/Library/Developer/CommandLineTools/SDKs/MacOSX26.sdk/usr/include/ffi -I/opt/homebrew/Cellar/glib/2.88.1/include/glib-2.0 -I/opt/homebrew/Cellar/glib/2.88.1/lib/glib-2.0/include -I/opt/homebrew/opt/gettext/include -I/opt/homebrew/Cellar/pcre2/10.47_1/include -L/opt/homebrew/Cellar/gtk-mac-integration/3.0.2/lib -lgtkmacintegration-gtk3 -L/opt/homebrew/Cellar/gtk+3/3.24.52/lib -lgtk-3 -lgdk-3 -Wl,-framework,Cocoa -Wl,-framework,Carbon -Wl,-framework,CoreGraphics -L/opt/homebrew/Cellar/pango/1.57.1/lib -lpangocairo-1.0 -lpango-1.0 -L/opt/homebrew/Cellar/harfbuzz/14.2.0/lib -lharfbuzz -L/opt/homebrew/Cellar/cairo/1.18.4/lib -lcairo-gobject -lcairo -L/opt/homebrew/lib -lgdk_pixbuf-2.0 -L/opt/homebrew/Cellar/at-spi2-core/2.60.4/lib -latk-1.0 -L/opt/homebrew/Cellar/glib/2.88.1/lib -lgio-2.0 -lgobject-2.0 -lglib-2.0 -L/opt/homebrew/opt/gettext/lib -lintl conftest.c  >&5
configure:16586: $? = 0
configure:16586: ./conftest
configure:16586: $? = 0
configure:16600: result: yes
configure:16626: checking for working mmap
configure:16776: gcc -std=gnu23 -o conftest -I/opt/homebrew/include -I/opt/homebrew/Cellar/gtk-mac-integration/3.0.2/include/gtkmacintegration -DMAC_INTEGRATION -I/opt/homebrew/Cellar/gtk+3/3.24.52/include/gtk-3.0 -I/opt/homebrew/Cellar/pango/1.57.1/include/pango-1.0 -I/opt/homebrew/Cellar/libthai/0.1.30/include -I/opt/homebrew/Cellar/libdatrie/0.2.14/include -I/opt/homebrew/Cellar/harfbuzz/14.2.0/include/harfbuzz -I/opt/homebrew/opt/graphite2/include -I/opt/homebrew/Cellar/cairo/1.18.4/include -I/opt/homebrew/Cellar/cairo/1.18.4/include/cairo -I/opt/homebrew/Cellar/fontconfig/2.17.1/include -I/opt/homebrew/opt/freetype/include/freetype2 -I/opt/homebrew/Cellar/libxext/1.3.7/include -I/opt/homebrew/Cellar/xorgproto/2025.1/include -I/opt/homebrew/Cellar/libxrender/0.9.12/include -I/opt/homebrew/Cellar/libx11/1.8.13/include -I/opt/homebrew/Cellar/libxcb/1.17.0/include -I/opt/homebrew/Cellar/libxau/1.0.12/include -I/opt/homebrew/Cellar/libxdmcp/1.1.5/include -I/opt/homebrew/Cellar/pixman/0.46.4/include/pixman-1 -I/opt/homebrew/include/gdk-pixbuf-2.0 -I/opt/homebrew/opt/libpng/include/libpng16 -I/opt/homebrew/opt/libtiff/include -I/opt/homebrew/opt/zstd/include -I/opt/homebrew/Cellar/xz/5.8.3/include -I/opt/homebrew/opt/jpeg-turbo/include -I/opt/homebrew/Cellar/at-spi2-core/2.60.4/include/atk-1.0 -I/opt/homebrew/Cellar/libepoxy/1.5.10/include -I/opt/homebrew/Cellar/fribidi/1.0.16/include/fribidi -I/opt/homebrew/Cellar/glib/2.88.1/include/gio-unix-2.0 -I/opt/homebrew/Cellar/glib/2.88.1/include -I/Library/Developer/CommandLineTools/SDKs/MacOSX26.sdk/usr/include/ffi -I/opt/homebrew/Cellar/glib/2.88.1/include/glib-2.0 -I/opt/homebrew/Cellar/glib/2.88.1/lib/glib-2.0/include -I/opt/homebrew/opt/gettext/include -I/opt/homebrew/Cellar/pcre2/10.47_1/include -L/opt/homebrew/Cellar/gtk-mac-integration/3.0.2/lib -lgtkmacintegration-gtk3 -L/opt/homebrew/Cellar/gtk+3/3.24.52/lib -lgtk-3 -lgdk-3 -Wl,-framework,Cocoa -Wl,-framework,Carbon -Wl,-framework,CoreGraphics -L/opt/homebrew/Cellar/pango/1.57.1/lib -lpangocairo-1.0 -lpango-1.0 -L/opt/homebrew/Cellar/harfbuzz/14.2.0/lib -lharfbuzz -L/opt/homebrew/Cellar/cairo/1.18.4/lib -lcairo-gobject -lcairo -L/opt/homebrew/lib -lgdk_pixbuf-2.0 -L/opt/homebrew/Cellar/at-spi2-core/2.60.4/lib -latk-1.0 -L/opt/homebrew/Cellar/glib/2.88.1/lib -lgio-2.0 -lgobject-2.0 -lglib-2.0 -L/opt/homebrew/opt/gettext/lib -lintl conftest.c  >&5
configure:16776: $? = 0
configure:16776: ./conftest
configure:16776: $? = 0
configure:16790: result: yes
configure:16800: checking whether realloc (0, 0) returns nonnull
configure:16836: gcc -std=gnu23 -o conftest -I/opt/homebrew/include -I/opt/homebrew/Cellar/gtk-mac-integration/3.0.2/include/gtkmacintegration -DMAC_INTEGRATION -I/opt/homebrew/Cellar/gtk+3/3.24.52/include/gtk-3.0 -I/opt/homebrew/Cellar/pango/1.57.1/include/pango-1.0 -I/opt/homebrew/Cellar/libthai/0.1.30/include -I/opt/homebrew/Cellar/libdatrie/0.2.14/include -I/opt/homebrew/Cellar/harfbuzz/14.2.0/include/harfbuzz -I/opt/homebrew/opt/graphite2/include -I/opt/homebrew/Cellar/cairo/1.18.4/include -I/opt/homebrew/Cellar/cairo/1.18.4/include/cairo -I/opt/homebrew/Cellar/fontconfig/2.17.1/include -I/opt/homebrew/opt/freetype/include/freetype2 -I/opt/homebrew/Cellar/libxext/1.3.7/include -I/opt/homebrew/Cellar/xorgproto/2025.1/include -I/opt/homebrew/Cellar/libxrender/0.9.12/include -I/opt/homebrew/Cellar/libx11/1.8.13/include -I/opt/homebrew/Cellar/libxcb/1.17.0/include -I/opt/homebrew/Cellar/libxau/1.0.12/include -I/opt/homebrew/Cellar/libxdmcp/1.1.5/include -I/opt/homebrew/Cellar/pixman/0.46.4/include/pixman-1 -I/opt/homebrew/include/gdk-pixbuf-2.0 -I/opt/homebrew/opt/libpng/include/libpng16 -I/opt/homebrew/opt/libtiff/include -I/opt/homebrew/opt/zstd/include -I/opt/homebrew/Cellar/xz/5.8.3/include -I/opt/homebrew/opt/jpeg-turbo/include -I/opt/homebrew/Cellar/at-spi2-core/2.60.4/include/atk-1.0 -I/opt/homebrew/Cellar/libepoxy/1.5.10/include -I/opt/homebrew/Cellar/fribidi/1.0.16/include/fribidi -I/opt/homebrew/Cellar/glib/2.88.1/include/gio-unix-2.0 -I/opt/homebrew/Cellar/glib/2.88.1/include -I/Library/Developer/CommandLineTools/SDKs/MacOSX26.sdk/usr/include/ffi -I/opt/homebrew/Cellar/glib/2.88.1/include/glib-2.0 -I/opt/homebrew/Cellar/glib/2.88.1/lib/glib-2.0/include -I/opt/homebrew/opt/gettext/include -I/opt/homebrew/Cellar/pcre2/10.47_1/include -L/opt/homebrew/Cellar/gtk-mac-integration/3.0.2/lib -lgtkmacintegration-gtk3 -L/opt/homebrew/Cellar/gtk+3/3.24.52/lib -lgtk-3 -lgdk-3 -Wl,-framework,Cocoa -Wl,-framework,Carbon -Wl,-framework,CoreGraphics -L/opt/homebrew/Cellar/pango/1.57.1/lib -lpangocairo-1.0 -lpango-1.0 -L/opt/homebrew/Cellar/harfbuzz/14.2.0/lib -lharfbuzz -L/opt/homebrew/Cellar/cairo/1.18.4/lib -lcairo-gobject -lcairo -L/opt/homebrew/lib -lgdk_pixbuf-2.0 -L/opt/homebrew/Cellar/at-spi2-core/2.60.4/lib -latk-1.0 -L/opt/homebrew/Cellar/glib/2.88.1/lib -lgio-2.0 -lgobject-2.0 -lglib-2.0 -L/opt/homebrew/opt/gettext/lib -lintl conftest.c  >&5
configure:16836: $? = 0
configure:16836: ./conftest
configure:16836: $? = 0
configure:16850: result: yes
configure:16872: checking return type of signal handlers
configure:16891: gcc -std=gnu23 -c -I/opt/homebrew/include -I/opt/homebrew/Cellar/gtk-mac-integration/3.0.2/include/gtkmacintegration -DMAC_INTEGRATION -I/opt/homebrew/Cellar/gtk+3/3.24.52/include/gtk-3.0 -I/opt/homebrew/Cellar/pango/1.57.1/include/pango-1.0 -I/opt/homebrew/Cellar/libthai/0.1.30/include -I/opt/homebrew/Cellar/libdatrie/0.2.14/include -I/opt/homebrew/Cellar/harfbuzz/14.2.0/include/harfbuzz -I/opt/homebrew/opt/graphite2/include -I/opt/homebrew/Cellar/cairo/1.18.4/include -I/opt/homebrew/Cellar/cairo/1.18.4/include/cairo -I/opt/homebrew/Cellar/fontconfig/2.17.1/include -I/opt/homebrew/opt/freetype/include/freetype2 -I/opt/homebrew/Cellar/libxext/1.3.7/include -I/opt/homebrew/Cellar/xorgproto/2025.1/include -I/opt/homebrew/Cellar/libxrender/0.9.12/include -I/opt/homebrew/Cellar/libx11/1.8.13/include -I/opt/homebrew/Cellar/libxcb/1.17.0/include -I/opt/homebrew/Cellar/libxau/1.0.12/include -I/opt/homebrew/Cellar/libxdmcp/1.1.5/include -I/opt/homebrew/Cellar/pixman/0.46.4/include/pixman-1 -I/opt/homebrew/include/gdk-pixbuf-2.0 -I/opt/homebrew/opt/libpng/include/libpng16 -I/opt/homebrew/opt/libtiff/include -I/opt/homebrew/opt/zstd/include -I/opt/homebrew/Cellar/xz/5.8.3/include -I/opt/homebrew/opt/jpeg-turbo/include -I/opt/homebrew/Cellar/at-spi2-core/2.60.4/include/atk-1.0 -I/opt/homebrew/Cellar/libepoxy/1.5.10/include -I/opt/homebrew/Cellar/fribidi/1.0.16/include/fribidi -I/opt/homebrew/Cellar/glib/2.88.1/include/gio-unix-2.0 -I/opt/homebrew/Cellar/glib/2.88.1/include -I/Library/Developer/CommandLineTools/SDKs/MacOSX26.sdk/usr/include/ffi -I/opt/homebrew/Cellar/glib/2.88.1/include/glib-2.0 -I/opt/homebrew/Cellar/glib/2.88.1/lib/glib-2.0/include -I/opt/homebrew/opt/gettext/include -I/opt/homebrew/Cellar/pcre2/10.47_1/include conftest.c >&5
conftest.c:64:8: error: indirection requires pointer operand ('void' invalid)
   64 | return *(signal (0, 0)) (0) == 1;
      |        ^~~~~~~~~~~~~~~~~~~~
1 error generated.
configure:16891: $? = 1
configure: failed program was:
| /* confdefs.h */
| #define PACKAGE_NAME ""
| #define PACKAGE_TARNAME ""
| #define PACKAGE_VERSION ""
| #define PACKAGE_STRING ""
| #define PACKAGE_BUGREPORT ""
| #define PACKAGE_URL ""
| #define YYTEXT_POINTER 1
| #define HAVE_STDIO_H 1
| #define HAVE_STDLIB_H 1
| #define HAVE_STRING_H 1
| #define HAVE_INTTYPES_H 1
| #define HAVE_STDINT_H 1
| #define HAVE_STRINGS_H 1
| #define HAVE_SYS_STAT_H 1
| #define HAVE_SYS_TYPES_H 1
| #define HAVE_UNISTD_H 1
| #define HAVE_SYS_PARAM_H 1
| #define HAVE_WCHAR_H 1
| #define STDC_HEADERS 1
| #define HAVE_DLFCN_H 1
| #define LT_OBJDIR ".libs/"
| #define HAVE_ALLOCA_H 1
| #define HAVE_ALLOCA 1
| #define HAVE_DIRENT_H 1
| #define HAVE_SYS_WAIT_H 1
| #define HAVE_FCNTL_H 1
| #define HAVE_INTTYPES_H 1
| #define HAVE_LANGINFO_H 1
| #define HAVE_LIBINTL_H 1
| #define HAVE_LIMITS_H 1
| #define HAVE_LOCALE_H 1
| #define HAVE_NETDB_H 1
| #define HAVE_NETINET_IN_H 1
| #define HAVE_STDDEF_H 1
| #define HAVE_STDINT_H 1
| #define HAVE_STDLIB_H 1
| #define HAVE_STRING_H 1
| #define HAVE_STRINGS_H 1
| #define HAVE_SYS_PARAM_H 1
| #define HAVE_SYS_SOCKET_H 1
| #define HAVE_SYS_UTSNAME_H 1
| #define HAVE_UNISTD_H 1
| #define HAVE__BOOL 1
| #define HAVE_STDBOOL_H 1
| #define HAVE_FORK 1
| #define HAVE_VFORK 1
| #define HAVE_GETPAGESIZE 1
| #define HAVE_SYMLINK 1
| #define HAVE_WORKING_VFORK 1
| #define HAVE_WORKING_FORK 1
| #define LSTAT_FOLLOWS_SLASHED_SYMLINK 1
| #define LSTAT_FOLLOWS_SLASHED_SYMLINK 1
| #define HAVE_MALLOC 1
| #define HAVE_MMAP 1
| #define HAVE_REALLOC 1
| /* end confdefs.h.  */
| #include <sys/types.h>
| #include <signal.h>
| 
| int
| main (void)
| {
| return *(signal (0, 0)) (0) == 1;
|   ;
|   return 0;
| }
configure:16901: result: void
configure:16907: checking whether stat accepts an empty string
configure:16929: gcc -std=gnu23 -o conftest -I/opt/homebrew/include -I/opt/homebrew/Cellar/gtk-mac-integration/3.0.2/include/gtkmacintegration -DMAC_INTEGRATION -I/opt/homebrew/Cellar/gtk+3/3.24.52/include/gtk-3.0 -I/opt/homebrew/Cellar/pango/1.57.1/include/pango-1.0 -I/opt/homebrew/Cellar/libthai/0.1.30/include -I/opt/homebrew/Cellar/libdatrie/0.2.14/include -I/opt/homebrew/Cellar/harfbuzz/14.2.0/include/harfbuzz -I/opt/homebrew/opt/graphite2/include -I/opt/homebrew/Cellar/cairo/1.18.4/include -I/opt/homebrew/Cellar/cairo/1.18.4/include/cairo -I/opt/homebrew/Cellar/fontconfig/2.17.1/include -I/opt/homebrew/opt/freetype/include/freetype2 -I/opt/homebrew/Cellar/libxext/1.3.7/include -I/opt/homebrew/Cellar/xorgproto/2025.1/include -I/opt/homebrew/Cellar/libxrender/0.9.12/include -I/opt/homebrew/Cellar/libx11/1.8.13/include -I/opt/homebrew/Cellar/libxcb/1.17.0/include -I/opt/homebrew/Cellar/libxau/1.0.12/include -I/opt/homebrew/Cellar/libxdmcp/1.1.5/include -I/opt/homebrew/Cellar/pixman/0.46.4/include/pixman-1 -I/opt/homebrew/include/gdk-pixbuf-2.0 -I/opt/homebrew/opt/libpng/include/libpng16 -I/opt/homebrew/opt/libtiff/include -I/opt/homebrew/opt/zstd/include -I/opt/homebrew/Cellar/xz/5.8.3/include -I/opt/homebrew/opt/jpeg-turbo/include -I/opt/homebrew/Cellar/at-spi2-core/2.60.4/include/atk-1.0 -I/opt/homebrew/Cellar/libepoxy/1.5.10/include -I/opt/homebrew/Cellar/fribidi/1.0.16/include/fribidi -I/opt/homebrew/Cellar/glib/2.88.1/include/gio-unix-2.0 -I/opt/homebrew/Cellar/glib/2.88.1/include -I/Library/Developer/CommandLineTools/SDKs/MacOSX26.sdk/usr/include/ffi -I/opt/homebrew/Cellar/glib/2.88.1/include/glib-2.0 -I/opt/homebrew/Cellar/glib/2.88.1/lib/glib-2.0/include -I/opt/homebrew/opt/gettext/include -I/opt/homebrew/Cellar/pcre2/10.47_1/include -L/opt/homebrew/Cellar/gtk-mac-integration/3.0.2/lib -lgtkmacintegration-gtk3 -L/opt/homebrew/Cellar/gtk+3/3.24.52/lib -lgtk-3 -lgdk-3 -Wl,-framework,Cocoa -Wl,-framework,Carbon -Wl,-framework,CoreGraphics -L/opt/homebrew/Cellar/pango/1.57.1/lib -lpangocairo-1.0 -lpango-1.0 -L/opt/homebrew/Cellar/harfbuzz/14.2.0/lib -lharfbuzz -L/opt/homebrew/Cellar/cairo/1.18.4/lib -lcairo-gobject -lcairo -L/opt/homebrew/lib -lgdk_pixbuf-2.0 -L/opt/homebrew/Cellar/at-spi2-core/2.60.4/lib -latk-1.0 -L/opt/homebrew/Cellar/glib/2.88.1/lib -lgio-2.0 -lgobject-2.0 -lglib-2.0 -L/opt/homebrew/opt/gettext/lib -lintl conftest.c  >&5
configure:16929: $? = 0
configure:16929: ./conftest
configure:16929: $? = 0
configure:16943: result: no
configure:16957: checking for __argz_count
configure:16957: gcc -std=gnu23 -o conftest -I/opt/homebrew/include -I/opt/homebrew/Cellar/gtk-mac-integration/3.0.2/include/gtkmacintegration -DMAC_INTEGRATION -I/opt/homebrew/Cellar/gtk+3/3.24.52/include/gtk-3.0 -I/opt/homebrew/Cellar/pango/1.57.1/include/pango-1.0 -I/opt/homebrew/Cellar/libthai/0.1.30/include -I/opt/homebrew/Cellar/libdatrie/0.2.14/include -I/opt/homebrew/Cellar/harfbuzz/14.2.0/include/harfbuzz -I/opt/homebrew/opt/graphite2/include -I/opt/homebrew/Cellar/cairo/1.18.4/include -I/opt/homebrew/Cellar/cairo/1.18.4/include/cairo -I/opt/homebrew/Cellar/fontconfig/2.17.1/include -I/opt/homebrew/opt/freetype/include/freetype2 -I/opt/homebrew/Cellar/libxext/1.3.7/include -I/opt/homebrew/Cellar/xorgproto/2025.1/include -I/opt/homebrew/Cellar/libxrender/0.9.12/include -I/opt/homebrew/Cellar/libx11/1.8.13/include -I/opt/homebrew/Cellar/libxcb/1.17.0/include -I/opt/homebrew/Cellar/libxau/1.0.12/include -I/opt/homebrew/Cellar/libxdmcp/1.1.5/include -I/opt/homebrew/Cellar/pixman/0.46.4/include/pixman-1 -I/opt/homebrew/include/gdk-pixbuf-2.0 -I/opt/homebrew/opt/libpng/include/libpng16 -I/opt/homebrew/opt/libtiff/include -I/opt/homebrew/opt/zstd/include -I/opt/homebrew/Cellar/xz/5.8.3/include -I/opt/homebrew/opt/jpeg-turbo/include -I/opt/homebrew/Cellar/at-spi2-core/2.60.4/include/atk-1.0 -I/opt/homebrew/Cellar/libepoxy/1.5.10/include -I/opt/homebrew/Cellar/fribidi/1.0.16/include/fribidi -I/opt/homebrew/Cellar/glib/2.88.1/include/gio-unix-2.0 -I/opt/homebrew/Cellar/glib/2.88.1/include -I/Library/Developer/CommandLineTools/SDKs/MacOSX26.sdk/usr/include/ffi -I/opt/homebrew/Cellar/glib/2.88.1/include/glib-2.0 -I/opt/homebrew/Cellar/glib/2.88.1/lib/glib-2.0/include -I/opt/homebrew/opt/gettext/include -I/opt/homebrew/Cellar/pcre2/10.47_1/include -L/opt/homebrew/Cellar/gtk-mac-integration/3.0.2/lib -lgtkmacintegration-gtk3 -L/opt/homebrew/Cellar/gtk+3/3.24.52/lib -lgtk-3 -lgdk-3 -Wl,-framework,Cocoa -Wl,-framework,Carbon -Wl,-framework,CoreGraphics -L/opt/homebrew/Cellar/pango/1.57.1/lib -lpangocairo-1.0 -lpango-1.0 -L/opt/homebrew/Cellar/harfbuzz/14.2.0/lib -lharfbuzz -L/opt/homebrew/Cellar/cairo/1.18.4/lib -lcairo-gobject -lcairo -L/opt/homebrew/lib -lgdk_pixbuf-2.0 -L/opt/homebrew/Cellar/at-spi2-core/2.60.4/lib -latk-1.0 -L/opt/homebrew/Cellar/glib/2.88.1/lib -lgio-2.0 -lgobject-2.0 -lglib-2.0 -L/opt/homebrew/opt/gettext/lib -lintl conftest.c  >&5
Undefined symbols for architecture arm64:
  "___argz_count", referenced from:
      _main in conftest-f5402f.o
ld: symbol(s) not found for architecture arm64
clang: error: linker command failed with exit code 1 (use -v to see invocation)
configure:16957: $? = 1
configure: failed program was:
| /* confdefs.h */
| #define PACKAGE_NAME ""
| #define PACKAGE_TARNAME ""
| #define PACKAGE_VERSION ""
| #define PACKAGE_STRING ""
| #define PACKAGE_BUGREPORT ""
| #define PACKAGE_URL ""
| #define YYTEXT_POINTER 1
| #define HAVE_STDIO_H 1
| #define HAVE_STDLIB_H 1
| #define HAVE_STRING_H 1
| #define HAVE_INTTYPES_H 1
| #define HAVE_STDINT_H 1
| #define HAVE_STRINGS_H 1
| #define HAVE_SYS_STAT_H 1
| #define HAVE_SYS_TYPES_H 1
| #define HAVE_UNISTD_H 1
| #define HAVE_SYS_PARAM_H 1
| #define HAVE_WCHAR_H 1
| #define STDC_HEADERS 1
| #define HAVE_DLFCN_H 1
| #define LT_OBJDIR ".libs/"
| #define HAVE_ALLOCA_H 1
| #define HAVE_ALLOCA 1
| #define HAVE_DIRENT_H 1
| #define HAVE_SYS_WAIT_H 1
| #define HAVE_FCNTL_H 1
| #define HAVE_INTTYPES_H 1
| #define HAVE_LANGINFO_H 1
| #define HAVE_LIBINTL_H 1
| #define HAVE_LIMITS_H 1
| #define HAVE_LOCALE_H 1
| #define HAVE_NETDB_H 1
| #define HAVE_NETINET_IN_H 1
| #define HAVE_STDDEF_H 1
| #define HAVE_STDINT_H 1
| #define HAVE_STDLIB_H 1
| #define HAVE_STRING_H 1
| #define HAVE_STRINGS_H 1
| #define HAVE_SYS_PARAM_H 1
| #define HAVE_SYS_SOCKET_H 1
| #define HAVE_SYS_UTSNAME_H 1
| #define HAVE_UNISTD_H 1
| #define HAVE__BOOL 1
| #define HAVE_STDBOOL_H 1
| #define HAVE_FORK 1
| #define HAVE_VFORK 1
| #define HAVE_GETPAGESIZE 1
| #define HAVE_SYMLINK 1
| #define HAVE_WORKING_VFORK 1
| #define HAVE_WORKING_FORK 1
| #define LSTAT_FOLLOWS_SLASHED_SYMLINK 1
| #define LSTAT_FOLLOWS_SLASHED_SYMLINK 1
| #define HAVE_MALLOC 1
| #define HAVE_MMAP 1
| #define HAVE_REALLOC 1
| #define RETSIGTYPE void
| /* end confdefs.h.  */
| /* Define __argz_count to an innocuous variant, in case <limits.h> declares __argz_count.
|    For example, HP-UX 11i <limits.h> declares gettimeofday.  */
| #define __argz_count innocuous___argz_count
| 
| /* System header to define __stub macros and hopefully few prototypes,
|    which can conflict with char __argz_count (void); below.  */
| 
| #include <limits.h>
| #undef __argz_count
| 
| /* Override any GCC internal prototype to avoid an error.
|    Use char because int might match the return type of a GCC
|    builtin and then its argument prototype would still apply.  */
| #ifdef __cplusplus
| extern "C"
| #endif
| char __argz_count (void);
| /* The GNU C library defines this for functions which it implements
|     to always fail with ENOSYS.  Some functions are actually named
|     something starting with __ and the normal name is an alias.  */
| #if defined __stub___argz_count || defined __stub_____argz_count
| choke me
| #endif
| 
| int
| main (void)
| {
| return __argz_count ();
|   ;
|   return 0;
| }
configure:16957: result: no
configure:16963: checking for __argz_next
configure:16963: gcc -std=gnu23 -o conftest -I/opt/homebrew/include -I/opt/homebrew/Cellar/gtk-mac-integration/3.0.2/include/gtkmacintegration -DMAC_INTEGRATION -I/opt/homebrew/Cellar/gtk+3/3.24.52/include/gtk-3.0 -I/opt/homebrew/Cellar/pango/1.57.1/include/pango-1.0 -I/opt/homebrew/Cellar/libthai/0.1.30/include -I/opt/homebrew/Cellar/libdatrie/0.2.14/include -I/opt/homebrew/Cellar/harfbuzz/14.2.0/include/harfbuzz -I/opt/homebrew/opt/graphite2/include -I/opt/homebrew/Cellar/cairo/1.18.4/include -I/opt/homebrew/Cellar/cairo/1.18.4/include/cairo -I/opt/homebrew/Cellar/fontconfig/2.17.1/include -I/opt/homebrew/opt/freetype/include/freetype2 -I/opt/homebrew/Cellar/libxext/1.3.7/include -I/opt/homebrew/Cellar/xorgproto/2025.1/include -I/opt/homebrew/Cellar/libxrender/0.9.12/include -I/opt/homebrew/Cellar/libx11/1.8.13/include -I/opt/homebrew/Cellar/libxcb/1.17.0/include -I/opt/homebrew/Cellar/libxau/1.0.12/include -I/opt/homebrew/Cellar/libxdmcp/1.1.5/include -I/opt/homebrew/Cellar/pixman/0.46.4/include/pixman-1 -I/opt/homebrew/include/gdk-pixbuf-2.0 -I/opt/homebrew/opt/libpng/include/libpng16 -I/opt/homebrew/opt/libtiff/include -I/opt/homebrew/opt/zstd/include -I/opt/homebrew/Cellar/xz/5.8.3/include -I/opt/homebrew/opt/jpeg-turbo/include -I/opt/homebrew/Cellar/at-spi2-core/2.60.4/include/atk-1.0 -I/opt/homebrew/Cellar/libepoxy/1.5.10/include -I/opt/homebrew/Cellar/fribidi/1.0.16/include/fribidi -I/opt/homebrew/Cellar/glib/2.88.1/include/gio-unix-2.0 -I/opt/homebrew/Cellar/glib/2.88.1/include -I/Library/Developer/CommandLineTools/SDKs/MacOSX26.sdk/usr/include/ffi -I/opt/homebrew/Cellar/glib/2.88.1/include/glib-2.0 -I/opt/homebrew/Cellar/glib/2.88.1/lib/glib-2.0/include -I/opt/homebrew/opt/gettext/include -I/opt/homebrew/Cellar/pcre2/10.47_1/include -L/opt/homebrew/Cellar/gtk-mac-integration/3.0.2/lib -lgtkmacintegration-gtk3 -L/opt/homebrew/Cellar/gtk+3/3.24.52/lib -lgtk-3 -lgdk-3 -Wl,-framework,Cocoa -Wl,-framework,Carbon -Wl,-framework,CoreGraphics -L/opt/homebrew/Cellar/pango/1.57.1/lib -lpangocairo-1.0 -lpango-1.0 -L/opt/homebrew/Cellar/harfbuzz/14.2.0/lib -lharfbuzz -L/opt/homebrew/Cellar/cairo/1.18.4/lib -lcairo-gobject -lcairo -L/opt/homebrew/lib -lgdk_pixbuf-2.0 -L/opt/homebrew/Cellar/at-spi2-core/2.60.4/lib -latk-1.0 -L/opt/homebrew/Cellar/glib/2.88.1/lib -lgio-2.0 -lgobject-2.0 -lglib-2.0 -L/opt/homebrew/opt/gettext/lib -lintl conftest.c  >&5
Undefined symbols for architecture arm64:
  "___argz_next", referenced from:
      _main in conftest-24eba7.o
ld: symbol(s) not found for architecture arm64
clang: error: linker command failed with exit code 1 (use -v to see invocation)
configure:16963: $? = 1
configure: failed program was:
| /* confdefs.h */
| #define PACKAGE_NAME ""
| #define PACKAGE_TARNAME ""
| #define PACKAGE_VERSION ""
| #define PACKAGE_STRING ""
| #define PACKAGE_BUGREPORT ""
| #define PACKAGE_URL ""
| #define YYTEXT_POINTER 1
| #define HAVE_STDIO_H 1
| #define HAVE_STDLIB_H 1
| #define HAVE_STRING_H 1
| #define HAVE_INTTYPES_H 1
| #define HAVE_STDINT_H 1
| #define HAVE_STRINGS_H 1
| #define HAVE_SYS_STAT_H 1
| #define HAVE_SYS_TYPES_H 1
| #define HAVE_UNISTD_H 1
| #define HAVE_SYS_PARAM_H 1
| #define HAVE_WCHAR_H 1
| #define STDC_HEADERS 1
| #define HAVE_DLFCN_H 1
| #define LT_OBJDIR ".libs/"
| #define HAVE_ALLOCA_H 1
| #define HAVE_ALLOCA 1
| #define HAVE_DIRENT_H 1
| #define HAVE_SYS_WAIT_H 1
| #define HAVE_FCNTL_H 1
| #define HAVE_INTTYPES_H 1
| #define HAVE_LANGINFO_H 1
| #define HAVE_LIBINTL_H 1
| #define HAVE_LIMITS_H 1
| #define HAVE_LOCALE_H 1
| #define HAVE_NETDB_H 1
| #define HAVE_NETINET_IN_H 1
| #define HAVE_STDDEF_H 1
| #define HAVE_STDINT_H 1
| #define HAVE_STDLIB_H 1
| #define HAVE_STRING_H 1
| #define HAVE_STRINGS_H 1
| #define HAVE_SYS_PARAM_H 1
| #define HAVE_SYS_SOCKET_H 1
| #define HAVE_SYS_UTSNAME_H 1
| #define HAVE_UNISTD_H 1
| #define HAVE__BOOL 1
| #define HAVE_STDBOOL_H 1
| #define HAVE_FORK 1
| #define HAVE_VFORK 1
| #define HAVE_GETPAGESIZE 1
| #define HAVE_SYMLINK 1
| #define HAVE_WORKING_VFORK 1
| #define HAVE_WORKING_FORK 1
| #define LSTAT_FOLLOWS_SLASHED_SYMLINK 1
| #define LSTAT_FOLLOWS_SLASHED_SYMLINK 1
| #define HAVE_MALLOC 1
| #define HAVE_MMAP 1
| #define HAVE_REALLOC 1
| #define RETSIGTYPE void
| /* end confdefs.h.  */
| /* Define __argz_next to an innocuous variant, in case <limits.h> declares __argz_next.
|    For example, HP-UX 11i <limits.h> declares gettimeofday.  */
| #define __argz_next innocuous___argz_next
| 
| /* System header to define __stub macros and hopefully few prototypes,
|    which can conflict with char __argz_next (void); below.  */
| 
| #include <limits.h>
| #undef __argz_next
| 
| /* Override any GCC internal prototype to avoid an error.
|    Use char because int might match the return type of a GCC
|    builtin and then its argument prototype would still apply.  */
| #ifdef __cplusplus
| extern "C"
| #endif
| char __argz_next (void);
| /* The GNU C library defines this for functions which it implements
|     to always fail with ENOSYS.  Some functions are actually named
|     something starting with __ and the normal name is an alias.  */
| #if defined __stub___argz_next || defined __stub_____argz_next
| choke me
| #endif
| 
| int
| main (void)
| {
| return __argz_next ();
|   ;
|   return 0;
| }
configure:16963: result: no
configure:16969: checking for __argz_stringify
configure:16969: gcc -std=gnu23 -o conftest -I/opt/homebrew/include -I/opt/homebrew/Cellar/gtk-mac-integration/3.0.2/include/gtkmacintegration -DMAC_INTEGRATION -I/opt/homebrew/Cellar/gtk+3/3.24.52/include/gtk-3.0 -I/opt/homebrew/Cellar/pango/1.57.1/include/pango-1.0 -I/opt/homebrew/Cellar/libthai/0.1.30/include -I/opt/homebrew/Cellar/libdatrie/0.2.14/include -I/opt/homebrew/Cellar/harfbuzz/14.2.0/include/harfbuzz -I/opt/homebrew/opt/graphite2/include -I/opt/homebrew/Cellar/cairo/1.18.4/include -I/opt/homebrew/Cellar/cairo/1.18.4/include/cairo -I/opt/homebrew/Cellar/fontconfig/2.17.1/include -I/opt/homebrew/opt/freetype/include/freetype2 -I/opt/homebrew/Cellar/libxext/1.3.7/include -I/opt/homebrew/Cellar/xorgproto/2025.1/include -I/opt/homebrew/Cellar/libxrender/0.9.12/include -I/opt/homebrew/Cellar/libx11/1.8.13/include -I/opt/homebrew/Cellar/libxcb/1.17.0/include -I/opt/homebrew/Cellar/libxau/1.0.12/include -I/opt/homebrew/Cellar/libxdmcp/1.1.5/include -I/opt/homebrew/Cellar/pixman/0.46.4/include/pixman-1 -I/opt/homebrew/include/gdk-pixbuf-2.0 -I/opt/homebrew/opt/libpng/include/libpng16 -I/opt/homebrew/opt/libtiff/include -I/opt/homebrew/opt/zstd/include -I/opt/homebrew/Cellar/xz/5.8.3/include -I/opt/homebrew/opt/jpeg-turbo/include -I/opt/homebrew/Cellar/at-spi2-core/2.60.4/include/atk-1.0 -I/opt/homebrew/Cellar/libepoxy/1.5.10/include -I/opt/homebrew/Cellar/fribidi/1.0.16/include/fribidi -I/opt/homebrew/Cellar/glib/2.88.1/include/gio-unix-2.0 -I/opt/homebrew/Cellar/glib/2.88.1/include -I/Library/Developer/CommandLineTools/SDKs/MacOSX26.sdk/usr/include/ffi -I/opt/homebrew/Cellar/glib/2.88.1/include/glib-2.0 -I/opt/homebrew/Cellar/glib/2.88.1/lib/glib-2.0/include -I/opt/homebrew/opt/gettext/include -I/opt/homebrew/Cellar/pcre2/10.47_1/include -L/opt/homebrew/Cellar/gtk-mac-integration/3.0.2/lib -lgtkmacintegration-gtk3 -L/opt/homebrew/Cellar/gtk+3/3.24.52/lib -lgtk-3 -lgdk-3 -Wl,-framework,Cocoa -Wl,-framework,Carbon -Wl,-framework,CoreGraphics -L/opt/homebrew/Cellar/pango/1.57.1/lib -lpangocairo-1.0 -lpango-1.0 -L/opt/homebrew/Cellar/harfbuzz/14.2.0/lib -lharfbuzz -L/opt/homebrew/Cellar/cairo/1.18.4/lib -lcairo-gobject -lcairo -L/opt/homebrew/lib -lgdk_pixbuf-2.0 -L/opt/homebrew/Cellar/at-spi2-core/2.60.4/lib -latk-1.0 -L/opt/homebrew/Cellar/glib/2.88.1/lib -lgio-2.0 -lgobject-2.0 -lglib-2.0 -L/opt/homebrew/opt/gettext/lib -lintl conftest.c  >&5
Undefined symbols for architecture arm64:
  "___argz_stringify", referenced from:
      _main in conftest-02dd31.o
ld: symbol(s) not found for architecture arm64
clang: error: linker command failed with exit code 1 (use -v to see invocation)
configure:16969: $? = 1
configure: failed program was:
| /* confdefs.h */
| #define PACKAGE_NAME ""
| #define PACKAGE_TARNAME ""
| #define PACKAGE_VERSION ""
| #define PACKAGE_STRING ""
| #define PACKAGE_BUGREPORT ""
| #define PACKAGE_URL ""
| #define YYTEXT_POINTER 1
| #define HAVE_STDIO_H 1
| #define HAVE_STDLIB_H 1
| #define HAVE_STRING_H 1
| #define HAVE_INTTYPES_H 1
| #define HAVE_STDINT_H 1
| #define HAVE_STRINGS_H 1
| #define HAVE_SYS_STAT_H 1
| #define HAVE_SYS_TYPES_H 1
| #define HAVE_UNISTD_H 1
| #define HAVE_SYS_PARAM_H 1
| #define HAVE_WCHAR_H 1
| #define STDC_HEADERS 1
| #define HAVE_DLFCN_H 1
| #define LT_OBJDIR ".libs/"
| #define HAVE_ALLOCA_H 1
| #define HAVE_ALLOCA 1
| #define HAVE_DIRENT_H 1
| #define HAVE_SYS_WAIT_H 1
| #define HAVE_FCNTL_H 1
| #define HAVE_INTTYPES_H 1
| #define HAVE_LANGINFO_H 1
| #define HAVE_LIBINTL_H 1
| #define HAVE_LIMITS_H 1
| #define HAVE_LOCALE_H 1
| #define HAVE_NETDB_H 1
| #define HAVE_NETINET_IN_H 1
| #define HAVE_STDDEF_H 1
| #define HAVE_STDINT_H 1
| #define HAVE_STDLIB_H 1
| #define HAVE_STRING_H 1
| #define HAVE_STRINGS_H 1
| #define HAVE_SYS_PARAM_H 1
| #define HAVE_SYS_SOCKET_H 1
| #define HAVE_SYS_UTSNAME_H 1
| #define HAVE_UNISTD_H 1
| #define HAVE__BOOL 1
| #define HAVE_STDBOOL_H 1
| #define HAVE_FORK 1
| #define HAVE_VFORK 1
| #define HAVE_GETPAGESIZE 1
| #define HAVE_SYMLINK 1
| #define HAVE_WORKING_VFORK 1
| #define HAVE_WORKING_FORK 1
| #define LSTAT_FOLLOWS_SLASHED_SYMLINK 1
| #define LSTAT_FOLLOWS_SLASHED_SYMLINK 1
| #define HAVE_MALLOC 1
| #define HAVE_MMAP 1
| #define HAVE_REALLOC 1
| #define RETSIGTYPE void
| /* end confdefs.h.  */
| /* Define __argz_stringify to an innocuous variant, in case <limits.h> declares __argz_stringify.
|    For example, HP-UX 11i <limits.h> declares gettimeofday.  */
| #define __argz_stringify innocuous___argz_stringify
| 
| /* System header to define __stub macros and hopefully few prototypes,
|    which can conflict with char __argz_stringify (void); below.  */
| 
| #include <limits.h>
| #undef __argz_stringify
| 
| /* Override any GCC internal prototype to avoid an error.
|    Use char because int might match the return type of a GCC
|    builtin and then its argument prototype would still apply.  */
| #ifdef __cplusplus
| extern "C"
| #endif
| char __argz_stringify (void);
| /* The GNU C library defines this for functions which it implements
|     to always fail with ENOSYS.  Some functions are actually named
|     something starting with __ and the normal name is an alias.  */
| #if defined __stub___argz_stringify || defined __stub_____argz_stringify
| choke me
| #endif
| 
| int
| main (void)
| {
| return __argz_stringify ();
|   ;
|   return 0;
| }
configure:16969: result: no
configure:16975: checking for dup2
configure:16975: gcc -std=gnu23 -o conftest -I/opt/homebrew/include -I/opt/homebrew/Cellar/gtk-mac-integration/3.0.2/include/gtkmacintegration -DMAC_INTEGRATION -I/opt/homebrew/Cellar/gtk+3/3.24.52/include/gtk-3.0 -I/opt/homebrew/Cellar/pango/1.57.1/include/pango-1.0 -I/opt/homebrew/Cellar/libthai/0.1.30/include -I/opt/homebrew/Cellar/libdatrie/0.2.14/include -I/opt/homebrew/Cellar/harfbuzz/14.2.0/include/harfbuzz -I/opt/homebrew/opt/graphite2/include -I/opt/homebrew/Cellar/cairo/1.18.4/include -I/opt/homebrew/Cellar/cairo/1.18.4/include/cairo -I/opt/homebrew/Cellar/fontconfig/2.17.1/include -I/opt/homebrew/opt/freetype/include/freetype2 -I/opt/homebrew/Cellar/libxext/1.3.7/include -I/opt/homebrew/Cellar/xorgproto/2025.1/include -I/opt/homebrew/Cellar/libxrender/0.9.12/include -I/opt/homebrew/Cellar/libx11/1.8.13/include -I/opt/homebrew/Cellar/libxcb/1.17.0/include -I/opt/homebrew/Cellar/libxau/1.0.12/include -I/opt/homebrew/Cellar/libxdmcp/1.1.5/include -I/opt/homebrew/Cellar/pixman/0.46.4/include/pixman-1 -I/opt/homebrew/include/gdk-pixbuf-2.0 -I/opt/homebrew/opt/libpng/include/libpng16 -I/opt/homebrew/opt/libtiff/include -I/opt/homebrew/opt/zstd/include -I/opt/homebrew/Cellar/xz/5.8.3/include -I/opt/homebrew/opt/jpeg-turbo/include -I/opt/homebrew/Cellar/at-spi2-core/2.60.4/include/atk-1.0 -I/opt/homebrew/Cellar/libepoxy/1.5.10/include -I/opt/homebrew/Cellar/fribidi/1.0.16/include/fribidi -I/opt/homebrew/Cellar/glib/2.88.1/include/gio-unix-2.0 -I/opt/homebrew/Cellar/glib/2.88.1/include -I/Library/Developer/CommandLineTools/SDKs/MacOSX26.sdk/usr/include/ffi -I/opt/homebrew/Cellar/glib/2.88.1/include/glib-2.0 -I/opt/homebrew/Cellar/glib/2.88.1/lib/glib-2.0/include -I/opt/homebrew/opt/gettext/include -I/opt/homebrew/Cellar/pcre2/10.47_1/include -L/opt/homebrew/Cellar/gtk-mac-integration/3.0.2/lib -lgtkmacintegration-gtk3 -L/opt/homebrew/Cellar/gtk+3/3.24.52/lib -lgtk-3 -lgdk-3 -Wl,-framework,Cocoa -Wl,-framework,Carbon -Wl,-framework,CoreGraphics -L/opt/homebrew/Cellar/pango/1.57.1/lib -lpangocairo-1.0 -lpango-1.0 -L/opt/homebrew/Cellar/harfbuzz/14.2.0/lib -lharfbuzz -L/opt/homebrew/Cellar/cairo/1.18.4/lib -lcairo-gobject -lcairo -L/opt/homebrew/lib -lgdk_pixbuf-2.0 -L/opt/homebrew/Cellar/at-spi2-core/2.60.4/lib -latk-1.0 -L/opt/homebrew/Cellar/glib/2.88.1/lib -lgio-2.0 -lgobject-2.0 -lglib-2.0 -L/opt/homebrew/opt/gettext/lib -lintl conftest.c  >&5
configure:16975: $? = 0
configure:16975: result: yes
configure:16981: checking for getcwd
configure:16981: gcc -std=gnu23 -o conftest -I/opt/homebrew/include -I/opt/homebrew/Cellar/gtk-mac-integration/3.0.2/include/gtkmacintegration -DMAC_INTEGRATION -I/opt/homebrew/Cellar/gtk+3/3.24.52/include/gtk-3.0 -I/opt/homebrew/Cellar/pango/1.57.1/include/pango-1.0 -I/opt/homebrew/Cellar/libthai/0.1.30/include -I/opt/homebrew/Cellar/libdatrie/0.2.14/include -I/opt/homebrew/Cellar/harfbuzz/14.2.0/include/harfbuzz -I/opt/homebrew/opt/graphite2/include -I/opt/homebrew/Cellar/cairo/1.18.4/include -I/opt/homebrew/Cellar/cairo/1.18.4/include/cairo -I/opt/homebrew/Cellar/fontconfig/2.17.1/include -I/opt/homebrew/opt/freetype/include/freetype2 -I/opt/homebrew/Cellar/libxext/1.3.7/include -I/opt/homebrew/Cellar/xorgproto/2025.1/include -I/opt/homebrew/Cellar/libxrender/0.9.12/include -I/opt/homebrew/Cellar/libx11/1.8.13/include -I/opt/homebrew/Cellar/libxcb/1.17.0/include -I/opt/homebrew/Cellar/libxau/1.0.12/include -I/opt/homebrew/Cellar/libxdmcp/1.1.5/include -I/opt/homebrew/Cellar/pixman/0.46.4/include/pixman-1 -I/opt/homebrew/include/gdk-pixbuf-2.0 -I/opt/homebrew/opt/libpng/include/libpng16 -I/opt/homebrew/opt/libtiff/include -I/opt/homebrew/opt/zstd/include -I/opt/homebrew/Cellar/xz/5.8.3/include -I/opt/homebrew/opt/jpeg-turbo/include -I/opt/homebrew/Cellar/at-spi2-core/2.60.4/include/atk-1.0 -I/opt/homebrew/Cellar/libepoxy/1.5.10/include -I/opt/homebrew/Cellar/fribidi/1.0.16/include/fribidi -I/opt/homebrew/Cellar/glib/2.88.1/include/gio-unix-2.0 -I/opt/homebrew/Cellar/glib/2.88.1/include -I/Library/Developer/CommandLineTools/SDKs/MacOSX26.sdk/usr/include/ffi -I/opt/homebrew/Cellar/glib/2.88.1/include/glib-2.0 -I/opt/homebrew/Cellar/glib/2.88.1/lib/glib-2.0/include -I/opt/homebrew/opt/gettext/include -I/opt/homebrew/Cellar/pcre2/10.47_1/include -L/opt/homebrew/Cellar/gtk-mac-integration/3.0.2/lib -lgtkmacintegration-gtk3 -L/opt/homebrew/Cellar/gtk+3/3.24.52/lib -lgtk-3 -lgdk-3 -Wl,-framework,Cocoa -Wl,-framework,Carbon -Wl,-framework,CoreGraphics -L/opt/homebrew/Cellar/pango/1.57.1/lib -lpangocairo-1.0 -lpango-1.0 -L/opt/homebrew/Cellar/harfbuzz/14.2.0/lib -lharfbuzz -L/opt/homebrew/Cellar/cairo/1.18.4/lib -lcairo-gobject -lcairo -L/opt/homebrew/lib -lgdk_pixbuf-2.0 -L/opt/homebrew/Cellar/at-spi2-core/2.60.4/lib -latk-1.0 -L/opt/homebrew/Cellar/glib/2.88.1/lib -lgio-2.0 -lgobject-2.0 -lglib-2.0 -L/opt/homebrew/opt/gettext/lib -lintl conftest.c  >&5
configure:16981: $? = 0
configure:16981: result: yes
configure:16987: checking for gethostbyname
configure:16987: gcc -std=gnu23 -o conftest -I/opt/homebrew/include -I/opt/homebrew/Cellar/gtk-mac-integration/3.0.2/include/gtkmacintegration -DMAC_INTEGRATION -I/opt/homebrew/Cellar/gtk+3/3.24.52/include/gtk-3.0 -I/opt/homebrew/Cellar/pango/1.57.1/include/pango-1.0 -I/opt/homebrew/Cellar/libthai/0.1.30/include -I/opt/homebrew/Cellar/libdatrie/0.2.14/include -I/opt/homebrew/Cellar/harfbuzz/14.2.0/include/harfbuzz -I/opt/homebrew/opt/graphite2/include -I/opt/homebrew/Cellar/cairo/1.18.4/include -I/opt/homebrew/Cellar/cairo/1.18.4/include/cairo -I/opt/homebrew/Cellar/fontconfig/2.17.1/include -I/opt/homebrew/opt/freetype/include/freetype2 -I/opt/homebrew/Cellar/libxext/1.3.7/include -I/opt/homebrew/Cellar/xorgproto/2025.1/include -I/opt/homebrew/Cellar/libxrender/0.9.12/include -I/opt/homebrew/Cellar/libx11/1.8.13/include -I/opt/homebrew/Cellar/libxcb/1.17.0/include -I/opt/homebrew/Cellar/libxau/1.0.12/include -I/opt/homebrew/Cellar/libxdmcp/1.1.5/include -I/opt/homebrew/Cellar/pixman/0.46.4/include/pixman-1 -I/opt/homebrew/include/gdk-pixbuf-2.0 -I/opt/homebrew/opt/libpng/include/libpng16 -I/opt/homebrew/opt/libtiff/include -I/opt/homebrew/opt/zstd/include -I/opt/homebrew/Cellar/xz/5.8.3/include -I/opt/homebrew/opt/jpeg-turbo/include -I/opt/homebrew/Cellar/at-spi2-core/2.60.4/include/atk-1.0 -I/opt/homebrew/Cellar/libepoxy/1.5.10/include -I/opt/homebrew/Cellar/fribidi/1.0.16/include/fribidi -I/opt/homebrew/Cellar/glib/2.88.1/include/gio-unix-2.0 -I/opt/homebrew/Cellar/glib/2.88.1/include -I/Library/Developer/CommandLineTools/SDKs/MacOSX26.sdk/usr/include/ffi -I/opt/homebrew/Cellar/glib/2.88.1/include/glib-2.0 -I/opt/homebrew/Cellar/glib/2.88.1/lib/glib-2.0/include -I/opt/homebrew/opt/gettext/include -I/opt/homebrew/Cellar/pcre2/10.47_1/include -L/opt/homebrew/Cellar/gtk-mac-integration/3.0.2/lib -lgtkmacintegration-gtk3 -L/opt/homebrew/Cellar/gtk+3/3.24.52/lib -lgtk-3 -lgdk-3 -Wl,-framework,Cocoa -Wl,-framework,Carbon -Wl,-framework,CoreGraphics -L/opt/homebrew/Cellar/pango/1.57.1/lib -lpangocairo-1.0 -lpango-1.0 -L/opt/homebrew/Cellar/harfbuzz/14.2.0/lib -lharfbuzz -L/opt/homebrew/Cellar/cairo/1.18.4/lib -lcairo-gobject -lcairo -L/opt/homebrew/lib -lgdk_pixbuf-2.0 -L/opt/homebrew/Cellar/at-spi2-core/2.60.4/lib -latk-1.0 -L/opt/homebrew/Cellar/glib/2.88.1/lib -lgio-2.0 -lgobject-2.0 -lglib-2.0 -L/opt/homebrew/opt/gettext/lib -lintl conftest.c  >&5
configure:16987: $? = 0
configure:16987: result: yes
configure:16993: checking for mempcpy
configure:16993: gcc -std=gnu23 -o conftest -I/opt/homebrew/include -I/opt/homebrew/Cellar/gtk-mac-integration/3.0.2/include/gtkmacintegration -DMAC_INTEGRATION -I/opt/homebrew/Cellar/gtk+3/3.24.52/include/gtk-3.0 -I/opt/homebrew/Cellar/pango/1.57.1/include/pango-1.0 -I/opt/homebrew/Cellar/libthai/0.1.30/include -I/opt/homebrew/Cellar/libdatrie/0.2.14/include -I/opt/homebrew/Cellar/harfbuzz/14.2.0/include/harfbuzz -I/opt/homebrew/opt/graphite2/include -I/opt/homebrew/Cellar/cairo/1.18.4/include -I/opt/homebrew/Cellar/cairo/1.18.4/include/cairo -I/opt/homebrew/Cellar/fontconfig/2.17.1/include -I/opt/homebrew/opt/freetype/include/freetype2 -I/opt/homebrew/Cellar/libxext/1.3.7/include -I/opt/homebrew/Cellar/xorgproto/2025.1/include -I/opt/homebrew/Cellar/libxrender/0.9.12/include -I/opt/homebrew/Cellar/libx11/1.8.13/include -I/opt/homebrew/Cellar/libxcb/1.17.0/include -I/opt/homebrew/Cellar/libxau/1.0.12/include -I/opt/homebrew/Cellar/libxdmcp/1.1.5/include -I/opt/homebrew/Cellar/pixman/0.46.4/include/pixman-1 -I/opt/homebrew/include/gdk-pixbuf-2.0 -I/opt/homebrew/opt/libpng/include/libpng16 -I/opt/homebrew/opt/libtiff/include -I/opt/homebrew/opt/zstd/include -I/opt/homebrew/Cellar/xz/5.8.3/include -I/opt/homebrew/opt/jpeg-turbo/include -I/opt/homebrew/Cellar/at-spi2-core/2.60.4/include/atk-1.0 -I/opt/homebrew/Cellar/libepoxy/1.5.10/include -I/opt/homebrew/Cellar/fribidi/1.0.16/include/fribidi -I/opt/homebrew/Cellar/glib/2.88.1/include/gio-unix-2.0 -I/opt/homebrew/Cellar/glib/2.88.1/include -I/Library/Developer/CommandLineTools/SDKs/MacOSX26.sdk/usr/include/ffi -I/opt/homebrew/Cellar/glib/2.88.1/include/glib-2.0 -I/opt/homebrew/Cellar/glib/2.88.1/lib/glib-2.0/include -I/opt/homebrew/opt/gettext/include -I/opt/homebrew/Cellar/pcre2/10.47_1/include -L/opt/homebrew/Cellar/gtk-mac-integration/3.0.2/lib -lgtkmacintegration-gtk3 -L/opt/homebrew/Cellar/gtk+3/3.24.52/lib -lgtk-3 -lgdk-3 -Wl,-framework,Cocoa -Wl,-framework,Carbon -Wl,-framework,CoreGraphics -L/opt/homebrew/Cellar/pango/1.57.1/lib -lpangocairo-1.0 -lpango-1.0 -L/opt/homebrew/Cellar/harfbuzz/14.2.0/lib -lharfbuzz -L/opt/homebrew/Cellar/cairo/1.18.4/lib -lcairo-gobject -lcairo -L/opt/homebrew/lib -lgdk_pixbuf-2.0 -L/opt/homebrew/Cellar/at-spi2-core/2.60.4/lib -latk-1.0 -L/opt/homebrew/Cellar/glib/2.88.1/lib -lgio-2.0 -lgobject-2.0 -lglib-2.0 -L/opt/homebrew/opt/gettext/lib -lintl conftest.c  >&5
conftest.c:78:6: warning: incompatible redeclaration of library function 'mempcpy' [-Wincompatible-library-redeclaration]
   78 | char mempcpy (void);
      |      ^
conftest.c:78:6: note: 'mempcpy' is a builtin with type 'void *(void *, const void *, unsigned long)'
1 warning generated.
Undefined symbols for architecture arm64:
  "_mempcpy", referenced from:
      _main in conftest-019802.o
ld: symbol(s) not found for architecture arm64
clang: error: linker command failed with exit code 1 (use -v to see invocation)
configure:16993: $? = 1
configure: failed program was:
| /* confdefs.h */
| #define PACKAGE_NAME ""
| #define PACKAGE_TARNAME ""
| #define PACKAGE_VERSION ""
| #define PACKAGE_STRING ""
| #define PACKAGE_BUGREPORT ""
| #define PACKAGE_URL ""
| #define YYTEXT_POINTER 1
| #define HAVE_STDIO_H 1
| #define HAVE_STDLIB_H 1
| #define HAVE_STRING_H 1
| #define HAVE_INTTYPES_H 1
| #define HAVE_STDINT_H 1
| #define HAVE_STRINGS_H 1
| #define HAVE_SYS_STAT_H 1
| #define HAVE_SYS_TYPES_H 1
| #define HAVE_UNISTD_H 1
| #define HAVE_SYS_PARAM_H 1
| #define HAVE_WCHAR_H 1
| #define STDC_HEADERS 1
| #define HAVE_DLFCN_H 1
| #define LT_OBJDIR ".libs/"
| #define HAVE_ALLOCA_H 1
| #define HAVE_ALLOCA 1
| #define HAVE_DIRENT_H 1
| #define HAVE_SYS_WAIT_H 1
| #define HAVE_FCNTL_H 1
| #define HAVE_INTTYPES_H 1
| #define HAVE_LANGINFO_H 1
| #define HAVE_LIBINTL_H 1
| #define HAVE_LIMITS_H 1
| #define HAVE_LOCALE_H 1
| #define HAVE_NETDB_H 1
| #define HAVE_NETINET_IN_H 1
| #define HAVE_STDDEF_H 1
| #define HAVE_STDINT_H 1
| #define HAVE_STDLIB_H 1
| #define HAVE_STRING_H 1
| #define HAVE_STRINGS_H 1
| #define HAVE_SYS_PARAM_H 1
| #define HAVE_SYS_SOCKET_H 1
| #define HAVE_SYS_UTSNAME_H 1
| #define HAVE_UNISTD_H 1
| #define HAVE__BOOL 1
| #define HAVE_STDBOOL_H 1
| #define HAVE_FORK 1
| #define HAVE_VFORK 1
| #define HAVE_GETPAGESIZE 1
| #define HAVE_SYMLINK 1
| #define HAVE_WORKING_VFORK 1
| #define HAVE_WORKING_FORK 1
| #define LSTAT_FOLLOWS_SLASHED_SYMLINK 1
| #define LSTAT_FOLLOWS_SLASHED_SYMLINK 1
| #define HAVE_MALLOC 1
| #define HAVE_MMAP 1
| #define HAVE_REALLOC 1
| #define RETSIGTYPE void
| #define HAVE_DUP2 1
| #define HAVE_GETCWD 1
| #define HAVE_GETHOSTBYNAME 1
| /* end confdefs.h.  */
| /* Define mempcpy to an innocuous variant, in case <limits.h> declares mempcpy.
|    For example, HP-UX 11i <limits.h> declares gettimeofday.  */
| #define mempcpy innocuous_mempcpy
| 
| /* System header to define __stub macros and hopefully few prototypes,
|    which can conflict with char mempcpy (void); below.  */
| 
| #include <limits.h>
| #undef mempcpy
| 
| /* Override any GCC internal prototype to avoid an error.
|    Use char because int might match the return type of a GCC
|    builtin and then its argument prototype would still apply.  */
| #ifdef __cplusplus
| extern "C"
| #endif
| char mempcpy (void);
| /* The GNU C library defines this for functions which it implements
|     to always fail with ENOSYS.  Some functions are actually named
|     something starting with __ and the normal name is an alias.  */
| #if defined __stub_mempcpy || defined __stub___mempcpy
| choke me
| #endif
| 
| int
| main (void)
| {
| return mempcpy ();
|   ;
|   return 0;
| }
configure:16993: result: no
configure:16999: checking for memset
configure:16999: gcc -std=gnu23 -o conftest -I/opt/homebrew/include -I/opt/homebrew/Cellar/gtk-mac-integration/3.0.2/include/gtkmacintegration -DMAC_INTEGRATION -I/opt/homebrew/Cellar/gtk+3/3.24.52/include/gtk-3.0 -I/opt/homebrew/Cellar/pango/1.57.1/include/pango-1.0 -I/opt/homebrew/Cellar/libthai/0.1.30/include -I/opt/homebrew/Cellar/libdatrie/0.2.14/include -I/opt/homebrew/Cellar/harfbuzz/14.2.0/include/harfbuzz -I/opt/homebrew/opt/graphite2/include -I/opt/homebrew/Cellar/cairo/1.18.4/include -I/opt/homebrew/Cellar/cairo/1.18.4/include/cairo -I/opt/homebrew/Cellar/fontconfig/2.17.1/include -I/opt/homebrew/opt/freetype/include/freetype2 -I/opt/homebrew/Cellar/libxext/1.3.7/include -I/opt/homebrew/Cellar/xorgproto/2025.1/include -I/opt/homebrew/Cellar/libxrender/0.9.12/include -I/opt/homebrew/Cellar/libx11/1.8.13/include -I/opt/homebrew/Cellar/libxcb/1.17.0/include -I/opt/homebrew/Cellar/libxau/1.0.12/include -I/opt/homebrew/Cellar/libxdmcp/1.1.5/include -I/opt/homebrew/Cellar/pixman/0.46.4/include/pixman-1 -I/opt/homebrew/include/gdk-pixbuf-2.0 -I/opt/homebrew/opt/libpng/include/libpng16 -I/opt/homebrew/opt/libtiff/include -I/opt/homebrew/opt/zstd/include -I/opt/homebrew/Cellar/xz/5.8.3/include -I/opt/homebrew/opt/jpeg-turbo/include -I/opt/homebrew/Cellar/at-spi2-core/2.60.4/include/atk-1.0 -I/opt/homebrew/Cellar/libepoxy/1.5.10/include -I/opt/homebrew/Cellar/fribidi/1.0.16/include/fribidi -I/opt/homebrew/Cellar/glib/2.88.1/include/gio-unix-2.0 -I/opt/homebrew/Cellar/glib/2.88.1/include -I/Library/Developer/CommandLineTools/SDKs/MacOSX26.sdk/usr/include/ffi -I/opt/homebrew/Cellar/glib/2.88.1/include/glib-2.0 -I/opt/homebrew/Cellar/glib/2.88.1/lib/glib-2.0/include -I/opt/homebrew/opt/gettext/include -I/opt/homebrew/Cellar/pcre2/10.47_1/include -L/opt/homebrew/Cellar/gtk-mac-integration/3.0.2/lib -lgtkmacintegration-gtk3 -L/opt/homebrew/Cellar/gtk+3/3.24.52/lib -lgtk-3 -lgdk-3 -Wl,-framework,Cocoa -Wl,-framework,Carbon -Wl,-framework,CoreGraphics -L/opt/homebrew/Cellar/pango/1.57.1/lib -lpangocairo-1.0 -lpango-1.0 -L/opt/homebrew/Cellar/harfbuzz/14.2.0/lib -lharfbuzz -L/opt/homebrew/Cellar/cairo/1.18.4/lib -lcairo-gobject -lcairo -L/opt/homebrew/lib -lgdk_pixbuf-2.0 -L/opt/homebrew/Cellar/at-spi2-core/2.60.4/lib -latk-1.0 -L/opt/homebrew/Cellar/glib/2.88.1/lib -lgio-2.0 -lgobject-2.0 -lglib-2.0 -L/opt/homebrew/opt/gettext/lib -lintl conftest.c  >&5
conftest.c:78:6: warning: incompatible redeclaration of library function 'memset' [-Wincompatible-library-redeclaration]
   78 | char memset (void);
      |      ^
conftest.c:78:6: note: 'memset' is a builtin with type 'void *(void *, int, unsigned long)'
1 warning generated.
configure:16999: $? = 0
configure:16999: result: yes
configure:17005: checking for mkdir
configure:17005: gcc -std=gnu23 -o conftest -I/opt/homebrew/include -I/opt/homebrew/Cellar/gtk-mac-integration/3.0.2/include/gtkmacintegration -DMAC_INTEGRATION -I/opt/homebrew/Cellar/gtk+3/3.24.52/include/gtk-3.0 -I/opt/homebrew/Cellar/pango/1.57.1/include/pango-1.0 -I/opt/homebrew/Cellar/libthai/0.1.30/include -I/opt/homebrew/Cellar/libdatrie/0.2.14/include -I/opt/homebrew/Cellar/harfbuzz/14.2.0/include/harfbuzz -I/opt/homebrew/opt/graphite2/include -I/opt/homebrew/Cellar/cairo/1.18.4/include -I/opt/homebrew/Cellar/cairo/1.18.4/include/cairo -I/opt/homebrew/Cellar/fontconfig/2.17.1/include -I/opt/homebrew/opt/freetype/include/freetype2 -I/opt/homebrew/Cellar/libxext/1.3.7/include -I/opt/homebrew/Cellar/xorgproto/2025.1/include -I/opt/homebrew/Cellar/libxrender/0.9.12/include -I/opt/homebrew/Cellar/libx11/1.8.13/include -I/opt/homebrew/Cellar/libxcb/1.17.0/include -I/opt/homebrew/Cellar/libxau/1.0.12/include -I/opt/homebrew/Cellar/libxdmcp/1.1.5/include -I/opt/homebrew/Cellar/pixman/0.46.4/include/pixman-1 -I/opt/homebrew/include/gdk-pixbuf-2.0 -I/opt/homebrew/opt/libpng/include/libpng16 -I/opt/homebrew/opt/libtiff/include -I/opt/homebrew/opt/zstd/include -I/opt/homebrew/Cellar/xz/5.8.3/include -I/opt/homebrew/opt/jpeg-turbo/include -I/opt/homebrew/Cellar/at-spi2-core/2.60.4/include/atk-1.0 -I/opt/homebrew/Cellar/libepoxy/1.5.10/include -I/opt/homebrew/Cellar/fribidi/1.0.16/include/fribidi -I/opt/homebrew/Cellar/glib/2.88.1/include/gio-unix-2.0 -I/opt/homebrew/Cellar/glib/2.88.1/include -I/Library/Developer/CommandLineTools/SDKs/MacOSX26.sdk/usr/include/ffi -I/opt/homebrew/Cellar/glib/2.88.1/include/glib-2.0 -I/opt/homebrew/Cellar/glib/2.88.1/lib/glib-2.0/include -I/opt/homebrew/opt/gettext/include -I/opt/homebrew/Cellar/pcre2/10.47_1/include -L/opt/homebrew/Cellar/gtk-mac-integration/3.0.2/lib -lgtkmacintegration-gtk3 -L/opt/homebrew/Cellar/gtk+3/3.24.52/lib -lgtk-3 -lgdk-3 -Wl,-framework,Cocoa -Wl,-framework,Carbon -Wl,-framework,CoreGraphics -L/opt/homebrew/Cellar/pango/1.57.1/lib -lpangocairo-1.0 -lpango-1.0 -L/opt/homebrew/Cellar/harfbuzz/14.2.0/lib -lharfbuzz -L/opt/homebrew/Cellar/cairo/1.18.4/lib -lcairo-gobject -lcairo -L/opt/homebrew/lib -lgdk_pixbuf-2.0 -L/opt/homebrew/Cellar/at-spi2-core/2.60.4/lib -latk-1.0 -L/opt/homebrew/Cellar/glib/2.88.1/lib -lgio-2.0 -lgobject-2.0 -lglib-2.0 -L/opt/homebrew/opt/gettext/lib -lintl conftest.c  >&5
configure:17005: $? = 0
configure:17005: result: yes
configure:17011: checking for munmap
configure:17011: gcc -std=gnu23 -o conftest -I/opt/homebrew/include -I/opt/homebrew/Cellar/gtk-mac-integration/3.0.2/include/gtkmacintegration -DMAC_INTEGRATION -I/opt/homebrew/Cellar/gtk+3/3.24.52/include/gtk-3.0 -I/opt/homebrew/Cellar/pango/1.57.1/include/pango-1.0 -I/opt/homebrew/Cellar/libthai/0.1.30/include -I/opt/homebrew/Cellar/libdatrie/0.2.14/include -I/opt/homebrew/Cellar/harfbuzz/14.2.0/include/harfbuzz -I/opt/homebrew/opt/graphite2/include -I/opt/homebrew/Cellar/cairo/1.18.4/include -I/opt/homebrew/Cellar/cairo/1.18.4/include/cairo -I/opt/homebrew/Cellar/fontconfig/2.17.1/include -I/opt/homebrew/opt/freetype/include/freetype2 -I/opt/homebrew/Cellar/libxext/1.3.7/include -I/opt/homebrew/Cellar/xorgproto/2025.1/include -I/opt/homebrew/Cellar/libxrender/0.9.12/include -I/opt/homebrew/Cellar/libx11/1.8.13/include -I/opt/homebrew/Cellar/libxcb/1.17.0/include -I/opt/homebrew/Cellar/libxau/1.0.12/include -I/opt/homebrew/Cellar/libxdmcp/1.1.5/include -I/opt/homebrew/Cellar/pixman/0.46.4/include/pixman-1 -I/opt/homebrew/include/gdk-pixbuf-2.0 -I/opt/homebrew/opt/libpng/include/libpng16 -I/opt/homebrew/opt/libtiff/include -I/opt/homebrew/opt/zstd/include -I/opt/homebrew/Cellar/xz/5.8.3/include -I/opt/homebrew/opt/jpeg-turbo/include -I/opt/homebrew/Cellar/at-spi2-core/2.60.4/include/atk-1.0 -I/opt/homebrew/Cellar/libepoxy/1.5.10/include -I/opt/homebrew/Cellar/fribidi/1.0.16/include/fribidi -I/opt/homebrew/Cellar/glib/2.88.1/include/gio-unix-2.0 -I/opt/homebrew/Cellar/glib/2.88.1/include -I/Library/Developer/CommandLineTools/SDKs/MacOSX26.sdk/usr/include/ffi -I/opt/homebrew/Cellar/glib/2.88.1/include/glib-2.0 -I/opt/homebrew/Cellar/glib/2.88.1/lib/glib-2.0/include -I/opt/homebrew/opt/gettext/include -I/opt/homebrew/Cellar/pcre2/10.47_1/include -L/opt/homebrew/Cellar/gtk-mac-integration/3.0.2/lib -lgtkmacintegration-gtk3 -L/opt/homebrew/Cellar/gtk+3/3.24.52/lib -lgtk-3 -lgdk-3 -Wl,-framework,Cocoa -Wl,-framework,Carbon -Wl,-framework,CoreGraphics -L/opt/homebrew/Cellar/pango/1.57.1/lib -lpangocairo-1.0 -lpango-1.0 -L/opt/homebrew/Cellar/harfbuzz/14.2.0/lib -lharfbuzz -L/opt/homebrew/Cellar/cairo/1.18.4/lib -lcairo-gobject -lcairo -L/opt/homebrew/lib -lgdk_pixbuf-2.0 -L/opt/homebrew/Cellar/at-spi2-core/2.60.4/lib -latk-1.0 -L/opt/homebrew/Cellar/glib/2.88.1/lib -lgio-2.0 -lgobject-2.0 -lglib-2.0 -L/opt/homebrew/opt/gettext/lib -lintl conftest.c  >&5
configure:17011: $? = 0
configure:17011: result: yes
configure:17017: checking for nl_langinfo
configure:17017: gcc -std=gnu23 -o conftest -I/opt/homebrew/include -I/opt/homebrew/Cellar/gtk-mac-integration/3.0.2/include/gtkmacintegration -DMAC_INTEGRATION -I/opt/homebrew/Cellar/gtk+3/3.24.52/include/gtk-3.0 -I/opt/homebrew/Cellar/pango/1.57.1/include/pango-1.0 -I/opt/homebrew/Cellar/libthai/0.1.30/include -I/opt/homebrew/Cellar/libdatrie/0.2.14/include -I/opt/homebrew/Cellar/harfbuzz/14.2.0/include/harfbuzz -I/opt/homebrew/opt/graphite2/include -I/opt/homebrew/Cellar/cairo/1.18.4/include -I/opt/homebrew/Cellar/cairo/1.18.4/include/cairo -I/opt/homebrew/Cellar/fontconfig/2.17.1/include -I/opt/homebrew/opt/freetype/include/freetype2 -I/opt/homebrew/Cellar/libxext/1.3.7/include -I/opt/homebrew/Cellar/xorgproto/2025.1/include -I/opt/homebrew/Cellar/libxrender/0.9.12/include -I/opt/homebrew/Cellar/libx11/1.8.13/include -I/opt/homebrew/Cellar/libxcb/1.17.0/include -I/opt/homebrew/Cellar/libxau/1.0.12/include -I/opt/homebrew/Cellar/libxdmcp/1.1.5/include -I/opt/homebrew/Cellar/pixman/0.46.4/include/pixman-1 -I/opt/homebrew/include/gdk-pixbuf-2.0 -I/opt/homebrew/opt/libpng/include/libpng16 -I/opt/homebrew/opt/libtiff/include -I/opt/homebrew/opt/zstd/include -I/opt/homebrew/Cellar/xz/5.8.3/include -I/opt/homebrew/opt/jpeg-turbo/include -I/opt/homebrew/Cellar/at-spi2-core/2.60.4/include/atk-1.0 -I/opt/homebrew/Cellar/libepoxy/1.5.10/include -I/opt/homebrew/Cellar/fribidi/1.0.16/include/fribidi -I/opt/homebrew/Cellar/glib/2.88.1/include/gio-unix-2.0 -I/opt/homebrew/Cellar/glib/2.88.1/include -I/Library/Developer/CommandLineTools/SDKs/MacOSX26.sdk/usr/include/ffi -I/opt/homebrew/Cellar/glib/2.88.1/include/glib-2.0 -I/opt/homebrew/Cellar/glib/2.88.1/lib/glib-2.0/include -I/opt/homebrew/opt/gettext/include -I/opt/homebrew/Cellar/pcre2/10.47_1/include -L/opt/homebrew/Cellar/gtk-mac-integration/3.0.2/lib -lgtkmacintegration-gtk3 -L/opt/homebrew/Cellar/gtk+3/3.24.52/lib -lgtk-3 -lgdk-3 -Wl,-framework,Cocoa -Wl,-framework,Carbon -Wl,-framework,CoreGraphics -L/opt/homebrew/Cellar/pango/1.57.1/lib -lpangocairo-1.0 -lpango-1.0 -L/opt/homebrew/Cellar/harfbuzz/14.2.0/lib -lharfbuzz -L/opt/homebrew/Cellar/cairo/1.18.4/lib -lcairo-gobject -lcairo -L/opt/homebrew/lib -lgdk_pixbuf-2.0 -L/opt/homebrew/Cellar/at-spi2-core/2.60.4/lib -latk-1.0 -L/opt/homebrew/Cellar/glib/2.88.1/lib -lgio-2.0 -lgobject-2.0 -lglib-2.0 -L/opt/homebrew/opt/gettext/lib -lintl conftest.c  >&5
configure:17017: $? = 0
configure:17017: result: yes
configure:17023: checking for setlocale
configure:17023: gcc -std=gnu23 -o conftest -I/opt/homebrew/include -I/opt/homebrew/Cellar/gtk-mac-integration/3.0.2/include/gtkmacintegration -DMAC_INTEGRATION -I/opt/homebrew/Cellar/gtk+3/3.24.52/include/gtk-3.0 -I/opt/homebrew/Cellar/pango/1.57.1/include/pango-1.0 -I/opt/homebrew/Cellar/libthai/0.1.30/include -I/opt/homebrew/Cellar/libdatrie/0.2.14/include -I/opt/homebrew/Cellar/harfbuzz/14.2.0/include/harfbuzz -I/opt/homebrew/opt/graphite2/include -I/opt/homebrew/Cellar/cairo/1.18.4/include -I/opt/homebrew/Cellar/cairo/1.18.4/include/cairo -I/opt/homebrew/Cellar/fontconfig/2.17.1/include -I/opt/homebrew/opt/freetype/include/freetype2 -I/opt/homebrew/Cellar/libxext/1.3.7/include -I/opt/homebrew/Cellar/xorgproto/2025.1/include -I/opt/homebrew/Cellar/libxrender/0.9.12/include -I/opt/homebrew/Cellar/libx11/1.8.13/include -I/opt/homebrew/Cellar/libxcb/1.17.0/include -I/opt/homebrew/Cellar/libxau/1.0.12/include -I/opt/homebrew/Cellar/libxdmcp/1.1.5/include -I/opt/homebrew/Cellar/pixman/0.46.4/include/pixman-1 -I/opt/homebrew/include/gdk-pixbuf-2.0 -I/opt/homebrew/opt/libpng/include/libpng16 -I/opt/homebrew/opt/libtiff/include -I/opt/homebrew/opt/zstd/include -I/opt/homebrew/Cellar/xz/5.8.3/include -I/opt/homebrew/opt/jpeg-turbo/include -I/opt/homebrew/Cellar/at-spi2-core/2.60.4/include/atk-1.0 -I/opt/homebrew/Cellar/libepoxy/1.5.10/include -I/opt/homebrew/Cellar/fribidi/1.0.16/include/fribidi -I/opt/homebrew/Cellar/glib/2.88.1/include/gio-unix-2.0 -I/opt/homebrew/Cellar/glib/2.88.1/include -I/Library/Developer/CommandLineTools/SDKs/MacOSX26.sdk/usr/include/ffi -I/opt/homebrew/Cellar/glib/2.88.1/include/glib-2.0 -I/opt/homebrew/Cellar/glib/2.88.1/lib/glib-2.0/include -I/opt/homebrew/opt/gettext/include -I/opt/homebrew/Cellar/pcre2/10.47_1/include -L/opt/homebrew/Cellar/gtk-mac-integration/3.0.2/lib -lgtkmacintegration-gtk3 -L/opt/homebrew/Cellar/gtk+3/3.24.52/lib -lgtk-3 -lgdk-3 -Wl,-framework,Cocoa -Wl,-framework,Carbon -Wl,-framework,CoreGraphics -L/opt/homebrew/Cellar/pango/1.57.1/lib -lpangocairo-1.0 -lpango-1.0 -L/opt/homebrew/Cellar/harfbuzz/14.2.0/lib -lharfbuzz -L/opt/homebrew/Cellar/cairo/1.18.4/lib -lcairo-gobject -lcairo -L/opt/homebrew/lib -lgdk_pixbuf-2.0 -L/opt/homebrew/Cellar/at-spi2-core/2.60.4/lib -latk-1.0 -L/opt/homebrew/Cellar/glib/2.88.1/lib -lgio-2.0 -lgobject-2.0 -lglib-2.0 -L/opt/homebrew/opt/gettext/lib -lintl conftest.c  >&5
configure:17023: $? = 0
configure:17023: result: yes
configure:17029: checking for socket
configure:17029: gcc -std=gnu23 -o conftest -I/opt/homebrew/include -I/opt/homebrew/Cellar/gtk-mac-integration/3.0.2/include/gtkmacintegration -DMAC_INTEGRATION -I/opt/homebrew/Cellar/gtk+3/3.24.52/include/gtk-3.0 -I/opt/homebrew/Cellar/pango/1.57.1/include/pango-1.0 -I/opt/homebrew/Cellar/libthai/0.1.30/include -I/opt/homebrew/Cellar/libdatrie/0.2.14/include -I/opt/homebrew/Cellar/harfbuzz/14.2.0/include/harfbuzz -I/opt/homebrew/opt/graphite2/include -I/opt/homebrew/Cellar/cairo/1.18.4/include -I/opt/homebrew/Cellar/cairo/1.18.4/include/cairo -I/opt/homebrew/Cellar/fontconfig/2.17.1/include -I/opt/homebrew/opt/freetype/include/freetype2 -I/opt/homebrew/Cellar/libxext/1.3.7/include -I/opt/homebrew/Cellar/xorgproto/2025.1/include -I/opt/homebrew/Cellar/libxrender/0.9.12/include -I/opt/homebrew/Cellar/libx11/1.8.13/include -I/opt/homebrew/Cellar/libxcb/1.17.0/include -I/opt/homebrew/Cellar/libxau/1.0.12/include -I/opt/homebrew/Cellar/libxdmcp/1.1.5/include -I/opt/homebrew/Cellar/pixman/0.46.4/include/pixman-1 -I/opt/homebrew/include/gdk-pixbuf-2.0 -I/opt/homebrew/opt/libpng/include/libpng16 -I/opt/homebrew/opt/libtiff/include -I/opt/homebrew/opt/zstd/include -I/opt/homebrew/Cellar/xz/5.8.3/include -I/opt/homebrew/opt/jpeg-turbo/include -I/opt/homebrew/Cellar/at-spi2-core/2.60.4/include/atk-1.0 -I/opt/homebrew/Cellar/libepoxy/1.5.10/include -I/opt/homebrew/Cellar/fribidi/1.0.16/include/fribidi -I/opt/homebrew/Cellar/glib/2.88.1/include/gio-unix-2.0 -I/opt/homebrew/Cellar/glib/2.88.1/include -I/Library/Developer/CommandLineTools/SDKs/MacOSX26.sdk/usr/include/ffi -I/opt/homebrew/Cellar/glib/2.88.1/include/glib-2.0 -I/opt/homebrew/Cellar/glib/2.88.1/lib/glib-2.0/include -I/opt/homebrew/opt/gettext/include -I/opt/homebrew/Cellar/pcre2/10.47_1/include -L/opt/homebrew/Cellar/gtk-mac-integration/3.0.2/lib -lgtkmacintegration-gtk3 -L/opt/homebrew/Cellar/gtk+3/3.24.52/lib -lgtk-3 -lgdk-3 -Wl,-framework,Cocoa -Wl,-framework,Carbon -Wl,-framework,CoreGraphics -L/opt/homebrew/Cellar/pango/1.57.1/lib -lpangocairo-1.0 -lpango-1.0 -L/opt/homebrew/Cellar/harfbuzz/14.2.0/lib -lharfbuzz -L/opt/homebrew/Cellar/cairo/1.18.4/lib -lcairo-gobject -lcairo -L/opt/homebrew/lib -lgdk_pixbuf-2.0 -L/opt/homebrew/Cellar/at-spi2-core/2.60.4/lib -latk-1.0 -L/opt/homebrew/Cellar/glib/2.88.1/lib -lgio-2.0 -lgobject-2.0 -lglib-2.0 -L/opt/homebrew/opt/gettext/lib -lintl conftest.c  >&5
configure:17029: $? = 0
configure:17029: result: yes
configure:17035: checking for stpcpy
configure:17035: gcc -std=gnu23 -o conftest -I/opt/homebrew/include -I/opt/homebrew/Cellar/gtk-mac-integration/3.0.2/include/gtkmacintegration -DMAC_INTEGRATION -I/opt/homebrew/Cellar/gtk+3/3.24.52/include/gtk-3.0 -I/opt/homebrew/Cellar/pango/1.57.1/include/pango-1.0 -I/opt/homebrew/Cellar/libthai/0.1.30/include -I/opt/homebrew/Cellar/libdatrie/0.2.14/include -I/opt/homebrew/Cellar/harfbuzz/14.2.0/include/harfbuzz -I/opt/homebrew/opt/graphite2/include -I/opt/homebrew/Cellar/cairo/1.18.4/include -I/opt/homebrew/Cellar/cairo/1.18.4/include/cairo -I/opt/homebrew/Cellar/fontconfig/2.17.1/include -I/opt/homebrew/opt/freetype/include/freetype2 -I/opt/homebrew/Cellar/libxext/1.3.7/include -I/opt/homebrew/Cellar/xorgproto/2025.1/include -I/opt/homebrew/Cellar/libxrender/0.9.12/include -I/opt/homebrew/Cellar/libx11/1.8.13/include -I/opt/homebrew/Cellar/libxcb/1.17.0/include -I/opt/homebrew/Cellar/libxau/1.0.12/include -I/opt/homebrew/Cellar/libxdmcp/1.1.5/include -I/opt/homebrew/Cellar/pixman/0.46.4/include/pixman-1 -I/opt/homebrew/include/gdk-pixbuf-2.0 -I/opt/homebrew/opt/libpng/include/libpng16 -I/opt/homebrew/opt/libtiff/include -I/opt/homebrew/opt/zstd/include -I/opt/homebrew/Cellar/xz/5.8.3/include -I/opt/homebrew/opt/jpeg-turbo/include -I/opt/homebrew/Cellar/at-spi2-core/2.60.4/include/atk-1.0 -I/opt/homebrew/Cellar/libepoxy/1.5.10/include -I/opt/homebrew/Cellar/fribidi/1.0.16/include/fribidi -I/opt/homebrew/Cellar/glib/2.88.1/include/gio-unix-2.0 -I/opt/homebrew/Cellar/glib/2.88.1/include -I/Library/Developer/CommandLineTools/SDKs/MacOSX26.sdk/usr/include/ffi -I/opt/homebrew/Cellar/glib/2.88.1/include/glib-2.0 -I/opt/homebrew/Cellar/glib/2.88.1/lib/glib-2.0/include -I/opt/homebrew/opt/gettext/include -I/opt/homebrew/Cellar/pcre2/10.47_1/include -L/opt/homebrew/Cellar/gtk-mac-integration/3.0.2/lib -lgtkmacintegration-gtk3 -L/opt/homebrew/Cellar/gtk+3/3.24.52/lib -lgtk-3 -lgdk-3 -Wl,-framework,Cocoa -Wl,-framework,Carbon -Wl,-framework,CoreGraphics -L/opt/homebrew/Cellar/pango/1.57.1/lib -lpangocairo-1.0 -lpango-1.0 -L/opt/homebrew/Cellar/harfbuzz/14.2.0/lib -lharfbuzz -L/opt/homebrew/Cellar/cairo/1.18.4/lib -lcairo-gobject -lcairo -L/opt/homebrew/lib -lgdk_pixbuf-2.0 -L/opt/homebrew/Cellar/at-spi2-core/2.60.4/lib -latk-1.0 -L/opt/homebrew/Cellar/glib/2.88.1/lib -lgio-2.0 -lgobject-2.0 -lglib-2.0 -L/opt/homebrew/opt/gettext/lib -lintl conftest.c  >&5
conftest.c:84:6: warning: incompatible redeclaration of library function 'stpcpy' [-Wincompatible-library-redeclaration]
   84 | char stpcpy (void);
      |      ^
conftest.c:84:6: note: 'stpcpy' is a builtin with type 'char *(char *, const char *)'
1 warning generated.
configure:17035: $? = 0
configure:17035: result: yes
configure:17041: checking for strcasecmp
configure:17041: gcc -std=gnu23 -o conftest -I/opt/homebrew/include -I/opt/homebrew/Cellar/gtk-mac-integration/3.0.2/include/gtkmacintegration -DMAC_INTEGRATION -I/opt/homebrew/Cellar/gtk+3/3.24.52/include/gtk-3.0 -I/opt/homebrew/Cellar/pango/1.57.1/include/pango-1.0 -I/opt/homebrew/Cellar/libthai/0.1.30/include -I/opt/homebrew/Cellar/libdatrie/0.2.14/include -I/opt/homebrew/Cellar/harfbuzz/14.2.0/include/harfbuzz -I/opt/homebrew/opt/graphite2/include -I/opt/homebrew/Cellar/cairo/1.18.4/include -I/opt/homebrew/Cellar/cairo/1.18.4/include/cairo -I/opt/homebrew/Cellar/fontconfig/2.17.1/include -I/opt/homebrew/opt/freetype/include/freetype2 -I/opt/homebrew/Cellar/libxext/1.3.7/include -I/opt/homebrew/Cellar/xorgproto/2025.1/include -I/opt/homebrew/Cellar/libxrender/0.9.12/include -I/opt/homebrew/Cellar/libx11/1.8.13/include -I/opt/homebrew/Cellar/libxcb/1.17.0/include -I/opt/homebrew/Cellar/libxau/1.0.12/include -I/opt/homebrew/Cellar/libxdmcp/1.1.5/include -I/opt/homebrew/Cellar/pixman/0.46.4/include/pixman-1 -I/opt/homebrew/include/gdk-pixbuf-2.0 -I/opt/homebrew/opt/libpng/include/libpng16 -I/opt/homebrew/opt/libtiff/include -I/opt/homebrew/opt/zstd/include -I/opt/homebrew/Cellar/xz/5.8.3/include -I/opt/homebrew/opt/jpeg-turbo/include -I/opt/homebrew/Cellar/at-spi2-core/2.60.4/include/atk-1.0 -I/opt/homebrew/Cellar/libepoxy/1.5.10/include -I/opt/homebrew/Cellar/fribidi/1.0.16/include/fribidi -I/opt/homebrew/Cellar/glib/2.88.1/include/gio-unix-2.0 -I/opt/homebrew/Cellar/glib/2.88.1/include -I/Library/Developer/CommandLineTools/SDKs/MacOSX26.sdk/usr/include/ffi -I/opt/homebrew/Cellar/glib/2.88.1/include/glib-2.0 -I/opt/homebrew/Cellar/glib/2.88.1/lib/glib-2.0/include -I/opt/homebrew/opt/gettext/include -I/opt/homebrew/Cellar/pcre2/10.47_1/include -L/opt/homebrew/Cellar/gtk-mac-integration/3.0.2/lib -lgtkmacintegration-gtk3 -L/opt/homebrew/Cellar/gtk+3/3.24.52/lib -lgtk-3 -lgdk-3 -Wl,-framework,Cocoa -Wl,-framework,Carbon -Wl,-framework,CoreGraphics -L/opt/homebrew/Cellar/pango/1.57.1/lib -lpangocairo-1.0 -lpango-1.0 -L/opt/homebrew/Cellar/harfbuzz/14.2.0/lib -lharfbuzz -L/opt/homebrew/Cellar/cairo/1.18.4/lib -lcairo-gobject -lcairo -L/opt/homebrew/lib -lgdk_pixbuf-2.0 -L/opt/homebrew/Cellar/at-spi2-core/2.60.4/lib -latk-1.0 -L/opt/homebrew/Cellar/glib/2.88.1/lib -lgio-2.0 -lgobject-2.0 -lglib-2.0 -L/opt/homebrew/opt/gettext/lib -lintl conftest.c  >&5
conftest.c:85:6: warning: incompatible redeclaration of library function 'strcasecmp' [-Wincompatible-library-redeclaration]
   85 | char strcasecmp (void);
      |      ^
conftest.c:85:6: note: 'strcasecmp' is a builtin with type 'int (const char *, const char *)'
1 warning generated.
configure:17041: $? = 0
configure:17041: result: yes
configure:17047: checking for strchr
configure:17047: gcc -std=gnu23 -o conftest -I/opt/homebrew/include -I/opt/homebrew/Cellar/gtk-mac-integration/3.0.2/include/gtkmacintegration -DMAC_INTEGRATION -I/opt/homebrew/Cellar/gtk+3/3.24.52/include/gtk-3.0 -I/opt/homebrew/Cellar/pango/1.57.1/include/pango-1.0 -I/opt/homebrew/Cellar/libthai/0.1.30/include -I/opt/homebrew/Cellar/libdatrie/0.2.14/include -I/opt/homebrew/Cellar/harfbuzz/14.2.0/include/harfbuzz -I/opt/homebrew/opt/graphite2/include -I/opt/homebrew/Cellar/cairo/1.18.4/include -I/opt/homebrew/Cellar/cairo/1.18.4/include/cairo -I/opt/homebrew/Cellar/fontconfig/2.17.1/include -I/opt/homebrew/opt/freetype/include/freetype2 -I/opt/homebrew/Cellar/libxext/1.3.7/include -I/opt/homebrew/Cellar/xorgproto/2025.1/include -I/opt/homebrew/Cellar/libxrender/0.9.12/include -I/opt/homebrew/Cellar/libx11/1.8.13/include -I/opt/homebrew/Cellar/libxcb/1.17.0/include -I/opt/homebrew/Cellar/libxau/1.0.12/include -I/opt/homebrew/Cellar/libxdmcp/1.1.5/include -I/opt/homebrew/Cellar/pixman/0.46.4/include/pixman-1 -I/opt/homebrew/include/gdk-pixbuf-2.0 -I/opt/homebrew/opt/libpng/include/libpng16 -I/opt/homebrew/opt/libtiff/include -I/opt/homebrew/opt/zstd/include -I/opt/homebrew/Cellar/xz/5.8.3/include -I/opt/homebrew/opt/jpeg-turbo/include -I/opt/homebrew/Cellar/at-spi2-core/2.60.4/include/atk-1.0 -I/opt/homebrew/Cellar/libepoxy/1.5.10/include -I/opt/homebrew/Cellar/fribidi/1.0.16/include/fribidi -I/opt/homebrew/Cellar/glib/2.88.1/include/gio-unix-2.0 -I/opt/homebrew/Cellar/glib/2.88.1/include -I/Library/Developer/CommandLineTools/SDKs/MacOSX26.sdk/usr/include/ffi -I/opt/homebrew/Cellar/glib/2.88.1/include/glib-2.0 -I/opt/homebrew/Cellar/glib/2.88.1/lib/glib-2.0/include -I/opt/homebrew/opt/gettext/include -I/opt/homebrew/Cellar/pcre2/10.47_1/include -L/opt/homebrew/Cellar/gtk-mac-integration/3.0.2/lib -lgtkmacintegration-gtk3 -L/opt/homebrew/Cellar/gtk+3/3.24.52/lib -lgtk-3 -lgdk-3 -Wl,-framework,Cocoa -Wl,-framework,Carbon -Wl,-framework,CoreGraphics -L/opt/homebrew/Cellar/pango/1.57.1/lib -lpangocairo-1.0 -lpango-1.0 -L/opt/homebrew/Cellar/harfbuzz/14.2.0/lib -lharfbuzz -L/opt/homebrew/Cellar/cairo/1.18.4/lib -lcairo-gobject -lcairo -L/opt/homebrew/lib -lgdk_pixbuf-2.0 -L/opt/homebrew/Cellar/at-spi2-core/2.60.4/lib -latk-1.0 -L/opt/homebrew/Cellar/glib/2.88.1/lib -lgio-2.0 -lgobject-2.0 -lglib-2.0 -L/opt/homebrew/opt/gettext/lib -lintl conftest.c  >&5
conftest.c:86:6: warning: incompatible redeclaration of library function 'strchr' [-Wincompatible-library-redeclaration]
   86 | char strchr (void);
      |      ^
conftest.c:86:6: note: 'strchr' is a builtin with type 'char *(const char *, int)'
1 warning generated.
configure:17047: $? = 0
configure:17047: result: yes
configure:17053: checking for strcspn
configure:17053: gcc -std=gnu23 -o conftest -I/opt/homebrew/include -I/opt/homebrew/Cellar/gtk-mac-integration/3.0.2/include/gtkmacintegration -DMAC_INTEGRATION -I/opt/homebrew/Cellar/gtk+3/3.24.52/include/gtk-3.0 -I/opt/homebrew/Cellar/pango/1.57.1/include/pango-1.0 -I/opt/homebrew/Cellar/libthai/0.1.30/include -I/opt/homebrew/Cellar/libdatrie/0.2.14/include -I/opt/homebrew/Cellar/harfbuzz/14.2.0/include/harfbuzz -I/opt/homebrew/opt/graphite2/include -I/opt/homebrew/Cellar/cairo/1.18.4/include -I/opt/homebrew/Cellar/cairo/1.18.4/include/cairo -I/opt/homebrew/Cellar/fontconfig/2.17.1/include -I/opt/homebrew/opt/freetype/include/freetype2 -I/opt/homebrew/Cellar/libxext/1.3.7/include -I/opt/homebrew/Cellar/xorgproto/2025.1/include -I/opt/homebrew/Cellar/libxrender/0.9.12/include -I/opt/homebrew/Cellar/libx11/1.8.13/include -I/opt/homebrew/Cellar/libxcb/1.17.0/include -I/opt/homebrew/Cellar/libxau/1.0.12/include -I/opt/homebrew/Cellar/libxdmcp/1.1.5/include -I/opt/homebrew/Cellar/pixman/0.46.4/include/pixman-1 -I/opt/homebrew/include/gdk-pixbuf-2.0 -I/opt/homebrew/opt/libpng/include/libpng16 -I/opt/homebrew/opt/libtiff/include -I/opt/homebrew/opt/zstd/include -I/opt/homebrew/Cellar/xz/5.8.3/include -I/opt/homebrew/opt/jpeg-turbo/include -I/opt/homebrew/Cellar/at-spi2-core/2.60.4/include/atk-1.0 -I/opt/homebrew/Cellar/libepoxy/1.5.10/include -I/opt/homebrew/Cellar/fribidi/1.0.16/include/fribidi -I/opt/homebrew/Cellar/glib/2.88.1/include/gio-unix-2.0 -I/opt/homebrew/Cellar/glib/2.88.1/include -I/Library/Developer/CommandLineTools/SDKs/MacOSX26.sdk/usr/include/ffi -I/opt/homebrew/Cellar/glib/2.88.1/include/glib-2.0 -I/opt/homebrew/Cellar/glib/2.88.1/lib/glib-2.0/include -I/opt/homebrew/opt/gettext/include -I/opt/homebrew/Cellar/pcre2/10.47_1/include -L/opt/homebrew/Cellar/gtk-mac-integration/3.0.2/lib -lgtkmacintegration-gtk3 -L/opt/homebrew/Cellar/gtk+3/3.24.52/lib -lgtk-3 -lgdk-3 -Wl,-framework,Cocoa -Wl,-framework,Carbon -Wl,-framework,CoreGraphics -L/opt/homebrew/Cellar/pango/1.57.1/lib -lpangocairo-1.0 -lpango-1.0 -L/opt/homebrew/Cellar/harfbuzz/14.2.0/lib -lharfbuzz -L/opt/homebrew/Cellar/cairo/1.18.4/lib -lcairo-gobject -lcairo -L/opt/homebrew/lib -lgdk_pixbuf-2.0 -L/opt/homebrew/Cellar/at-spi2-core/2.60.4/lib -latk-1.0 -L/opt/homebrew/Cellar/glib/2.88.1/lib -lgio-2.0 -lgobject-2.0 -lglib-2.0 -L/opt/homebrew/opt/gettext/lib -lintl conftest.c  >&5
conftest.c:87:6: warning: incompatible redeclaration of library function 'strcspn' [-Wincompatible-library-redeclaration]
   87 | char strcspn (void);
      |      ^
conftest.c:87:6: note: 'strcspn' is a builtin with type 'unsigned long (const char *, const char *)'
1 warning generated.
configure:17053: $? = 0
configure:17053: result: yes
configure:17059: checking for strdup
configure:17059: gcc -std=gnu23 -o conftest -I/opt/homebrew/include -I/opt/homebrew/Cellar/gtk-mac-integration/3.0.2/include/gtkmacintegration -DMAC_INTEGRATION -I/opt/homebrew/Cellar/gtk+3/3.24.52/include/gtk-3.0 -I/opt/homebrew/Cellar/pango/1.57.1/include/pango-1.0 -I/opt/homebrew/Cellar/libthai/0.1.30/include -I/opt/homebrew/Cellar/libdatrie/0.2.14/include -I/opt/homebrew/Cellar/harfbuzz/14.2.0/include/harfbuzz -I/opt/homebrew/opt/graphite2/include -I/opt/homebrew/Cellar/cairo/1.18.4/include -I/opt/homebrew/Cellar/cairo/1.18.4/include/cairo -I/opt/homebrew/Cellar/fontconfig/2.17.1/include -I/opt/homebrew/opt/freetype/include/freetype2 -I/opt/homebrew/Cellar/libxext/1.3.7/include -I/opt/homebrew/Cellar/xorgproto/2025.1/include -I/opt/homebrew/Cellar/libxrender/0.9.12/include -I/opt/homebrew/Cellar/libx11/1.8.13/include -I/opt/homebrew/Cellar/libxcb/1.17.0/include -I/opt/homebrew/Cellar/libxau/1.0.12/include -I/opt/homebrew/Cellar/libxdmcp/1.1.5/include -I/opt/homebrew/Cellar/pixman/0.46.4/include/pixman-1 -I/opt/homebrew/include/gdk-pixbuf-2.0 -I/opt/homebrew/opt/libpng/include/libpng16 -I/opt/homebrew/opt/libtiff/include -I/opt/homebrew/opt/zstd/include -I/opt/homebrew/Cellar/xz/5.8.3/include -I/opt/homebrew/opt/jpeg-turbo/include -I/opt/homebrew/Cellar/at-spi2-core/2.60.4/include/atk-1.0 -I/opt/homebrew/Cellar/libepoxy/1.5.10/include -I/opt/homebrew/Cellar/fribidi/1.0.16/include/fribidi -I/opt/homebrew/Cellar/glib/2.88.1/include/gio-unix-2.0 -I/opt/homebrew/Cellar/glib/2.88.1/include -I/Library/Developer/CommandLineTools/SDKs/MacOSX26.sdk/usr/include/ffi -I/opt/homebrew/Cellar/glib/2.88.1/include/glib-2.0 -I/opt/homebrew/Cellar/glib/2.88.1/lib/glib-2.0/include -I/opt/homebrew/opt/gettext/include -I/opt/homebrew/Cellar/pcre2/10.47_1/include -L/opt/homebrew/Cellar/gtk-mac-integration/3.0.2/lib -lgtkmacintegration-gtk3 -L/opt/homebrew/Cellar/gtk+3/3.24.52/lib -lgtk-3 -lgdk-3 -Wl,-framework,Cocoa -Wl,-framework,Carbon -Wl,-framework,CoreGraphics -L/opt/homebrew/Cellar/pango/1.57.1/lib -lpangocairo-1.0 -lpango-1.0 -L/opt/homebrew/Cellar/harfbuzz/14.2.0/lib -lharfbuzz -L/opt/homebrew/Cellar/cairo/1.18.4/lib -lcairo-gobject -lcairo -L/opt/homebrew/lib -lgdk_pixbuf-2.0 -L/opt/homebrew/Cellar/at-spi2-core/2.60.4/lib -latk-1.0 -L/opt/homebrew/Cellar/glib/2.88.1/lib -lgio-2.0 -lgobject-2.0 -lglib-2.0 -L/opt/homebrew/opt/gettext/lib -lintl conftest.c  >&5
conftest.c:88:6: warning: incompatible redeclaration of library function 'strdup' [-Wincompatible-library-redeclaration]
   88 | char strdup (void);
      |      ^
conftest.c:88:6: note: 'strdup' is a builtin with type 'char *(const char *)'
1 warning generated.
configure:17059: $? = 0
configure:17059: result: yes
configure:17065: checking for strrchr
configure:17065: gcc -std=gnu23 -o conftest -I/opt/homebrew/include -I/opt/homebrew/Cellar/gtk-mac-integration/3.0.2/include/gtkmacintegration -DMAC_INTEGRATION -I/opt/homebrew/Cellar/gtk+3/3.24.52/include/gtk-3.0 -I/opt/homebrew/Cellar/pango/1.57.1/include/pango-1.0 -I/opt/homebrew/Cellar/libthai/0.1.30/include -I/opt/homebrew/Cellar/libdatrie/0.2.14/include -I/opt/homebrew/Cellar/harfbuzz/14.2.0/include/harfbuzz -I/opt/homebrew/opt/graphite2/include -I/opt/homebrew/Cellar/cairo/1.18.4/include -I/opt/homebrew/Cellar/cairo/1.18.4/include/cairo -I/opt/homebrew/Cellar/fontconfig/2.17.1/include -I/opt/homebrew/opt/freetype/include/freetype2 -I/opt/homebrew/Cellar/libxext/1.3.7/include -I/opt/homebrew/Cellar/xorgproto/2025.1/include -I/opt/homebrew/Cellar/libxrender/0.9.12/include -I/opt/homebrew/Cellar/libx11/1.8.13/include -I/opt/homebrew/Cellar/libxcb/1.17.0/include -I/opt/homebrew/Cellar/libxau/1.0.12/include -I/opt/homebrew/Cellar/libxdmcp/1.1.5/include -I/opt/homebrew/Cellar/pixman/0.46.4/include/pixman-1 -I/opt/homebrew/include/gdk-pixbuf-2.0 -I/opt/homebrew/opt/libpng/include/libpng16 -I/opt/homebrew/opt/libtiff/include -I/opt/homebrew/opt/zstd/include -I/opt/homebrew/Cellar/xz/5.8.3/include -I/opt/homebrew/opt/jpeg-turbo/include -I/opt/homebrew/Cellar/at-spi2-core/2.60.4/include/atk-1.0 -I/opt/homebrew/Cellar/libepoxy/1.5.10/include -I/opt/homebrew/Cellar/fribidi/1.0.16/include/fribidi -I/opt/homebrew/Cellar/glib/2.88.1/include/gio-unix-2.0 -I/opt/homebrew/Cellar/glib/2.88.1/include -I/Library/Developer/CommandLineTools/SDKs/MacOSX26.sdk/usr/include/ffi -I/opt/homebrew/Cellar/glib/2.88.1/include/glib-2.0 -I/opt/homebrew/Cellar/glib/2.88.1/lib/glib-2.0/include -I/opt/homebrew/opt/gettext/include -I/opt/homebrew/Cellar/pcre2/10.47_1/include -L/opt/homebrew/Cellar/gtk-mac-integration/3.0.2/lib -lgtkmacintegration-gtk3 -L/opt/homebrew/Cellar/gtk+3/3.24.52/lib -lgtk-3 -lgdk-3 -Wl,-framework,Cocoa -Wl,-framework,Carbon -Wl,-framework,CoreGraphics -L/opt/homebrew/Cellar/pango/1.57.1/lib -lpangocairo-1.0 -lpango-1.0 -L/opt/homebrew/Cellar/harfbuzz/14.2.0/lib -lharfbuzz -L/opt/homebrew/Cellar/cairo/1.18.4/lib -lcairo-gobject -lcairo -L/opt/homebrew/lib -lgdk_pixbuf-2.0 -L/opt/homebrew/Cellar/at-spi2-core/2.60.4/lib -latk-1.0 -L/opt/homebrew/Cellar/glib/2.88.1/lib -lgio-2.0 -lgobject-2.0 -lglib-2.0 -L/opt/homebrew/opt/gettext/lib -lintl conftest.c  >&5
conftest.c:89:6: warning: incompatible redeclaration of library function 'strrchr' [-Wincompatible-library-redeclaration]
   89 | char strrchr (void);
      |      ^
conftest.c:89:6: note: 'strrchr' is a builtin with type 'char *(const char *, int)'
1 warning generated.
configure:17065: $? = 0
configure:17065: result: yes
configure:17071: checking for strstr
configure:17071: gcc -std=gnu23 -o conftest -I/opt/homebrew/include -I/opt/homebrew/Cellar/gtk-mac-integration/3.0.2/include/gtkmacintegration -DMAC_INTEGRATION -I/opt/homebrew/Cellar/gtk+3/3.24.52/include/gtk-3.0 -I/opt/homebrew/Cellar/pango/1.57.1/include/pango-1.0 -I/opt/homebrew/Cellar/libthai/0.1.30/include -I/opt/homebrew/Cellar/libdatrie/0.2.14/include -I/opt/homebrew/Cellar/harfbuzz/14.2.0/include/harfbuzz -I/opt/homebrew/opt/graphite2/include -I/opt/homebrew/Cellar/cairo/1.18.4/include -I/opt/homebrew/Cellar/cairo/1.18.4/include/cairo -I/opt/homebrew/Cellar/fontconfig/2.17.1/include -I/opt/homebrew/opt/freetype/include/freetype2 -I/opt/homebrew/Cellar/libxext/1.3.7/include -I/opt/homebrew/Cellar/xorgproto/2025.1/include -I/opt/homebrew/Cellar/libxrender/0.9.12/include -I/opt/homebrew/Cellar/libx11/1.8.13/include -I/opt/homebrew/Cellar/libxcb/1.17.0/include -I/opt/homebrew/Cellar/libxau/1.0.12/include -I/opt/homebrew/Cellar/libxdmcp/1.1.5/include -I/opt/homebrew/Cellar/pixman/0.46.4/include/pixman-1 -I/opt/homebrew/include/gdk-pixbuf-2.0 -I/opt/homebrew/opt/libpng/include/libpng16 -I/opt/homebrew/opt/libtiff/include -I/opt/homebrew/opt/zstd/include -I/opt/homebrew/Cellar/xz/5.8.3/include -I/opt/homebrew/opt/jpeg-turbo/include -I/opt/homebrew/Cellar/at-spi2-core/2.60.4/include/atk-1.0 -I/opt/homebrew/Cellar/libepoxy/1.5.10/include -I/opt/homebrew/Cellar/fribidi/1.0.16/include/fribidi -I/opt/homebrew/Cellar/glib/2.88.1/include/gio-unix-2.0 -I/opt/homebrew/Cellar/glib/2.88.1/include -I/Library/Developer/CommandLineTools/SDKs/MacOSX26.sdk/usr/include/ffi -I/opt/homebrew/Cellar/glib/2.88.1/include/glib-2.0 -I/opt/homebrew/Cellar/glib/2.88.1/lib/glib-2.0/include -I/opt/homebrew/opt/gettext/include -I/opt/homebrew/Cellar/pcre2/10.47_1/include -L/opt/homebrew/Cellar/gtk-mac-integration/3.0.2/lib -lgtkmacintegration-gtk3 -L/opt/homebrew/Cellar/gtk+3/3.24.52/lib -lgtk-3 -lgdk-3 -Wl,-framework,Cocoa -Wl,-framework,Carbon -Wl,-framework,CoreGraphics -L/opt/homebrew/Cellar/pango/1.57.1/lib -lpangocairo-1.0 -lpango-1.0 -L/opt/homebrew/Cellar/harfbuzz/14.2.0/lib -lharfbuzz -L/opt/homebrew/Cellar/cairo/1.18.4/lib -lcairo-gobject -lcairo -L/opt/homebrew/lib -lgdk_pixbuf-2.0 -L/opt/homebrew/Cellar/at-spi2-core/2.60.4/lib -latk-1.0 -L/opt/homebrew/Cellar/glib/2.88.1/lib -lgio-2.0 -lgobject-2.0 -lglib-2.0 -L/opt/homebrew/opt/gettext/lib -lintl conftest.c  >&5
conftest.c:90:6: warning: incompatible redeclaration of library function 'strstr' [-Wincompatible-library-redeclaration]
   90 | char strstr (void);
      |      ^
conftest.c:90:6: note: 'strstr' is a builtin with type 'char *(const char *, const char *)'
1 warning generated.
configure:17071: $? = 0
configure:17071: result: yes
configure:17077: checking for strtol
configure:17077: gcc -std=gnu23 -o conftest -I/opt/homebrew/include -I/opt/homebrew/Cellar/gtk-mac-integration/3.0.2/include/gtkmacintegration -DMAC_INTEGRATION -I/opt/homebrew/Cellar/gtk+3/3.24.52/include/gtk-3.0 -I/opt/homebrew/Cellar/pango/1.57.1/include/pango-1.0 -I/opt/homebrew/Cellar/libthai/0.1.30/include -I/opt/homebrew/Cellar/libdatrie/0.2.14/include -I/opt/homebrew/Cellar/harfbuzz/14.2.0/include/harfbuzz -I/opt/homebrew/opt/graphite2/include -I/opt/homebrew/Cellar/cairo/1.18.4/include -I/opt/homebrew/Cellar/cairo/1.18.4/include/cairo -I/opt/homebrew/Cellar/fontconfig/2.17.1/include -I/opt/homebrew/opt/freetype/include/freetype2 -I/opt/homebrew/Cellar/libxext/1.3.7/include -I/opt/homebrew/Cellar/xorgproto/2025.1/include -I/opt/homebrew/Cellar/libxrender/0.9.12/include -I/opt/homebrew/Cellar/libx11/1.8.13/include -I/opt/homebrew/Cellar/libxcb/1.17.0/include -I/opt/homebrew/Cellar/libxau/1.0.12/include -I/opt/homebrew/Cellar/libxdmcp/1.1.5/include -I/opt/homebrew/Cellar/pixman/0.46.4/include/pixman-1 -I/opt/homebrew/include/gdk-pixbuf-2.0 -I/opt/homebrew/opt/libpng/include/libpng16 -I/opt/homebrew/opt/libtiff/include -I/opt/homebrew/opt/zstd/include -I/opt/homebrew/Cellar/xz/5.8.3/include -I/opt/homebrew/opt/jpeg-turbo/include -I/opt/homebrew/Cellar/at-spi2-core/2.60.4/include/atk-1.0 -I/opt/homebrew/Cellar/libepoxy/1.5.10/include -I/opt/homebrew/Cellar/fribidi/1.0.16/include/fribidi -I/opt/homebrew/Cellar/glib/2.88.1/include/gio-unix-2.0 -I/opt/homebrew/Cellar/glib/2.88.1/include -I/Library/Developer/CommandLineTools/SDKs/MacOSX26.sdk/usr/include/ffi -I/opt/homebrew/Cellar/glib/2.88.1/include/glib-2.0 -I/opt/homebrew/Cellar/glib/2.88.1/lib/glib-2.0/include -I/opt/homebrew/opt/gettext/include -I/opt/homebrew/Cellar/pcre2/10.47_1/include -L/opt/homebrew/Cellar/gtk-mac-integration/3.0.2/lib -lgtkmacintegration-gtk3 -L/opt/homebrew/Cellar/gtk+3/3.24.52/lib -lgtk-3 -lgdk-3 -Wl,-framework,Cocoa -Wl,-framework,Carbon -Wl,-framework,CoreGraphics -L/opt/homebrew/Cellar/pango/1.57.1/lib -lpangocairo-1.0 -lpango-1.0 -L/opt/homebrew/Cellar/harfbuzz/14.2.0/lib -lharfbuzz -L/opt/homebrew/Cellar/cairo/1.18.4/lib -lcairo-gobject -lcairo -L/opt/homebrew/lib -lgdk_pixbuf-2.0 -L/opt/homebrew/Cellar/at-spi2-core/2.60.4/lib -latk-1.0 -L/opt/homebrew/Cellar/glib/2.88.1/lib -lgio-2.0 -lgobject-2.0 -lglib-2.0 -L/opt/homebrew/opt/gettext/lib -lintl conftest.c  >&5
conftest.c:91:6: warning: incompatible redeclaration of library function 'strtol' [-Wincompatible-library-redeclaration]
   91 | char strtol (void);
      |      ^
conftest.c:91:6: note: 'strtol' is a builtin with type 'long (const char *, char **, int)'
1 warning generated.
configure:17077: $? = 0
configure:17077: result: yes
configure:17083: checking for strtoul
configure:17083: gcc -std=gnu23 -o conftest -I/opt/homebrew/include -I/opt/homebrew/Cellar/gtk-mac-integration/3.0.2/include/gtkmacintegration -DMAC_INTEGRATION -I/opt/homebrew/Cellar/gtk+3/3.24.52/include/gtk-3.0 -I/opt/homebrew/Cellar/pango/1.57.1/include/pango-1.0 -I/opt/homebrew/Cellar/libthai/0.1.30/include -I/opt/homebrew/Cellar/libdatrie/0.2.14/include -I/opt/homebrew/Cellar/harfbuzz/14.2.0/include/harfbuzz -I/opt/homebrew/opt/graphite2/include -I/opt/homebrew/Cellar/cairo/1.18.4/include -I/opt/homebrew/Cellar/cairo/1.18.4/include/cairo -I/opt/homebrew/Cellar/fontconfig/2.17.1/include -I/opt/homebrew/opt/freetype/include/freetype2 -I/opt/homebrew/Cellar/libxext/1.3.7/include -I/opt/homebrew/Cellar/xorgproto/2025.1/include -I/opt/homebrew/Cellar/libxrender/0.9.12/include -I/opt/homebrew/Cellar/libx11/1.8.13/include -I/opt/homebrew/Cellar/libxcb/1.17.0/include -I/opt/homebrew/Cellar/libxau/1.0.12/include -I/opt/homebrew/Cellar/libxdmcp/1.1.5/include -I/opt/homebrew/Cellar/pixman/0.46.4/include/pixman-1 -I/opt/homebrew/include/gdk-pixbuf-2.0 -I/opt/homebrew/opt/libpng/include/libpng16 -I/opt/homebrew/opt/libtiff/include -I/opt/homebrew/opt/zstd/include -I/opt/homebrew/Cellar/xz/5.8.3/include -I/opt/homebrew/opt/jpeg-turbo/include -I/opt/homebrew/Cellar/at-spi2-core/2.60.4/include/atk-1.0 -I/opt/homebrew/Cellar/libepoxy/1.5.10/include -I/opt/homebrew/Cellar/fribidi/1.0.16/include/fribidi -I/opt/homebrew/Cellar/glib/2.88.1/include/gio-unix-2.0 -I/opt/homebrew/Cellar/glib/2.88.1/include -I/Library/Developer/CommandLineTools/SDKs/MacOSX26.sdk/usr/include/ffi -I/opt/homebrew/Cellar/glib/2.88.1/include/glib-2.0 -I/opt/homebrew/Cellar/glib/2.88.1/lib/glib-2.0/include -I/opt/homebrew/opt/gettext/include -I/opt/homebrew/Cellar/pcre2/10.47_1/include -L/opt/homebrew/Cellar/gtk-mac-integration/3.0.2/lib -lgtkmacintegration-gtk3 -L/opt/homebrew/Cellar/gtk+3/3.24.52/lib -lgtk-3 -lgdk-3 -Wl,-framework,Cocoa -Wl,-framework,Carbon -Wl,-framework,CoreGraphics -L/opt/homebrew/Cellar/pango/1.57.1/lib -lpangocairo-1.0 -lpango-1.0 -L/opt/homebrew/Cellar/harfbuzz/14.2.0/lib -lharfbuzz -L/opt/homebrew/Cellar/cairo/1.18.4/lib -lcairo-gobject -lcairo -L/opt/homebrew/lib -lgdk_pixbuf-2.0 -L/opt/homebrew/Cellar/at-spi2-core/2.60.4/lib -latk-1.0 -L/opt/homebrew/Cellar/glib/2.88.1/lib -lgio-2.0 -lgobject-2.0 -lglib-2.0 -L/opt/homebrew/opt/gettext/lib -lintl conftest.c  >&5
conftest.c:92:6: warning: incompatible redeclaration of library function 'strtoul' [-Wincompatible-library-redeclaration]
   92 | char strtoul (void);
      |      ^
conftest.c:92:6: note: 'strtoul' is a builtin with type 'unsigned long (const char *, char **, int)'
1 warning generated.
configure:17083: $? = 0
configure:17083: result: yes
configure:17089: checking for isascii
configure:17089: gcc -std=gnu23 -o conftest -I/opt/homebrew/include -I/opt/homebrew/Cellar/gtk-mac-integration/3.0.2/include/gtkmacintegration -DMAC_INTEGRATION -I/opt/homebrew/Cellar/gtk+3/3.24.52/include/gtk-3.0 -I/opt/homebrew/Cellar/pango/1.57.1/include/pango-1.0 -I/opt/homebrew/Cellar/libthai/0.1.30/include -I/opt/homebrew/Cellar/libdatrie/0.2.14/include -I/opt/homebrew/Cellar/harfbuzz/14.2.0/include/harfbuzz -I/opt/homebrew/opt/graphite2/include -I/opt/homebrew/Cellar/cairo/1.18.4/include -I/opt/homebrew/Cellar/cairo/1.18.4/include/cairo -I/opt/homebrew/Cellar/fontconfig/2.17.1/include -I/opt/homebrew/opt/freetype/include/freetype2 -I/opt/homebrew/Cellar/libxext/1.3.7/include -I/opt/homebrew/Cellar/xorgproto/2025.1/include -I/opt/homebrew/Cellar/libxrender/0.9.12/include -I/opt/homebrew/Cellar/libx11/1.8.13/include -I/opt/homebrew/Cellar/libxcb/1.17.0/include -I/opt/homebrew/Cellar/libxau/1.0.12/include -I/opt/homebrew/Cellar/libxdmcp/1.1.5/include -I/opt/homebrew/Cellar/pixman/0.46.4/include/pixman-1 -I/opt/homebrew/include/gdk-pixbuf-2.0 -I/opt/homebrew/opt/libpng/include/libpng16 -I/opt/homebrew/opt/libtiff/include -I/opt/homebrew/opt/zstd/include -I/opt/homebrew/Cellar/xz/5.8.3/include -I/opt/homebrew/opt/jpeg-turbo/include -I/opt/homebrew/Cellar/at-spi2-core/2.60.4/include/atk-1.0 -I/opt/homebrew/Cellar/libepoxy/1.5.10/include -I/opt/homebrew/Cellar/fribidi/1.0.16/include/fribidi -I/opt/homebrew/Cellar/glib/2.88.1/include/gio-unix-2.0 -I/opt/homebrew/Cellar/glib/2.88.1/include -I/Library/Developer/CommandLineTools/SDKs/MacOSX26.sdk/usr/include/ffi -I/opt/homebrew/Cellar/glib/2.88.1/include/glib-2.0 -I/opt/homebrew/Cellar/glib/2.88.1/lib/glib-2.0/include -I/opt/homebrew/opt/gettext/include -I/opt/homebrew/Cellar/pcre2/10.47_1/include -L/opt/homebrew/Cellar/gtk-mac-integration/3.0.2/lib -lgtkmacintegration-gtk3 -L/opt/homebrew/Cellar/gtk+3/3.24.52/lib -lgtk-3 -lgdk-3 -Wl,-framework,Cocoa -Wl,-framework,Carbon -Wl,-framework,CoreGraphics -L/opt/homebrew/Cellar/pango/1.57.1/lib -lpangocairo-1.0 -lpango-1.0 -L/opt/homebrew/Cellar/harfbuzz/14.2.0/lib -lharfbuzz -L/opt/homebrew/Cellar/cairo/1.18.4/lib -lcairo-gobject -lcairo -L/opt/homebrew/lib -lgdk_pixbuf-2.0 -L/opt/homebrew/Cellar/at-spi2-core/2.60.4/lib -latk-1.0 -L/opt/homebrew/Cellar/glib/2.88.1/lib -lgio-2.0 -lgobject-2.0 -lglib-2.0 -L/opt/homebrew/opt/gettext/lib -lintl conftest.c  >&5
configure:17089: $? = 0
configure:17089: result: yes
configure:17095: checking for memmove
configure:17095: gcc -std=gnu23 -o conftest -I/opt/homebrew/include -I/opt/homebrew/Cellar/gtk-mac-integration/3.0.2/include/gtkmacintegration -DMAC_INTEGRATION -I/opt/homebrew/Cellar/gtk+3/3.24.52/include/gtk-3.0 -I/opt/homebrew/Cellar/pango/1.57.1/include/pango-1.0 -I/opt/homebrew/Cellar/libthai/0.1.30/include -I/opt/homebrew/Cellar/libdatrie/0.2.14/include -I/opt/homebrew/Cellar/harfbuzz/14.2.0/include/harfbuzz -I/opt/homebrew/opt/graphite2/include -I/opt/homebrew/Cellar/cairo/1.18.4/include -I/opt/homebrew/Cellar/cairo/1.18.4/include/cairo -I/opt/homebrew/Cellar/fontconfig/2.17.1/include -I/opt/homebrew/opt/freetype/include/freetype2 -I/opt/homebrew/Cellar/libxext/1.3.7/include -I/opt/homebrew/Cellar/xorgproto/2025.1/include -I/opt/homebrew/Cellar/libxrender/0.9.12/include -I/opt/homebrew/Cellar/libx11/1.8.13/include -I/opt/homebrew/Cellar/libxcb/1.17.0/include -I/opt/homebrew/Cellar/libxau/1.0.12/include -I/opt/homebrew/Cellar/libxdmcp/1.1.5/include -I/opt/homebrew/Cellar/pixman/0.46.4/include/pixman-1 -I/opt/homebrew/include/gdk-pixbuf-2.0 -I/opt/homebrew/opt/libpng/include/libpng16 -I/opt/homebrew/opt/libtiff/include -I/opt/homebrew/opt/zstd/include -I/opt/homebrew/Cellar/xz/5.8.3/include -I/opt/homebrew/opt/jpeg-turbo/include -I/opt/homebrew/Cellar/at-spi2-core/2.60.4/include/atk-1.0 -I/opt/homebrew/Cellar/libepoxy/1.5.10/include -I/opt/homebrew/Cellar/fribidi/1.0.16/include/fribidi -I/opt/homebrew/Cellar/glib/2.88.1/include/gio-unix-2.0 -I/opt/homebrew/Cellar/glib/2.88.1/include -I/Library/Developer/CommandLineTools/SDKs/MacOSX26.sdk/usr/include/ffi -I/opt/homebrew/Cellar/glib/2.88.1/include/glib-2.0 -I/opt/homebrew/Cellar/glib/2.88.1/lib/glib-2.0/include -I/opt/homebrew/opt/gettext/include -I/opt/homebrew/Cellar/pcre2/10.47_1/include -L/opt/homebrew/Cellar/gtk-mac-integration/3.0.2/lib -lgtkmacintegration-gtk3 -L/opt/homebrew/Cellar/gtk+3/3.24.52/lib -lgtk-3 -lgdk-3 -Wl,-framework,Cocoa -Wl,-framework,Carbon -Wl,-framework,CoreGraphics -L/opt/homebrew/Cellar/pango/1.57.1/lib -lpangocairo-1.0 -lpango-1.0 -L/opt/homebrew/Cellar/harfbuzz/14.2.0/lib -lharfbuzz -L/opt/homebrew/Cellar/cairo/1.18.4/lib -lcairo-gobject -lcairo -L/opt/homebrew/lib -lgdk_pixbuf-2.0 -L/opt/homebrew/Cellar/at-spi2-core/2.60.4/lib -latk-1.0 -L/opt/homebrew/Cellar/glib/2.88.1/lib -lgio-2.0 -lgobject-2.0 -lglib-2.0 -L/opt/homebrew/opt/gettext/lib -lintl conftest.c  >&5
conftest.c:94:6: warning: incompatible redeclaration of library function 'memmove' [-Wincompatible-library-redeclaration]
   94 | char memmove (void);
      |      ^
conftest.c:94:6: note: 'memmove' is a builtin with type 'void *(void *, const void *, unsigned long)'
1 warning generated.
configure:17095: $? = 0
configure:17095: result: yes
configure:17101: checking for strncasecmp
configure:17101: gcc -std=gnu23 -o conftest -I/opt/homebrew/include -I/opt/homebrew/Cellar/gtk-mac-integration/3.0.2/include/gtkmacintegration -DMAC_INTEGRATION -I/opt/homebrew/Cellar/gtk+3/3.24.52/include/gtk-3.0 -I/opt/homebrew/Cellar/pango/1.57.1/include/pango-1.0 -I/opt/homebrew/Cellar/libthai/0.1.30/include -I/opt/homebrew/Cellar/libdatrie/0.2.14/include -I/opt/homebrew/Cellar/harfbuzz/14.2.0/include/harfbuzz -I/opt/homebrew/opt/graphite2/include -I/opt/homebrew/Cellar/cairo/1.18.4/include -I/opt/homebrew/Cellar/cairo/1.18.4/include/cairo -I/opt/homebrew/Cellar/fontconfig/2.17.1/include -I/opt/homebrew/opt/freetype/include/freetype2 -I/opt/homebrew/Cellar/libxext/1.3.7/include -I/opt/homebrew/Cellar/xorgproto/2025.1/include -I/opt/homebrew/Cellar/libxrender/0.9.12/include -I/opt/homebrew/Cellar/libx11/1.8.13/include -I/opt/homebrew/Cellar/libxcb/1.17.0/include -I/opt/homebrew/Cellar/libxau/1.0.12/include -I/opt/homebrew/Cellar/libxdmcp/1.1.5/include -I/opt/homebrew/Cellar/pixman/0.46.4/include/pixman-1 -I/opt/homebrew/include/gdk-pixbuf-2.0 -I/opt/homebrew/opt/libpng/include/libpng16 -I/opt/homebrew/opt/libtiff/include -I/opt/homebrew/opt/zstd/include -I/opt/homebrew/Cellar/xz/5.8.3/include -I/opt/homebrew/opt/jpeg-turbo/include -I/opt/homebrew/Cellar/at-spi2-core/2.60.4/include/atk-1.0 -I/opt/homebrew/Cellar/libepoxy/1.5.10/include -I/opt/homebrew/Cellar/fribidi/1.0.16/include/fribidi -I/opt/homebrew/Cellar/glib/2.88.1/include/gio-unix-2.0 -I/opt/homebrew/Cellar/glib/2.88.1/include -I/Library/Developer/CommandLineTools/SDKs/MacOSX26.sdk/usr/include/ffi -I/opt/homebrew/Cellar/glib/2.88.1/include/glib-2.0 -I/opt/homebrew/Cellar/glib/2.88.1/lib/glib-2.0/include -I/opt/homebrew/opt/gettext/include -I/opt/homebrew/Cellar/pcre2/10.47_1/include -L/opt/homebrew/Cellar/gtk-mac-integration/3.0.2/lib -lgtkmacintegration-gtk3 -L/opt/homebrew/Cellar/gtk+3/3.24.52/lib -lgtk-3 -lgdk-3 -Wl,-framework,Cocoa -Wl,-framework,Carbon -Wl,-framework,CoreGraphics -L/opt/homebrew/Cellar/pango/1.57.1/lib -lpangocairo-1.0 -lpango-1.0 -L/opt/homebrew/Cellar/harfbuzz/14.2.0/lib -lharfbuzz -L/opt/homebrew/Cellar/cairo/1.18.4/lib -lcairo-gobject -lcairo -L/opt/homebrew/lib -lgdk_pixbuf-2.0 -L/opt/homebrew/Cellar/at-spi2-core/2.60.4/lib -latk-1.0 -L/opt/homebrew/Cellar/glib/2.88.1/lib -lgio-2.0 -lgobject-2.0 -lglib-2.0 -L/opt/homebrew/opt/gettext/lib -lintl conftest.c  >&5
conftest.c:95:6: warning: incompatible redeclaration of library function 'strncasecmp' [-Wincompatible-library-redeclaration]
   95 | char strncasecmp (void);
      |      ^
conftest.c:95:6: note: 'strncasecmp' is a builtin with type 'int (const char *, const char *, unsigned long)'
1 warning generated.
configure:17101: $? = 0
configure:17101: result: yes
configure:17429: checking for pkg-config
configure:17452: found /opt/homebrew/bin/pkg-config
configure:17465: result: /opt/homebrew/bin/pkg-config
configure:17490: checking pkg-config is at least version 0.9.0
configure:17493: result: yes
configure:17503: checking for GLIB
configure:17510: $PKG_CONFIG --exists --print-errors "glib-2.0 >= 2.32"
configure:17513: $? = 0
configure:17527: $PKG_CONFIG --exists --print-errors "glib-2.0 >= 2.32"
configure:17530: $? = 0
configure:17568: result: yes
configure:17667: checking for GTK3
configure:17674: $PKG_CONFIG --exists --print-errors "gtk+-3.0 >= 3.22"
configure:17677: $? = 0
configure:17691: $PKG_CONFIG --exists --print-errors "gtk+-3.0 >= 3.22"
configure:17694: $? = 0
configure:17732: result: yes
configure:17788: checking for ld used by gcc -std=gnu23
configure:17857: result: /Library/Developer/CommandLineTools/usr/bin/ld
configure:17864: checking if the linker (/Library/Developer/CommandLineTools/usr/bin/ld) is GNU ld
configure:17881: result: no
configure:17889: checking for shared library run path origin
configure:17904: result: done
configure:17926: checking for egrep -e
configure:18056: result: /usr/bin/grep -E
configure:18624: checking for iconv
configure:18649: gcc -std=gnu23 -o conftest -I/opt/homebrew/include -I/opt/homebrew/Cellar/gtk-mac-integration/3.0.2/include/gtkmacintegration -DMAC_INTEGRATION -I/opt/homebrew/Cellar/gtk+3/3.24.52/include/gtk-3.0 -I/opt/homebrew/Cellar/pango/1.57.1/include/pango-1.0 -I/opt/homebrew/Cellar/libthai/0.1.30/include -I/opt/homebrew/Cellar/libdatrie/0.2.14/include -I/opt/homebrew/Cellar/harfbuzz/14.2.0/include/harfbuzz -I/opt/homebrew/opt/graphite2/include -I/opt/homebrew/Cellar/cairo/1.18.4/include -I/opt/homebrew/Cellar/cairo/1.18.4/include/cairo -I/opt/homebrew/Cellar/fontconfig/2.17.1/include -I/opt/homebrew/opt/freetype/include/freetype2 -I/opt/homebrew/Cellar/libxext/1.3.7/include -I/opt/homebrew/Cellar/xorgproto/2025.1/include -I/opt/homebrew/Cellar/libxrender/0.9.12/include -I/opt/homebrew/Cellar/libx11/1.8.13/include -I/opt/homebrew/Cellar/libxcb/1.17.0/include -I/opt/homebrew/Cellar/libxau/1.0.12/include -I/opt/homebrew/Cellar/libxdmcp/1.1.5/include -I/opt/homebrew/Cellar/pixman/0.46.4/include/pixman-1 -I/opt/homebrew/include/gdk-pixbuf-2.0 -I/opt/homebrew/opt/libpng/include/libpng16 -I/opt/homebrew/opt/libtiff/include -I/opt/homebrew/opt/zstd/include -I/opt/homebrew/Cellar/xz/5.8.3/include -I/opt/homebrew/opt/jpeg-turbo/include -I/opt/homebrew/Cellar/at-spi2-core/2.60.4/include/atk-1.0 -I/opt/homebrew/Cellar/libepoxy/1.5.10/include -I/opt/homebrew/Cellar/fribidi/1.0.16/include/fribidi -I/opt/homebrew/Cellar/glib/2.88.1/include/gio-unix-2.0 -I/opt/homebrew/Cellar/glib/2.88.1/include -I/Library/Developer/CommandLineTools/SDKs/MacOSX26.sdk/usr/include/ffi -I/opt/homebrew/Cellar/glib/2.88.1/include/glib-2.0 -I/opt/homebrew/Cellar/glib/2.88.1/lib/glib-2.0/include -I/opt/homebrew/opt/gettext/include -I/opt/homebrew/Cellar/pcre2/10.47_1/include -L/opt/homebrew/Cellar/gtk-mac-integration/3.0.2/lib -lgtkmacintegration-gtk3 -L/opt/homebrew/Cellar/gtk+3/3.24.52/lib -lgtk-3 -lgdk-3 -Wl,-framework,Cocoa -Wl,-framework,Carbon -Wl,-framework,CoreGraphics -L/opt/homebrew/Cellar/pango/1.57.1/lib -lpangocairo-1.0 -lpango-1.0 -L/opt/homebrew/Cellar/harfbuzz/14.2.0/lib -lharfbuzz -L/opt/homebrew/Cellar/cairo/1.18.4/lib -lcairo-gobject -lcairo -L/opt/homebrew/lib -lgdk_pixbuf-2.0 -L/opt/homebrew/Cellar/at-spi2-core/2.60.4/lib -latk-1.0 -L/opt/homebrew/Cellar/glib/2.88.1/lib -lgio-2.0 -lgobject-2.0 -lglib-2.0 -L/opt/homebrew/opt/gettext/lib -lintl conftest.c  >&5
Undefined symbols for architecture arm64:
  "_iconv", referenced from:
      _main in conftest-364bdb.o
  "_iconv_close", referenced from:
      _main in conftest-364bdb.o
  "_iconv_open", referenced from:
      _main in conftest-364bdb.o
ld: symbol(s) not found for architecture arm64
clang: error: linker command failed with exit code 1 (use -v to see invocation)
configure:18649: $? = 1
configure: failed program was:
| /* confdefs.h */
| #define PACKAGE_NAME ""
| #define PACKAGE_TARNAME ""
| #define PACKAGE_VERSION ""
| #define PACKAGE_STRING ""
| #define PACKAGE_BUGREPORT ""
| #define PACKAGE_URL ""
| #define YYTEXT_POINTER 1
| #define HAVE_STDIO_H 1
| #define HAVE_STDLIB_H 1
| #define HAVE_STRING_H 1
| #define HAVE_INTTYPES_H 1
| #define HAVE_STDINT_H 1
| #define HAVE_STRINGS_H 1
| #define HAVE_SYS_STAT_H 1
| #define HAVE_SYS_TYPES_H 1
| #define HAVE_UNISTD_H 1
| #define HAVE_SYS_PARAM_H 1
| #define HAVE_WCHAR_H 1
| #define STDC_HEADERS 1
| #define HAVE_DLFCN_H 1
| #define LT_OBJDIR ".libs/"
| #define HAVE_ALLOCA_H 1
| #define HAVE_ALLOCA 1
| #define HAVE_DIRENT_H 1
| #define HAVE_SYS_WAIT_H 1
| #define HAVE_FCNTL_H 1
| #define HAVE_INTTYPES_H 1
| #define HAVE_LANGINFO_H 1
| #define HAVE_LIBINTL_H 1
| #define HAVE_LIMITS_H 1
| #define HAVE_LOCALE_H 1
| #define HAVE_NETDB_H 1
| #define HAVE_NETINET_IN_H 1
| #define HAVE_STDDEF_H 1
| #define HAVE_STDINT_H 1
| #define HAVE_STDLIB_H 1
| #define HAVE_STRING_H 1
| #define HAVE_STRINGS_H 1
| #define HAVE_SYS_PARAM_H 1
| #define HAVE_SYS_SOCKET_H 1
| #define HAVE_SYS_UTSNAME_H 1
| #define HAVE_UNISTD_H 1
| #define HAVE__BOOL 1
| #define HAVE_STDBOOL_H 1
| #define HAVE_FORK 1
| #define HAVE_VFORK 1
| #define HAVE_GETPAGESIZE 1
| #define HAVE_SYMLINK 1
| #define HAVE_WORKING_VFORK 1
| #define HAVE_WORKING_FORK 1
| #define LSTAT_FOLLOWS_SLASHED_SYMLINK 1
| #define LSTAT_FOLLOWS_SLASHED_SYMLINK 1
| #define HAVE_MALLOC 1
| #define HAVE_MMAP 1
| #define HAVE_REALLOC 1
| #define RETSIGTYPE void
| #define HAVE_DUP2 1
| #define HAVE_GETCWD 1
| #define HAVE_GETHOSTBYNAME 1
| #define HAVE_MEMSET 1
| #define HAVE_MKDIR 1
| #define HAVE_MUNMAP 1
| #define HAVE_NL_LANGINFO 1
| #define HAVE_SETLOCALE 1
| #define HAVE_SOCKET 1
| #define HAVE_STPCPY 1
| #define HAVE_STRCASECMP 1
| #define HAVE_STRCHR 1
| #define HAVE_STRCSPN 1
| #define HAVE_STRDUP 1
| #define HAVE_STRRCHR 1
| #define HAVE_STRSTR 1
| #define HAVE_STRTOL 1
| #define HAVE_STRTOUL 1
| #define HAVE_ISASCII 1
| #define HAVE_MEMMOVE 1
| #define HAVE_STRNCASECMP 1
| #define USE_OSX /**/
| #define USE_BIFF /**/
| #define USE_SOCKMSG /**/
| #define USE_COMMON /**/
| #define USE_GTAR /**/
| #define USE_SSL /**/
| #define USE_GTK3 /**/
| /* end confdefs.h.  */
| 
| #include <stdlib.h>
| #include <iconv.h>
| 
| int
| main (void)
| {
| iconv_t cd = iconv_open("","");
|            iconv(cd,NULL,NULL,NULL,NULL);
|            iconv_close(cd);
|   ;
|   return 0;
| }
configure:18674: gcc -std=gnu23 -o conftest -I/opt/homebrew/include -I/opt/homebrew/Cellar/gtk-mac-integration/3.0.2/include/gtkmacintegration -DMAC_INTEGRATION -I/opt/homebrew/Cellar/gtk+3/3.24.52/include/gtk-3.0 -I/opt/homebrew/Cellar/pango/1.57.1/include/pango-1.0 -I/opt/homebrew/Cellar/libthai/0.1.30/include -I/opt/homebrew/Cellar/libdatrie/0.2.14/include -I/opt/homebrew/Cellar/harfbuzz/14.2.0/include/harfbuzz -I/opt/homebrew/opt/graphite2/include -I/opt/homebrew/Cellar/cairo/1.18.4/include -I/opt/homebrew/Cellar/cairo/1.18.4/include/cairo -I/opt/homebrew/Cellar/fontconfig/2.17.1/include -I/opt/homebrew/opt/freetype/include/freetype2 -I/opt/homebrew/Cellar/libxext/1.3.7/include -I/opt/homebrew/Cellar/xorgproto/2025.1/include -I/opt/homebrew/Cellar/libxrender/0.9.12/include -I/opt/homebrew/Cellar/libx11/1.8.13/include -I/opt/homebrew/Cellar/libxcb/1.17.0/include -I/opt/homebrew/Cellar/libxau/1.0.12/include -I/opt/homebrew/Cellar/libxdmcp/1.1.5/include -I/opt/homebrew/Cellar/pixman/0.46.4/include/pixman-1 -I/opt/homebrew/include/gdk-pixbuf-2.0 -I/opt/homebrew/opt/libpng/include/libpng16 -I/opt/homebrew/opt/libtiff/include -I/opt/homebrew/opt/zstd/include -I/opt/homebrew/Cellar/xz/5.8.3/include -I/opt/homebrew/opt/jpeg-turbo/include -I/opt/homebrew/Cellar/at-spi2-core/2.60.4/include/atk-1.0 -I/opt/homebrew/Cellar/libepoxy/1.5.10/include -I/opt/homebrew/Cellar/fribidi/1.0.16/include/fribidi -I/opt/homebrew/Cellar/glib/2.88.1/include/gio-unix-2.0 -I/opt/homebrew/Cellar/glib/2.88.1/include -I/Library/Developer/CommandLineTools/SDKs/MacOSX26.sdk/usr/include/ffi -I/opt/homebrew/Cellar/glib/2.88.1/include/glib-2.0 -I/opt/homebrew/Cellar/glib/2.88.1/lib/glib-2.0/include -I/opt/homebrew/opt/gettext/include -I/opt/homebrew/Cellar/pcre2/10.47_1/include -L/opt/homebrew/Cellar/gtk-mac-integration/3.0.2/lib -lgtkmacintegration-gtk3 -L/opt/homebrew/Cellar/gtk+3/3.24.52/lib -lgtk-3 -lgdk-3 -Wl,-framework,Cocoa -Wl,-framework,Carbon -Wl,-framework,CoreGraphics -L/opt/homebrew/Cellar/pango/1.57.1/lib -lpangocairo-1.0 -lpango-1.0 -L/opt/homebrew/Cellar/harfbuzz/14.2.0/lib -lharfbuzz -L/opt/homebrew/Cellar/cairo/1.18.4/lib -lcairo-gobject -lcairo -L/opt/homebrew/lib -lgdk_pixbuf-2.0 -L/opt/homebrew/Cellar/at-spi2-core/2.60.4/lib -latk-1.0 -L/opt/homebrew/Cellar/glib/2.88.1/lib -lgio-2.0 -lgobject-2.0 -lglib-2.0 -L/opt/homebrew/opt/gettext/lib -lintl conftest.c  -liconv >&5
configure:18674: $? = 0
configure:18686: result: yes
configure:18689: checking for working iconv
configure:18820: gcc -std=gnu23 -o conftest -I/opt/homebrew/include -I/opt/homebrew/Cellar/gtk-mac-integration/3.0.2/include/gtkmacintegration -DMAC_INTEGRATION -I/opt/homebrew/Cellar/gtk+3/3.24.52/include/gtk-3.0 -I/opt/homebrew/Cellar/pango/1.57.1/include/pango-1.0 -I/opt/homebrew/Cellar/libthai/0.1.30/include -I/opt/homebrew/Cellar/libdatrie/0.2.14/include -I/opt/homebrew/Cellar/harfbuzz/14.2.0/include/harfbuzz -I/opt/homebrew/opt/graphite2/include -I/opt/homebrew/Cellar/cairo/1.18.4/include -I/opt/homebrew/Cellar/cairo/1.18.4/include/cairo -I/opt/homebrew/Cellar/fontconfig/2.17.1/include -I/opt/homebrew/opt/freetype/include/freetype2 -I/opt/homebrew/Cellar/libxext/1.3.7/include -I/opt/homebrew/Cellar/xorgproto/2025.1/include -I/opt/homebrew/Cellar/libxrender/0.9.12/include -I/opt/homebrew/Cellar/libx11/1.8.13/include -I/opt/homebrew/Cellar/libxcb/1.17.0/include -I/opt/homebrew/Cellar/libxau/1.0.12/include -I/opt/homebrew/Cellar/libxdmcp/1.1.5/include -I/opt/homebrew/Cellar/pixman/0.46.4/include/pixman-1 -I/opt/homebrew/include/gdk-pixbuf-2.0 -I/opt/homebrew/opt/libpng/include/libpng16 -I/opt/homebrew/opt/libtiff/include -I/opt/homebrew/opt/zstd/include -I/opt/homebrew/Cellar/xz/5.8.3/include -I/opt/homebrew/opt/jpeg-turbo/include -I/opt/homebrew/Cellar/at-spi2-core/2.60.4/include/atk-1.0 -I/opt/homebrew/Cellar/libepoxy/1.5.10/include -I/opt/homebrew/Cellar/fribidi/1.0.16/include/fribidi -I/opt/homebrew/Cellar/glib/2.88.1/include/gio-unix-2.0 -I/opt/homebrew/Cellar/glib/2.88.1/include -I/Library/Developer/CommandLineTools/SDKs/MacOSX26.sdk/usr/include/ffi -I/opt/homebrew/Cellar/glib/2.88.1/include/glib-2.0 -I/opt/homebrew/Cellar/glib/2.88.1/lib/glib-2.0/include -I/opt/homebrew/opt/gettext/include -I/opt/homebrew/Cellar/pcre2/10.47_1/include -L/opt/homebrew/Cellar/gtk-mac-integration/3.0.2/lib -lgtkmacintegration-gtk3 -L/opt/homebrew/Cellar/gtk+3/3.24.52/lib -lgtk-3 -lgdk-3 -Wl,-framework,Cocoa -Wl,-framework,Carbon -Wl,-framework,CoreGraphics -L/opt/homebrew/Cellar/pango/1.57.1/lib -lpangocairo-1.0 -lpango-1.0 -L/opt/homebrew/Cellar/harfbuzz/14.2.0/lib -lharfbuzz -L/opt/homebrew/Cellar/cairo/1.18.4/lib -lcairo-gobject -lcairo -L/opt/homebrew/lib -lgdk_pixbuf-2.0 -L/opt/homebrew/Cellar/at-spi2-core/2.60.4/lib -latk-1.0 -L/opt/homebrew/Cellar/glib/2.88.1/lib -lgio-2.0 -lgobject-2.0 -lglib-2.0 -L/opt/homebrew/opt/gettext/lib -lintl conftest.c  -liconv >&5
configure:18820: $? = 0
configure:18820: ./conftest
configure:18820: $? = 0
configure:18835: result: yes
configure:18850: checking how to link with libiconv
configure:18852: result: -liconv
configure:18863: checking for iconv declaration
configure:18893: gcc -std=gnu23 -c -I/opt/homebrew/include -I/opt/homebrew/Cellar/gtk-mac-integration/3.0.2/include/gtkmacintegration -DMAC_INTEGRATION -I/opt/homebrew/Cellar/gtk+3/3.24.52/include/gtk-3.0 -I/opt/homebrew/Cellar/pango/1.57.1/include/pango-1.0 -I/opt/homebrew/Cellar/libthai/0.1.30/include -I/opt/homebrew/Cellar/libdatrie/0.2.14/include -I/opt/homebrew/Cellar/harfbuzz/14.2.0/include/harfbuzz -I/opt/homebrew/opt/graphite2/include -I/opt/homebrew/Cellar/cairo/1.18.4/include -I/opt/homebrew/Cellar/cairo/1.18.4/include/cairo -I/opt/homebrew/Cellar/fontconfig/2.17.1/include -I/opt/homebrew/opt/freetype/include/freetype2 -I/opt/homebrew/Cellar/libxext/1.3.7/include -I/opt/homebrew/Cellar/xorgproto/2025.1/include -I/opt/homebrew/Cellar/libxrender/0.9.12/include -I/opt/homebrew/Cellar/libx11/1.8.13/include -I/opt/homebrew/Cellar/libxcb/1.17.0/include -I/opt/homebrew/Cellar/libxau/1.0.12/include -I/opt/homebrew/Cellar/libxdmcp/1.1.5/include -I/opt/homebrew/Cellar/pixman/0.46.4/include/pixman-1 -I/opt/homebrew/include/gdk-pixbuf-2.0 -I/opt/homebrew/opt/libpng/include/libpng16 -I/opt/homebrew/opt/libtiff/include -I/opt/homebrew/opt/zstd/include -I/opt/homebrew/Cellar/xz/5.8.3/include -I/opt/homebrew/opt/jpeg-turbo/include -I/opt/homebrew/Cellar/at-spi2-core/2.60.4/include/atk-1.0 -I/opt/homebrew/Cellar/libepoxy/1.5.10/include -I/opt/homebrew/Cellar/fribidi/1.0.16/include/fribidi -I/opt/homebrew/Cellar/glib/2.88.1/include/gio-unix-2.0 -I/opt/homebrew/Cellar/glib/2.88.1/include -I/Library/Developer/CommandLineTools/SDKs/MacOSX26.sdk/usr/include/ffi -I/opt/homebrew/Cellar/glib/2.88.1/include/glib-2.0 -I/opt/homebrew/Cellar/glib/2.88.1/lib/glib-2.0/include -I/opt/homebrew/opt/gettext/include -I/opt/homebrew/Cellar/pcre2/10.47_1/include conftest.c >&5
configure:18893: $? = 0
configure:18906: result:
         extern size_t iconv (iconv_t cd, char * *inbuf, size_t *inbytesleft, char * *outbuf, size_t *outbytesleft);
configure:18919: checking for glib-compile-resources
configure:18942: found /opt/homebrew/bin/glib-compile-resources
configure:18955: result: /opt/homebrew/bin/glib-compile-resources
configure:18966: checking whether NLS is requested
configure:18977: result: yes
configure:19017: checking for msgfmt
configure: trying /opt/homebrew/bin/msgfmt...
0 translated messages.
configure:19051: result: /opt/homebrew/bin/msgfmt
configure:19060: checking for gmsgfmt
configure:19097: result: /opt/homebrew/bin/msgfmt
configure:19147: checking for xgettext
configure: trying /opt/homebrew/bin/xgettext...
/opt/homebrew/bin/xgettext: warning: file '/dev/null' extension '' is unknown; will try C
configure:19181: result: /opt/homebrew/bin/xgettext
configure:19226: checking for msgmerge
configure: trying /opt/homebrew/bin/msgmerge...
configure:19259: result: /opt/homebrew/bin/msgmerge
configure:19277: checking whether we are using the GNU C Library 2 or newer
conftest.c:90:10: fatal error: 'features.h' file not found
   90 | #include <features.h>
      |          ^~~~~~~~~~~~
1 error generated.
configure:19308: result: no
configure:19363: checking for ranlib
configure:19396: result: ranlib
configure:19423: checking whether the -Werror option is usable
configure:19443: gcc -std=gnu23 -c -I/opt/homebrew/include -Werror -I/opt/homebrew/Cellar/gtk-mac-integration/3.0.2/include/gtkmacintegration -DMAC_INTEGRATION -I/opt/homebrew/Cellar/gtk+3/3.24.52/include/gtk-3.0 -I/opt/homebrew/Cellar/pango/1.57.1/include/pango-1.0 -I/opt/homebrew/Cellar/libthai/0.1.30/include -I/opt/homebrew/Cellar/libdatrie/0.2.14/include -I/opt/homebrew/Cellar/harfbuzz/14.2.0/include/harfbuzz -I/opt/homebrew/opt/graphite2/include -I/opt/homebrew/Cellar/cairo/1.18.4/include -I/opt/homebrew/Cellar/cairo/1.18.4/include/cairo -I/opt/homebrew/Cellar/fontconfig/2.17.1/include -I/opt/homebrew/opt/freetype/include/freetype2 -I/opt/homebrew/Cellar/libxext/1.3.7/include -I/opt/homebrew/Cellar/xorgproto/2025.1/include -I/opt/homebrew/Cellar/libxrender/0.9.12/include -I/opt/homebrew/Cellar/libx11/1.8.13/include -I/opt/homebrew/Cellar/libxcb/1.17.0/include -I/opt/homebrew/Cellar/libxau/1.0.12/include -I/opt/homebrew/Cellar/libxdmcp/1.1.5/include -I/opt/homebrew/Cellar/pixman/0.46.4/include/pixman-1 -I/opt/homebrew/include/gdk-pixbuf-2.0 -I/opt/homebrew/opt/libpng/include/libpng16 -I/opt/homebrew/opt/libtiff/include -I/opt/homebrew/opt/zstd/include -I/opt/homebrew/Cellar/xz/5.8.3/include -I/opt/homebrew/opt/jpeg-turbo/include -I/opt/homebrew/Cellar/at-spi2-core/2.60.4/include/atk-1.0 -I/opt/homebrew/Cellar/libepoxy/1.5.10/include -I/opt/homebrew/Cellar/fribidi/1.0.16/include/fribidi -I/opt/homebrew/Cellar/glib/2.88.1/include/gio-unix-2.0 -I/opt/homebrew/Cellar/glib/2.88.1/include -I/Library/Developer/CommandLineTools/SDKs/MacOSX26.sdk/usr/include/ffi -I/opt/homebrew/Cellar/glib/2.88.1/include/glib-2.0 -I/opt/homebrew/Cellar/glib/2.88.1/lib/glib-2.0/include -I/opt/homebrew/opt/gettext/include -I/opt/homebrew/Cellar/pcre2/10.47_1/include conftest.c >&5
configure:19443: $? = 0
configure:19455: result: yes
configure:19457: checking for simple visibility declarations
configure:19485: gcc -std=gnu23 -c -I/opt/homebrew/include -fvisibility=hidden -Werror -I/opt/homebrew/Cellar/gtk-mac-integration/3.0.2/include/gtkmacintegration -DMAC_INTEGRATION -I/opt/homebrew/Cellar/gtk+3/3.24.52/include/gtk-3.0 -I/opt/homebrew/Cellar/pango/1.57.1/include/pango-1.0 -I/opt/homebrew/Cellar/libthai/0.1.30/include -I/opt/homebrew/Cellar/libdatrie/0.2.14/include -I/opt/homebrew/Cellar/harfbuzz/14.2.0/include/harfbuzz -I/opt/homebrew/opt/graphite2/include -I/opt/homebrew/Cellar/cairo/1.18.4/include -I/opt/homebrew/Cellar/cairo/1.18.4/include/cairo -I/opt/homebrew/Cellar/fontconfig/2.17.1/include -I/opt/homebrew/opt/freetype/include/freetype2 -I/opt/homebrew/Cellar/libxext/1.3.7/include -I/opt/homebrew/Cellar/xorgproto/2025.1/include -I/opt/homebrew/Cellar/libxrender/0.9.12/include -I/opt/homebrew/Cellar/libx11/1.8.13/include -I/opt/homebrew/Cellar/libxcb/1.17.0/include -I/opt/homebrew/Cellar/libxau/1.0.12/include -I/opt/homebrew/Cellar/libxdmcp/1.1.5/include -I/opt/homebrew/Cellar/pixman/0.46.4/include/pixman-1 -I/opt/homebrew/include/gdk-pixbuf-2.0 -I/opt/homebrew/opt/libpng/include/libpng16 -I/opt/homebrew/opt/libtiff/include -I/opt/homebrew/opt/zstd/include -I/opt/homebrew/Cellar/xz/5.8.3/include -I/opt/homebrew/opt/jpeg-turbo/include -I/opt/homebrew/Cellar/at-spi2-core/2.60.4/include/atk-1.0 -I/opt/homebrew/Cellar/libepoxy/1.5.10/include -I/opt/homebrew/Cellar/fribidi/1.0.16/include/fribidi -I/opt/homebrew/Cellar/glib/2.88.1/include/gio-unix-2.0 -I/opt/homebrew/Cellar/glib/2.88.1/include -I/Library/Developer/CommandLineTools/SDKs/MacOSX26.sdk/usr/include/ffi -I/opt/homebrew/Cellar/glib/2.88.1/include/glib-2.0 -I/opt/homebrew/Cellar/glib/2.88.1/lib/glib-2.0/include -I/opt/homebrew/opt/gettext/include -I/opt/homebrew/Cellar/pcre2/10.47_1/include conftest.c >&5
configure:19485: $? = 0
configure:19497: result: yes
configure:19511: checking for stdint.h
configure:19529: gcc -std=gnu23 -c -I/opt/homebrew/include -I/opt/homebrew/Cellar/gtk-mac-integration/3.0.2/include/gtkmacintegration -DMAC_INTEGRATION -I/opt/homebrew/Cellar/gtk+3/3.24.52/include/gtk-3.0 -I/opt/homebrew/Cellar/pango/1.57.1/include/pango-1.0 -I/opt/homebrew/Cellar/libthai/0.1.30/include -I/opt/homebrew/Cellar/libdatrie/0.2.14/include -I/opt/homebrew/Cellar/harfbuzz/14.2.0/include/harfbuzz -I/opt/homebrew/opt/graphite2/include -I/opt/homebrew/Cellar/cairo/1.18.4/include -I/opt/homebrew/Cellar/cairo/1.18.4/include/cairo -I/opt/homebrew/Cellar/fontconfig/2.17.1/include -I/opt/homebrew/opt/freetype/include/freetype2 -I/opt/homebrew/Cellar/libxext/1.3.7/include -I/opt/homebrew/Cellar/xorgproto/2025.1/include -I/opt/homebrew/Cellar/libxrender/0.9.12/include -I/opt/homebrew/Cellar/libx11/1.8.13/include -I/opt/homebrew/Cellar/libxcb/1.17.0/include -I/opt/homebrew/Cellar/libxau/1.0.12/include -I/opt/homebrew/Cellar/libxdmcp/1.1.5/include -I/opt/homebrew/Cellar/pixman/0.46.4/include/pixman-1 -I/opt/homebrew/include/gdk-pixbuf-2.0 -I/opt/homebrew/opt/libpng/include/libpng16 -I/opt/homebrew/opt/libtiff/include -I/opt/homebrew/opt/zstd/include -I/opt/homebrew/Cellar/xz/5.8.3/include -I/opt/homebrew/opt/jpeg-turbo/include -I/opt/homebrew/Cellar/at-spi2-core/2.60.4/include/atk-1.0 -I/opt/homebrew/Cellar/libepoxy/1.5.10/include -I/opt/homebrew/Cellar/fribidi/1.0.16/include/fribidi -I/opt/homebrew/Cellar/glib/2.88.1/include/gio-unix-2.0 -I/opt/homebrew/Cellar/glib/2.88.1/include -I/Library/Developer/CommandLineTools/SDKs/MacOSX26.sdk/usr/include/ffi -I/opt/homebrew/Cellar/glib/2.88.1/include/glib-2.0 -I/opt/homebrew/Cellar/glib/2.88.1/lib/glib-2.0/include -I/opt/homebrew/opt/gettext/include -I/opt/homebrew/Cellar/pcre2/10.47_1/include conftest.c >&5
configure:19529: $? = 0
configure:19539: result: yes
configure:19549: checking whether integer division by zero raises SIGFPE
configure:19617: gcc -std=gnu23 -o conftest -I/opt/homebrew/include -I/opt/homebrew/Cellar/gtk-mac-integration/3.0.2/include/gtkmacintegration -DMAC_INTEGRATION -I/opt/homebrew/Cellar/gtk+3/3.24.52/include/gtk-3.0 -I/opt/homebrew/Cellar/pango/1.57.1/include/pango-1.0 -I/opt/homebrew/Cellar/libthai/0.1.30/include -I/opt/homebrew/Cellar/libdatrie/0.2.14/include -I/opt/homebrew/Cellar/harfbuzz/14.2.0/include/harfbuzz -I/opt/homebrew/opt/graphite2/include -I/opt/homebrew/Cellar/cairo/1.18.4/include -I/opt/homebrew/Cellar/cairo/1.18.4/include/cairo -I/opt/homebrew/Cellar/fontconfig/2.17.1/include -I/opt/homebrew/opt/freetype/include/freetype2 -I/opt/homebrew/Cellar/libxext/1.3.7/include -I/opt/homebrew/Cellar/xorgproto/2025.1/include -I/opt/homebrew/Cellar/libxrender/0.9.12/include -I/opt/homebrew/Cellar/libx11/1.8.13/include -I/opt/homebrew/Cellar/libxcb/1.17.0/include -I/opt/homebrew/Cellar/libxau/1.0.12/include -I/opt/homebrew/Cellar/libxdmcp/1.1.5/include -I/opt/homebrew/Cellar/pixman/0.46.4/include/pixman-1 -I/opt/homebrew/include/gdk-pixbuf-2.0 -I/opt/homebrew/opt/libpng/include/libpng16 -I/opt/homebrew/opt/libtiff/include -I/opt/homebrew/opt/zstd/include -I/opt/homebrew/Cellar/xz/5.8.3/include -I/opt/homebrew/opt/jpeg-turbo/include -I/opt/homebrew/Cellar/at-spi2-core/2.60.4/include/atk-1.0 -I/opt/homebrew/Cellar/libepoxy/1.5.10/include -I/opt/homebrew/Cellar/fribidi/1.0.16/include/fribidi -I/opt/homebrew/Cellar/glib/2.88.1/include/gio-unix-2.0 -I/opt/homebrew/Cellar/glib/2.88.1/include -I/Library/Developer/CommandLineTools/SDKs/MacOSX26.sdk/usr/include/ffi -I/opt/homebrew/Cellar/glib/2.88.1/include/glib-2.0 -I/opt/homebrew/Cellar/glib/2.88.1/lib/glib-2.0/include -I/opt/homebrew/opt/gettext/include -I/opt/homebrew/Cellar/pcre2/10.47_1/include -L/opt/homebrew/Cellar/gtk-mac-integration/3.0.2/lib -lgtkmacintegration-gtk3 -L/opt/homebrew/Cellar/gtk+3/3.24.52/lib -lgtk-3 -lgdk-3 -Wl,-framework,Cocoa -Wl,-framework,Carbon -Wl,-framework,CoreGraphics -L/opt/homebrew/Cellar/pango/1.57.1/lib -lpangocairo-1.0 -lpango-1.0 -L/opt/homebrew/Cellar/harfbuzz/14.2.0/lib -lharfbuzz -L/opt/homebrew/Cellar/cairo/1.18.4/lib -lcairo-gobject -lcairo -L/opt/homebrew/lib -lgdk_pixbuf-2.0 -L/opt/homebrew/Cellar/at-spi2-core/2.60.4/lib -latk-1.0 -L/opt/homebrew/Cellar/glib/2.88.1/lib -lgio-2.0 -lgobject-2.0 -lglib-2.0 -L/opt/homebrew/opt/gettext/lib -lintl conftest.c  >&5
conftest.c:99:3: error: call to undeclared library function '_exit' with type 'void (int) __attribute__((noreturn))'; ISO C99 and later do not support implicit function declarations [-Wimplicit-function-declaration]
   99 |   _exit (sig != SIGFPE);
      |   ^
conftest.c:99:3: note: include the header <unistd.h> or explicitly provide a declaration for '_exit'
conftest.c:105:5: error: redefinition of 'nan' as different kind of symbol
  105 | int nan;
      |     ^
conftest.c:105:5: note: unguarded header; consider using #ifdef guards or #pragma once
conftest.c:105:5: note: previous definition is here
conftest.c:120:7: error: non-object type 'double (const char *)' is not assignable
  120 |   nan = y / y;
      |   ~~~ ^
3 errors generated.
configure:19617: $? = 1
configure: program exited with status 1
configure: failed program was:
| /* confdefs.h */
| #define PACKAGE_NAME ""
| #define PACKAGE_TARNAME ""
| #define PACKAGE_VERSION ""
| #define PACKAGE_STRING ""
| #define PACKAGE_BUGREPORT ""
| #define PACKAGE_URL ""
| #define YYTEXT_POINTER 1
| #define HAVE_STDIO_H 1
| #define HAVE_STDLIB_H 1
| #define HAVE_STRING_H 1
| #define HAVE_INTTYPES_H 1
| #define HAVE_STDINT_H 1
| #define HAVE_STRINGS_H 1
| #define HAVE_SYS_STAT_H 1
| #define HAVE_SYS_TYPES_H 1
| #define HAVE_UNISTD_H 1
| #define HAVE_SYS_PARAM_H 1
| #define HAVE_WCHAR_H 1
| #define STDC_HEADERS 1
| #define HAVE_DLFCN_H 1
| #define LT_OBJDIR ".libs/"
| #define HAVE_ALLOCA_H 1
| #define HAVE_ALLOCA 1
| #define HAVE_DIRENT_H 1
| #define HAVE_SYS_WAIT_H 1
| #define HAVE_FCNTL_H 1
| #define HAVE_INTTYPES_H 1
| #define HAVE_LANGINFO_H 1
| #define HAVE_LIBINTL_H 1
| #define HAVE_LIMITS_H 1
| #define HAVE_LOCALE_H 1
| #define HAVE_NETDB_H 1
| #define HAVE_NETINET_IN_H 1
| #define HAVE_STDDEF_H 1
| #define HAVE_STDINT_H 1
| #define HAVE_STDLIB_H 1
| #define HAVE_STRING_H 1
| #define HAVE_STRINGS_H 1
| #define HAVE_SYS_PARAM_H 1
| #define HAVE_SYS_SOCKET_H 1
| #define HAVE_SYS_UTSNAME_H 1
| #define HAVE_UNISTD_H 1
| #define HAVE__BOOL 1
| #define HAVE_STDBOOL_H 1
| #define HAVE_FORK 1
| #define HAVE_VFORK 1
| #define HAVE_GETPAGESIZE 1
| #define HAVE_SYMLINK 1
| #define HAVE_WORKING_VFORK 1
| #define HAVE_WORKING_FORK 1
| #define LSTAT_FOLLOWS_SLASHED_SYMLINK 1
| #define LSTAT_FOLLOWS_SLASHED_SYMLINK 1
| #define HAVE_MALLOC 1
| #define HAVE_MMAP 1
| #define HAVE_REALLOC 1
| #define RETSIGTYPE void
| #define HAVE_DUP2 1
| #define HAVE_GETCWD 1
| #define HAVE_GETHOSTBYNAME 1
| #define HAVE_MEMSET 1
| #define HAVE_MKDIR 1
| #define HAVE_MUNMAP 1
| #define HAVE_NL_LANGINFO 1
| #define HAVE_SETLOCALE 1
| #define HAVE_SOCKET 1
| #define HAVE_STPCPY 1
| #define HAVE_STRCASECMP 1
| #define HAVE_STRCHR 1
| #define HAVE_STRCSPN 1
| #define HAVE_STRDUP 1
| #define HAVE_STRRCHR 1
| #define HAVE_STRSTR 1
| #define HAVE_STRTOL 1
| #define HAVE_STRTOUL 1
| #define HAVE_ISASCII 1
| #define HAVE_MEMMOVE 1
| #define HAVE_STRNCASECMP 1
| #define USE_OSX /**/
| #define USE_BIFF /**/
| #define USE_SOCKMSG /**/
| #define USE_COMMON /**/
| #define USE_GTAR /**/
| #define USE_SSL /**/
| #define USE_GTK3 /**/
| #define HAVE_ICONV 1
| #define ICONV_CONST 
| #define HAVE_VISIBILITY 1
| #define HAVE_STDINT_H_WITH_UINTMAX 1
| /* end confdefs.h.  */
| 
| #include <stdlib.h>
| #include <signal.h>
| 
| static void
| sigfpe_handler (int sig)
| {
|   /* Exit with code 0 if SIGFPE, with code 1 if any other signal.  */
|   _exit (sig != SIGFPE);
| }
| 
| int x = 1;
| int y = 0;
| int z;
| int nan;
| 
| int main ()
| {
|   signal (SIGFPE, sigfpe_handler);
| /* IRIX and AIX (when "xlc -qcheck" is used) yield signal SIGTRAP.  */
| #if (defined (__sgi) || defined (_AIX)) && defined (SIGTRAP)
|   signal (SIGTRAP, sigfpe_handler);
| #endif
| /* Linux/SPARC yields signal SIGILL.  */
| #if defined (__sparc__) && defined (__linux__)
|   signal (SIGILL, sigfpe_handler);
| #endif
| 
|   z = x / y;
|   nan = y / y;
|   exit (2);
| }
| 
configure:19633: result: no
configure:19644: checking for inttypes.h
configure:19664: gcc -std=gnu23 -c -I/opt/homebrew/include -I/opt/homebrew/Cellar/gtk-mac-integration/3.0.2/include/gtkmacintegration -DMAC_INTEGRATION -I/opt/homebrew/Cellar/gtk+3/3.24.52/include/gtk-3.0 -I/opt/homebrew/Cellar/pango/1.57.1/include/pango-1.0 -I/opt/homebrew/Cellar/libthai/0.1.30/include -I/opt/homebrew/Cellar/libdatrie/0.2.14/include -I/opt/homebrew/Cellar/harfbuzz/14.2.0/include/harfbuzz -I/opt/homebrew/opt/graphite2/include -I/opt/homebrew/Cellar/cairo/1.18.4/include -I/opt/homebrew/Cellar/cairo/1.18.4/include/cairo -I/opt/homebrew/Cellar/fontconfig/2.17.1/include -I/opt/homebrew/opt/freetype/include/freetype2 -I/opt/homebrew/Cellar/libxext/1.3.7/include -I/opt/homebrew/Cellar/xorgproto/2025.1/include -I/opt/homebrew/Cellar/libxrender/0.9.12/include -I/opt/homebrew/Cellar/libx11/1.8.13/include -I/opt/homebrew/Cellar/libxcb/1.17.0/include -I/opt/homebrew/Cellar/libxau/1.0.12/include -I/opt/homebrew/Cellar/libxdmcp/1.1.5/include -I/opt/homebrew/Cellar/pixman/0.46.4/include/pixman-1 -I/opt/homebrew/include/gdk-pixbuf-2.0 -I/opt/homebrew/opt/libpng/include/libpng16 -I/opt/homebrew/opt/libtiff/include -I/opt/homebrew/opt/zstd/include -I/opt/homebrew/Cellar/xz/5.8.3/include -I/opt/homebrew/opt/jpeg-turbo/include -I/opt/homebrew/Cellar/at-spi2-core/2.60.4/include/atk-1.0 -I/opt/homebrew/Cellar/libepoxy/1.5.10/include -I/opt/homebrew/Cellar/fribidi/1.0.16/include/fribidi -I/opt/homebrew/Cellar/glib/2.88.1/include/gio-unix-2.0 -I/opt/homebrew/Cellar/glib/2.88.1/include -I/Library/Developer/CommandLineTools/SDKs/MacOSX26.sdk/usr/include/ffi -I/opt/homebrew/Cellar/glib/2.88.1/include/glib-2.0 -I/opt/homebrew/Cellar/glib/2.88.1/lib/glib-2.0/include -I/opt/homebrew/opt/gettext/include -I/opt/homebrew/Cellar/pcre2/10.47_1/include conftest.c >&5
configure:19664: $? = 0
configure:19674: result: yes
configure:19683: checking for unsigned long long int
configure:19723: gcc -std=gnu23 -o conftest -I/opt/homebrew/include -I/opt/homebrew/Cellar/gtk-mac-integration/3.0.2/include/gtkmacintegration -DMAC_INTEGRATION -I/opt/homebrew/Cellar/gtk+3/3.24.52/include/gtk-3.0 -I/opt/homebrew/Cellar/pango/1.57.1/include/pango-1.0 -I/opt/homebrew/Cellar/libthai/0.1.30/include -I/opt/homebrew/Cellar/libdatrie/0.2.14/include -I/opt/homebrew/Cellar/harfbuzz/14.2.0/include/harfbuzz -I/opt/homebrew/opt/graphite2/include -I/opt/homebrew/Cellar/cairo/1.18.4/include -I/opt/homebrew/Cellar/cairo/1.18.4/include/cairo -I/opt/homebrew/Cellar/fontconfig/2.17.1/include -I/opt/homebrew/opt/freetype/include/freetype2 -I/opt/homebrew/Cellar/libxext/1.3.7/include -I/opt/homebrew/Cellar/xorgproto/2025.1/include -I/opt/homebrew/Cellar/libxrender/0.9.12/include -I/opt/homebrew/Cellar/libx11/1.8.13/include -I/opt/homebrew/Cellar/libxcb/1.17.0/include -I/opt/homebrew/Cellar/libxau/1.0.12/include -I/opt/homebrew/Cellar/libxdmcp/1.1.5/include -I/opt/homebrew/Cellar/pixman/0.46.4/include/pixman-1 -I/opt/homebrew/include/gdk-pixbuf-2.0 -I/opt/homebrew/opt/libpng/include/libpng16 -I/opt/homebrew/opt/libtiff/include -I/opt/homebrew/opt/zstd/include -I/opt/homebrew/Cellar/xz/5.8.3/include -I/opt/homebrew/opt/jpeg-turbo/include -I/opt/homebrew/Cellar/at-spi2-core/2.60.4/include/atk-1.0 -I/opt/homebrew/Cellar/libepoxy/1.5.10/include -I/opt/homebrew/Cellar/fribidi/1.0.16/include/fribidi -I/opt/homebrew/Cellar/glib/2.88.1/include/gio-unix-2.0 -I/opt/homebrew/Cellar/glib/2.88.1/include -I/Library/Developer/CommandLineTools/SDKs/MacOSX26.sdk/usr/include/ffi -I/opt/homebrew/Cellar/glib/2.88.1/include/glib-2.0 -I/opt/homebrew/Cellar/glib/2.88.1/lib/glib-2.0/include -I/opt/homebrew/opt/gettext/include -I/opt/homebrew/Cellar/pcre2/10.47_1/include -L/opt/homebrew/Cellar/gtk-mac-integration/3.0.2/lib -lgtkmacintegration-gtk3 -L/opt/homebrew/Cellar/gtk+3/3.24.52/lib -lgtk-3 -lgdk-3 -Wl,-framework,Cocoa -Wl,-framework,Carbon -Wl,-framework,CoreGraphics -L/opt/homebrew/Cellar/pango/1.57.1/lib -lpangocairo-1.0 -lpango-1.0 -L/opt/homebrew/Cellar/harfbuzz/14.2.0/lib -lharfbuzz -L/opt/homebrew/Cellar/cairo/1.18.4/lib -lcairo-gobject -lcairo -L/opt/homebrew/lib -lgdk_pixbuf-2.0 -L/opt/homebrew/Cellar/at-spi2-core/2.60.4/lib -latk-1.0 -L/opt/homebrew/Cellar/glib/2.88.1/lib -lgio-2.0 -lgobject-2.0 -lglib-2.0 -L/opt/homebrew/opt/gettext/lib -lintl conftest.c  >&5
configure:19723: $? = 0
configure:19735: result: yes
configure:19761: checking for inttypes.h
configure:19761: result: yes
configure:19769: checking whether the inttypes.h PRIxNN macros are broken
configure:19792: gcc -std=gnu23 -c -I/opt/homebrew/include -I/opt/homebrew/Cellar/gtk-mac-integration/3.0.2/include/gtkmacintegration -DMAC_INTEGRATION -I/opt/homebrew/Cellar/gtk+3/3.24.52/include/gtk-3.0 -I/opt/homebrew/Cellar/pango/1.57.1/include/pango-1.0 -I/opt/homebrew/Cellar/libthai/0.1.30/include -I/opt/homebrew/Cellar/libdatrie/0.2.14/include -I/opt/homebrew/Cellar/harfbuzz/14.2.0/include/harfbuzz -I/opt/homebrew/opt/graphite2/include -I/opt/homebrew/Cellar/cairo/1.18.4/include -I/opt/homebrew/Cellar/cairo/1.18.4/include/cairo -I/opt/homebrew/Cellar/fontconfig/2.17.1/include -I/opt/homebrew/opt/freetype/include/freetype2 -I/opt/homebrew/Cellar/libxext/1.3.7/include -I/opt/homebrew/Cellar/xorgproto/2025.1/include -I/opt/homebrew/Cellar/libxrender/0.9.12/include -I/opt/homebrew/Cellar/libx11/1.8.13/include -I/opt/homebrew/Cellar/libxcb/1.17.0/include -I/opt/homebrew/Cellar/libxau/1.0.12/include -I/opt/homebrew/Cellar/libxdmcp/1.1.5/include -I/opt/homebrew/Cellar/pixman/0.46.4/include/pixman-1 -I/opt/homebrew/include/gdk-pixbuf-2.0 -I/opt/homebrew/opt/libpng/include/libpng16 -I/opt/homebrew/opt/libtiff/include -I/opt/homebrew/opt/zstd/include -I/opt/homebrew/Cellar/xz/5.8.3/include -I/opt/homebrew/opt/jpeg-turbo/include -I/opt/homebrew/Cellar/at-spi2-core/2.60.4/include/atk-1.0 -I/opt/homebrew/Cellar/libepoxy/1.5.10/include -I/opt/homebrew/Cellar/fribidi/1.0.16/include/fribidi -I/opt/homebrew/Cellar/glib/2.88.1/include/gio-unix-2.0 -I/opt/homebrew/Cellar/glib/2.88.1/include -I/Library/Developer/CommandLineTools/SDKs/MacOSX26.sdk/usr/include/ffi -I/opt/homebrew/Cellar/glib/2.88.1/include/glib-2.0 -I/opt/homebrew/Cellar/glib/2.88.1/lib/glib-2.0/include -I/opt/homebrew/opt/gettext/include -I/opt/homebrew/Cellar/pcre2/10.47_1/include conftest.c >&5
configure:19792: $? = 0
configure:19803: result: no
configure:19822: checking whether it is safe to define __EXTENSIONS__
configure:19841: gcc -std=gnu23 -c -I/opt/homebrew/include -I/opt/homebrew/Cellar/gtk-mac-integration/3.0.2/include/gtkmacintegration -DMAC_INTEGRATION -I/opt/homebrew/Cellar/gtk+3/3.24.52/include/gtk-3.0 -I/opt/homebrew/Cellar/pango/1.57.1/include/pango-1.0 -I/opt/homebrew/Cellar/libthai/0.1.30/include -I/opt/homebrew/Cellar/libdatrie/0.2.14/include -I/opt/homebrew/Cellar/harfbuzz/14.2.0/include/harfbuzz -I/opt/homebrew/opt/graphite2/include -I/opt/homebrew/Cellar/cairo/1.18.4/include -I/opt/homebrew/Cellar/cairo/1.18.4/include/cairo -I/opt/homebrew/Cellar/fontconfig/2.17.1/include -I/opt/homebrew/opt/freetype/include/freetype2 -I/opt/homebrew/Cellar/libxext/1.3.7/include -I/opt/homebrew/Cellar/xorgproto/2025.1/include -I/opt/homebrew/Cellar/libxrender/0.9.12/include -I/opt/homebrew/Cellar/libx11/1.8.13/include -I/opt/homebrew/Cellar/libxcb/1.17.0/include -I/opt/homebrew/Cellar/libxau/1.0.12/include -I/opt/homebrew/Cellar/libxdmcp/1.1.5/include -I/opt/homebrew/Cellar/pixman/0.46.4/include/pixman-1 -I/opt/homebrew/include/gdk-pixbuf-2.0 -I/opt/homebrew/opt/libpng/include/libpng16 -I/opt/homebrew/opt/libtiff/include -I/opt/homebrew/opt/zstd/include -I/opt/homebrew/Cellar/xz/5.8.3/include -I/opt/homebrew/opt/jpeg-turbo/include -I/opt/homebrew/Cellar/at-spi2-core/2.60.4/include/atk-1.0 -I/opt/homebrew/Cellar/libepoxy/1.5.10/include -I/opt/homebrew/Cellar/fribidi/1.0.16/include/fribidi -I/opt/homebrew/Cellar/glib/2.88.1/include/gio-unix-2.0 -I/opt/homebrew/Cellar/glib/2.88.1/include -I/Library/Developer/CommandLineTools/SDKs/MacOSX26.sdk/usr/include/ffi -I/opt/homebrew/Cellar/glib/2.88.1/include/glib-2.0 -I/opt/homebrew/Cellar/glib/2.88.1/lib/glib-2.0/include -I/opt/homebrew/opt/gettext/include -I/opt/homebrew/Cellar/pcre2/10.47_1/include conftest.c >&5
configure:19841: $? = 0
configure:19851: result: yes
configure:19854: checking whether _XOPEN_SOURCE should be defined
configure:19876: gcc -std=gnu23 -c -I/opt/homebrew/include -I/opt/homebrew/Cellar/gtk-mac-integration/3.0.2/include/gtkmacintegration -DMAC_INTEGRATION -I/opt/homebrew/Cellar/gtk+3/3.24.52/include/gtk-3.0 -I/opt/homebrew/Cellar/pango/1.57.1/include/pango-1.0 -I/opt/homebrew/Cellar/libthai/0.1.30/include -I/opt/homebrew/Cellar/libdatrie/0.2.14/include -I/opt/homebrew/Cellar/harfbuzz/14.2.0/include/harfbuzz -I/opt/homebrew/opt/graphite2/include -I/opt/homebrew/Cellar/cairo/1.18.4/include -I/opt/homebrew/Cellar/cairo/1.18.4/include/cairo -I/opt/homebrew/Cellar/fontconfig/2.17.1/include -I/opt/homebrew/opt/freetype/include/freetype2 -I/opt/homebrew/Cellar/libxext/1.3.7/include -I/opt/homebrew/Cellar/xorgproto/2025.1/include -I/opt/homebrew/Cellar/libxrender/0.9.12/include -I/opt/homebrew/Cellar/libx11/1.8.13/include -I/opt/homebrew/Cellar/libxcb/1.17.0/include -I/opt/homebrew/Cellar/libxau/1.0.12/include -I/opt/homebrew/Cellar/libxdmcp/1.1.5/include -I/opt/homebrew/Cellar/pixman/0.46.4/include/pixman-1 -I/opt/homebrew/include/gdk-pixbuf-2.0 -I/opt/homebrew/opt/libpng/include/libpng16 -I/opt/homebrew/opt/libtiff/include -I/opt/homebrew/opt/zstd/include -I/opt/homebrew/Cellar/xz/5.8.3/include -I/opt/homebrew/opt/jpeg-turbo/include -I/opt/homebrew/Cellar/at-spi2-core/2.60.4/include/atk-1.0 -I/opt/homebrew/Cellar/libepoxy/1.5.10/include -I/opt/homebrew/Cellar/fribidi/1.0.16/include/fribidi -I/opt/homebrew/Cellar/glib/2.88.1/include/gio-unix-2.0 -I/opt/homebrew/Cellar/glib/2.88.1/include -I/Library/Developer/CommandLineTools/SDKs/MacOSX26.sdk/usr/include/ffi -I/opt/homebrew/Cellar/glib/2.88.1/include/glib-2.0 -I/opt/homebrew/Cellar/glib/2.88.1/lib/glib-2.0/include -I/opt/homebrew/opt/gettext/include -I/opt/homebrew/Cellar/pcre2/10.47_1/include conftest.c >&5
configure:19876: $? = 0
configure:19905: result: no
configure:20027: checking whether imported symbols can be declared weak
configure:20046: gcc -std=gnu23 -o conftest -I/opt/homebrew/include -I/opt/homebrew/Cellar/gtk-mac-integration/3.0.2/include/gtkmacintegration -DMAC_INTEGRATION -I/opt/homebrew/Cellar/gtk+3/3.24.52/include/gtk-3.0 -I/opt/homebrew/Cellar/pango/1.57.1/include/pango-1.0 -I/opt/homebrew/Cellar/libthai/0.1.30/include -I/opt/homebrew/Cellar/libdatrie/0.2.14/include -I/opt/homebrew/Cellar/harfbuzz/14.2.0/include/harfbuzz -I/opt/homebrew/opt/graphite2/include -I/opt/homebrew/Cellar/cairo/1.18.4/include -I/opt/homebrew/Cellar/cairo/1.18.4/include/cairo -I/opt/homebrew/Cellar/fontconfig/2.17.1/include -I/opt/homebrew/opt/freetype/include/freetype2 -I/opt/homebrew/Cellar/libxext/1.3.7/include -I/opt/homebrew/Cellar/xorgproto/2025.1/include -I/opt/homebrew/Cellar/libxrender/0.9.12/include -I/opt/homebrew/Cellar/libx11/1.8.13/include -I/opt/homebrew/Cellar/libxcb/1.17.0/include -I/opt/homebrew/Cellar/libxau/1.0.12/include -I/opt/homebrew/Cellar/libxdmcp/1.1.5/include -I/opt/homebrew/Cellar/pixman/0.46.4/include/pixman-1 -I/opt/homebrew/include/gdk-pixbuf-2.0 -I/opt/homebrew/opt/libpng/include/libpng16 -I/opt/homebrew/opt/libtiff/include -I/opt/homebrew/opt/zstd/include -I/opt/homebrew/Cellar/xz/5.8.3/include -I/opt/homebrew/opt/jpeg-turbo/include -I/opt/homebrew/Cellar/at-spi2-core/2.60.4/include/atk-1.0 -I/opt/homebrew/Cellar/libepoxy/1.5.10/include -I/opt/homebrew/Cellar/fribidi/1.0.16/include/fribidi -I/opt/homebrew/Cellar/glib/2.88.1/include/gio-unix-2.0 -I/opt/homebrew/Cellar/glib/2.88.1/include -I/Library/Developer/CommandLineTools/SDKs/MacOSX26.sdk/usr/include/ffi -I/opt/homebrew/Cellar/glib/2.88.1/include/glib-2.0 -I/opt/homebrew/Cellar/glib/2.88.1/lib/glib-2.0/include -I/opt/homebrew/opt/gettext/include -I/opt/homebrew/Cellar/pcre2/10.47_1/include -L/opt/homebrew/Cellar/gtk-mac-integration/3.0.2/lib -lgtkmacintegration-gtk3 -L/opt/homebrew/Cellar/gtk+3/3.24.52/lib -lgtk-3 -lgdk-3 -Wl,-framework,Cocoa -Wl,-framework,Carbon -Wl,-framework,CoreGraphics -L/opt/homebrew/Cellar/pango/1.57.1/lib -lpangocairo-1.0 -lpango-1.0 -L/opt/homebrew/Cellar/harfbuzz/14.2.0/lib -lharfbuzz -L/opt/homebrew/Cellar/cairo/1.18.4/lib -lcairo-gobject -lcairo -L/opt/homebrew/lib -lgdk_pixbuf-2.0 -L/opt/homebrew/Cellar/at-spi2-core/2.60.4/lib -latk-1.0 -L/opt/homebrew/Cellar/glib/2.88.1/lib -lgio-2.0 -lgobject-2.0 -lglib-2.0 -L/opt/homebrew/opt/gettext/lib -lintl conftest.c  >&5
Undefined symbols for architecture arm64:
  "_xyzzy", referenced from:
      _main in conftest-0dbc1c.o
ld: symbol(s) not found for architecture arm64
clang: error: linker command failed with exit code 1 (use -v to see invocation)
configure:20046: $? = 1
configure: failed program was:
| /* confdefs.h */
| #define PACKAGE_NAME ""
| #define PACKAGE_TARNAME ""
| #define PACKAGE_VERSION ""
| #define PACKAGE_STRING ""
| #define PACKAGE_BUGREPORT ""
| #define PACKAGE_URL ""
| #define YYTEXT_POINTER 1
| #define HAVE_STDIO_H 1
| #define HAVE_STDLIB_H 1
| #define HAVE_STRING_H 1
| #define HAVE_INTTYPES_H 1
| #define HAVE_STDINT_H 1
| #define HAVE_STRINGS_H 1
| #define HAVE_SYS_STAT_H 1
| #define HAVE_SYS_TYPES_H 1
| #define HAVE_UNISTD_H 1
| #define HAVE_SYS_PARAM_H 1
| #define HAVE_WCHAR_H 1
| #define STDC_HEADERS 1
| #define HAVE_DLFCN_H 1
| #define LT_OBJDIR ".libs/"
| #define HAVE_ALLOCA_H 1
| #define HAVE_ALLOCA 1
| #define HAVE_DIRENT_H 1
| #define HAVE_SYS_WAIT_H 1
| #define HAVE_FCNTL_H 1
| #define HAVE_INTTYPES_H 1
| #define HAVE_LANGINFO_H 1
| #define HAVE_LIBINTL_H 1
| #define HAVE_LIMITS_H 1
| #define HAVE_LOCALE_H 1
| #define HAVE_NETDB_H 1
| #define HAVE_NETINET_IN_H 1
| #define HAVE_STDDEF_H 1
| #define HAVE_STDINT_H 1
| #define HAVE_STDLIB_H 1
| #define HAVE_STRING_H 1
| #define HAVE_STRINGS_H 1
| #define HAVE_SYS_PARAM_H 1
| #define HAVE_SYS_SOCKET_H 1
| #define HAVE_SYS_UTSNAME_H 1
| #define HAVE_UNISTD_H 1
| #define HAVE__BOOL 1
| #define HAVE_STDBOOL_H 1
| #define HAVE_FORK 1
| #define HAVE_VFORK 1
| #define HAVE_GETPAGESIZE 1
| #define HAVE_SYMLINK 1
| #define HAVE_WORKING_VFORK 1
| #define HAVE_WORKING_FORK 1
| #define LSTAT_FOLLOWS_SLASHED_SYMLINK 1
| #define LSTAT_FOLLOWS_SLASHED_SYMLINK 1
| #define HAVE_MALLOC 1
| #define HAVE_MMAP 1
| #define HAVE_REALLOC 1
| #define RETSIGTYPE void
| #define HAVE_DUP2 1
| #define HAVE_GETCWD 1
| #define HAVE_GETHOSTBYNAME 1
| #define HAVE_MEMSET 1
| #define HAVE_MKDIR 1
| #define HAVE_MUNMAP 1
| #define HAVE_NL_LANGINFO 1
| #define HAVE_SETLOCALE 1
| #define HAVE_SOCKET 1
| #define HAVE_STPCPY 1
| #define HAVE_STRCASECMP 1
| #define HAVE_STRCHR 1
| #define HAVE_STRCSPN 1
| #define HAVE_STRDUP 1
| #define HAVE_STRRCHR 1
| #define HAVE_STRSTR 1
| #define HAVE_STRTOL 1
| #define HAVE_STRTOUL 1
| #define HAVE_ISASCII 1
| #define HAVE_MEMMOVE 1
| #define HAVE_STRNCASECMP 1
| #define USE_OSX /**/
| #define USE_BIFF /**/
| #define USE_SOCKMSG /**/
| #define USE_COMMON /**/
| #define USE_GTAR /**/
| #define USE_SSL /**/
| #define USE_GTK3 /**/
| #define HAVE_ICONV 1
| #define ICONV_CONST 
| #define HAVE_VISIBILITY 1
| #define HAVE_STDINT_H_WITH_UINTMAX 1
| #define INTDIV0_RAISES_SIGFPE 0
| #define HAVE_INTTYPES_H_WITH_UINTMAX 1
| #define HAVE_UNSIGNED_LONG_LONG_INT 1
| #define HAVE_UINTMAX_T 1
| #define HAVE_INTTYPES_H 1
| #define _ALL_SOURCE 1
| #define _COSMO_SOURCE 1
| #define _DARWIN_C_SOURCE 1
| #define _GNU_SOURCE 1
| #define _HPUX_ALT_XOPEN_SOCKET_API 1
| #define _NETBSD_SOURCE 1
| #define _OPENBSD_SOURCE 1
| #define _POSIX_PTHREAD_SEMANTICS 1
| #define __STDC_WANT_IEC_60559_ATTRIBS_EXT__ 1
| #define __STDC_WANT_IEC_60559_BFP_EXT__ 1
| #define __STDC_WANT_IEC_60559_DFP_EXT__ 1
| #define __STDC_WANT_IEC_60559_EXT__ 1
| #define __STDC_WANT_IEC_60559_FUNCS_EXT__ 1
| #define __STDC_WANT_IEC_60559_TYPES_EXT__ 1
| #define __STDC_WANT_LIB_EXT2__ 1
| #define __STDC_WANT_MATH_SPEC_FUNCS__ 1
| #define _TANDEM_SOURCE 1
| #define __EXTENSIONS__ 1
| /* end confdefs.h.  */
| extern void xyzzy ();
| #pragma weak xyzzy
| int
| main (void)
| {
| xyzzy();
|   ;
|   return 0;
| }
configure:20100: result: no
configure:20105: checking for pthread.h
configure:20105: gcc -std=gnu23 -c -I/opt/homebrew/include -I/opt/homebrew/Cellar/gtk-mac-integration/3.0.2/include/gtkmacintegration -DMAC_INTEGRATION -I/opt/homebrew/Cellar/gtk+3/3.24.52/include/gtk-3.0 -I/opt/homebrew/Cellar/pango/1.57.1/include/pango-1.0 -I/opt/homebrew/Cellar/libthai/0.1.30/include -I/opt/homebrew/Cellar/libdatrie/0.2.14/include -I/opt/homebrew/Cellar/harfbuzz/14.2.0/include/harfbuzz -I/opt/homebrew/opt/graphite2/include -I/opt/homebrew/Cellar/cairo/1.18.4/include -I/opt/homebrew/Cellar/cairo/1.18.4/include/cairo -I/opt/homebrew/Cellar/fontconfig/2.17.1/include -I/opt/homebrew/opt/freetype/include/freetype2 -I/opt/homebrew/Cellar/libxext/1.3.7/include -I/opt/homebrew/Cellar/xorgproto/2025.1/include -I/opt/homebrew/Cellar/libxrender/0.9.12/include -I/opt/homebrew/Cellar/libx11/1.8.13/include -I/opt/homebrew/Cellar/libxcb/1.17.0/include -I/opt/homebrew/Cellar/libxau/1.0.12/include -I/opt/homebrew/Cellar/libxdmcp/1.1.5/include -I/opt/homebrew/Cellar/pixman/0.46.4/include/pixman-1 -I/opt/homebrew/include/gdk-pixbuf-2.0 -I/opt/homebrew/opt/libpng/include/libpng16 -I/opt/homebrew/opt/libtiff/include -I/opt/homebrew/opt/zstd/include -I/opt/homebrew/Cellar/xz/5.8.3/include -I/opt/homebrew/opt/jpeg-turbo/include -I/opt/homebrew/Cellar/at-spi2-core/2.60.4/include/atk-1.0 -I/opt/homebrew/Cellar/libepoxy/1.5.10/include -I/opt/homebrew/Cellar/fribidi/1.0.16/include/fribidi -I/opt/homebrew/Cellar/glib/2.88.1/include/gio-unix-2.0 -I/opt/homebrew/Cellar/glib/2.88.1/include -I/Library/Developer/CommandLineTools/SDKs/MacOSX26.sdk/usr/include/ffi -I/opt/homebrew/Cellar/glib/2.88.1/include/glib-2.0 -I/opt/homebrew/Cellar/glib/2.88.1/lib/glib-2.0/include -I/opt/homebrew/opt/gettext/include -I/opt/homebrew/Cellar/pcre2/10.47_1/include conftest.c >&5
configure:20105: $? = 0
configure:20105: result: yes
configure:20144: gcc -std=gnu23 -o conftest -I/opt/homebrew/include -I/opt/homebrew/Cellar/gtk-mac-integration/3.0.2/include/gtkmacintegration -DMAC_INTEGRATION -I/opt/homebrew/Cellar/gtk+3/3.24.52/include/gtk-3.0 -I/opt/homebrew/Cellar/pango/1.57.1/include/pango-1.0 -I/opt/homebrew/Cellar/libthai/0.1.30/include -I/opt/homebrew/Cellar/libdatrie/0.2.14/include -I/opt/homebrew/Cellar/harfbuzz/14.2.0/include/harfbuzz -I/opt/homebrew/opt/graphite2/include -I/opt/homebrew/Cellar/cairo/1.18.4/include -I/opt/homebrew/Cellar/cairo/1.18.4/include/cairo -I/opt/homebrew/Cellar/fontconfig/2.17.1/include -I/opt/homebrew/opt/freetype/include/freetype2 -I/opt/homebrew/Cellar/libxext/1.3.7/include -I/opt/homebrew/Cellar/xorgproto/2025.1/include -I/opt/homebrew/Cellar/libxrender/0.9.12/include -I/opt/homebrew/Cellar/libx11/1.8.13/include -I/opt/homebrew/Cellar/libxcb/1.17.0/include -I/opt/homebrew/Cellar/libxau/1.0.12/include -I/opt/homebrew/Cellar/libxdmcp/1.1.5/include -I/opt/homebrew/Cellar/pixman/0.46.4/include/pixman-1 -I/opt/homebrew/include/gdk-pixbuf-2.0 -I/opt/homebrew/opt/libpng/include/libpng16 -I/opt/homebrew/opt/libtiff/include -I/opt/homebrew/opt/zstd/include -I/opt/homebrew/Cellar/xz/5.8.3/include -I/opt/homebrew/opt/jpeg-turbo/include -I/opt/homebrew/Cellar/at-spi2-core/2.60.4/include/atk-1.0 -I/opt/homebrew/Cellar/libepoxy/1.5.10/include -I/opt/homebrew/Cellar/fribidi/1.0.16/include/fribidi -I/opt/homebrew/Cellar/glib/2.88.1/include/gio-unix-2.0 -I/opt/homebrew/Cellar/glib/2.88.1/include -I/Library/Developer/CommandLineTools/SDKs/MacOSX26.sdk/usr/include/ffi -I/opt/homebrew/Cellar/glib/2.88.1/include/glib-2.0 -I/opt/homebrew/Cellar/glib/2.88.1/lib/glib-2.0/include -I/opt/homebrew/opt/gettext/include -I/opt/homebrew/Cellar/pcre2/10.47_1/include -L/opt/homebrew/Cellar/gtk-mac-integration/3.0.2/lib -lgtkmacintegration-gtk3 -L/opt/homebrew/Cellar/gtk+3/3.24.52/lib -lgtk-3 -lgdk-3 -Wl,-framework,Cocoa -Wl,-framework,Carbon -Wl,-framework,CoreGraphics -L/opt/homebrew/Cellar/pango/1.57.1/lib -lpangocairo-1.0 -lpango-1.0 -L/opt/homebrew/Cellar/harfbuzz/14.2.0/lib -lharfbuzz -L/opt/homebrew/Cellar/cairo/1.18.4/lib -lcairo-gobject -lcairo -L/opt/homebrew/lib -lgdk_pixbuf-2.0 -L/opt/homebrew/Cellar/at-spi2-core/2.60.4/lib -latk-1.0 -L/opt/homebrew/Cellar/glib/2.88.1/lib -lgio-2.0 -lgobject-2.0 -lglib-2.0 -L/opt/homebrew/opt/gettext/lib -lintl conftest.c   >&5
configure:20144: $? = 0
configure:20161: checking for pthread_kill in -lpthread
configure:20190: gcc -std=gnu23 -o conftest -I/opt/homebrew/include -I/opt/homebrew/Cellar/gtk-mac-integration/3.0.2/include/gtkmacintegration -DMAC_INTEGRATION -I/opt/homebrew/Cellar/gtk+3/3.24.52/include/gtk-3.0 -I/opt/homebrew/Cellar/pango/1.57.1/include/pango-1.0 -I/opt/homebrew/Cellar/libthai/0.1.30/include -I/opt/homebrew/Cellar/libdatrie/0.2.14/include -I/opt/homebrew/Cellar/harfbuzz/14.2.0/include/harfbuzz -I/opt/homebrew/opt/graphite2/include -I/opt/homebrew/Cellar/cairo/1.18.4/include -I/opt/homebrew/Cellar/cairo/1.18.4/include/cairo -I/opt/homebrew/Cellar/fontconfig/2.17.1/include -I/opt/homebrew/opt/freetype/include/freetype2 -I/opt/homebrew/Cellar/libxext/1.3.7/include -I/opt/homebrew/Cellar/xorgproto/2025.1/include -I/opt/homebrew/Cellar/libxrender/0.9.12/include -I/opt/homebrew/Cellar/libx11/1.8.13/include -I/opt/homebrew/Cellar/libxcb/1.17.0/include -I/opt/homebrew/Cellar/libxau/1.0.12/include -I/opt/homebrew/Cellar/libxdmcp/1.1.5/include -I/opt/homebrew/Cellar/pixman/0.46.4/include/pixman-1 -I/opt/homebrew/include/gdk-pixbuf-2.0 -I/opt/homebrew/opt/libpng/include/libpng16 -I/opt/homebrew/opt/libtiff/include -I/opt/homebrew/opt/zstd/include -I/opt/homebrew/Cellar/xz/5.8.3/include -I/opt/homebrew/opt/jpeg-turbo/include -I/opt/homebrew/Cellar/at-spi2-core/2.60.4/include/atk-1.0 -I/opt/homebrew/Cellar/libepoxy/1.5.10/include -I/opt/homebrew/Cellar/fribidi/1.0.16/include/fribidi -I/opt/homebrew/Cellar/glib/2.88.1/include/gio-unix-2.0 -I/opt/homebrew/Cellar/glib/2.88.1/include -I/Library/Developer/CommandLineTools/SDKs/MacOSX26.sdk/usr/include/ffi -I/opt/homebrew/Cellar/glib/2.88.1/include/glib-2.0 -I/opt/homebrew/Cellar/glib/2.88.1/lib/glib-2.0/include -I/opt/homebrew/opt/gettext/include -I/opt/homebrew/Cellar/pcre2/10.47_1/include -L/opt/homebrew/Cellar/gtk-mac-integration/3.0.2/lib -lgtkmacintegration-gtk3 -L/opt/homebrew/Cellar/gtk+3/3.24.52/lib -lgtk-3 -lgdk-3 -Wl,-framework,Cocoa -Wl,-framework,Carbon -Wl,-framework,CoreGraphics -L/opt/homebrew/Cellar/pango/1.57.1/lib -lpangocairo-1.0 -lpango-1.0 -L/opt/homebrew/Cellar/harfbuzz/14.2.0/lib -lharfbuzz -L/opt/homebrew/Cellar/cairo/1.18.4/lib -lcairo-gobject -lcairo -L/opt/homebrew/lib -lgdk_pixbuf-2.0 -L/opt/homebrew/Cellar/at-spi2-core/2.60.4/lib -latk-1.0 -L/opt/homebrew/Cellar/glib/2.88.1/lib -lgio-2.0 -lgobject-2.0 -lglib-2.0 -L/opt/homebrew/opt/gettext/lib -lintl conftest.c -lpthread   >&5
configure:20190: $? = 0
configure:20202: result: yes
configure:20967: checking for multithread API to use
configure:20969: result: posix
configure:20985: checking for pthread_rwlock_t
configure:20985: gcc -std=gnu23 -c -I/opt/homebrew/include -I/opt/homebrew/Cellar/gtk-mac-integration/3.0.2/include/gtkmacintegration -DMAC_INTEGRATION -I/opt/homebrew/Cellar/gtk+3/3.24.52/include/gtk-3.0 -I/opt/homebrew/Cellar/pango/1.57.1/include/pango-1.0 -I/opt/homebrew/Cellar/libthai/0.1.30/include -I/opt/homebrew/Cellar/libdatrie/0.2.14/include -I/opt/homebrew/Cellar/harfbuzz/14.2.0/include/harfbuzz -I/opt/homebrew/opt/graphite2/include -I/opt/homebrew/Cellar/cairo/1.18.4/include -I/opt/homebrew/Cellar/cairo/1.18.4/include/cairo -I/opt/homebrew/Cellar/fontconfig/2.17.1/include -I/opt/homebrew/opt/freetype/include/freetype2 -I/opt/homebrew/Cellar/libxext/1.3.7/include -I/opt/homebrew/Cellar/xorgproto/2025.1/include -I/opt/homebrew/Cellar/libxrender/0.9.12/include -I/opt/homebrew/Cellar/libx11/1.8.13/include -I/opt/homebrew/Cellar/libxcb/1.17.0/include -I/opt/homebrew/Cellar/libxau/1.0.12/include -I/opt/homebrew/Cellar/libxdmcp/1.1.5/include -I/opt/homebrew/Cellar/pixman/0.46.4/include/pixman-1 -I/opt/homebrew/include/gdk-pixbuf-2.0 -I/opt/homebrew/opt/libpng/include/libpng16 -I/opt/homebrew/opt/libtiff/include -I/opt/homebrew/opt/zstd/include -I/opt/homebrew/Cellar/xz/5.8.3/include -I/opt/homebrew/opt/jpeg-turbo/include -I/opt/homebrew/Cellar/at-spi2-core/2.60.4/include/atk-1.0 -I/opt/homebrew/Cellar/libepoxy/1.5.10/include -I/opt/homebrew/Cellar/fribidi/1.0.16/include/fribidi -I/opt/homebrew/Cellar/glib/2.88.1/include/gio-unix-2.0 -I/opt/homebrew/Cellar/glib/2.88.1/include -I/Library/Developer/CommandLineTools/SDKs/MacOSX26.sdk/usr/include/ffi -I/opt/homebrew/Cellar/glib/2.88.1/include/glib-2.0 -I/opt/homebrew/Cellar/glib/2.88.1/lib/glib-2.0/include -I/opt/homebrew/opt/gettext/include -I/opt/homebrew/Cellar/pcre2/10.47_1/include conftest.c >&5
configure:20985: $? = 0
configure:20985: gcc -std=gnu23 -c -I/opt/homebrew/include -I/opt/homebrew/Cellar/gtk-mac-integration/3.0.2/include/gtkmacintegration -DMAC_INTEGRATION -I/opt/homebrew/Cellar/gtk+3/3.24.52/include/gtk-3.0 -I/opt/homebrew/Cellar/pango/1.57.1/include/pango-1.0 -I/opt/homebrew/Cellar/libthai/0.1.30/include -I/opt/homebrew/Cellar/libdatrie/0.2.14/include -I/opt/homebrew/Cellar/harfbuzz/14.2.0/include/harfbuzz -I/opt/homebrew/opt/graphite2/include -I/opt/homebrew/Cellar/cairo/1.18.4/include -I/opt/homebrew/Cellar/cairo/1.18.4/include/cairo -I/opt/homebrew/Cellar/fontconfig/2.17.1/include -I/opt/homebrew/opt/freetype/include/freetype2 -I/opt/homebrew/Cellar/libxext/1.3.7/include -I/opt/homebrew/Cellar/xorgproto/2025.1/include -I/opt/homebrew/Cellar/libxrender/0.9.12/include -I/opt/homebrew/Cellar/libx11/1.8.13/include -I/opt/homebrew/Cellar/libxcb/1.17.0/include -I/opt/homebrew/Cellar/libxau/1.0.12/include -I/opt/homebrew/Cellar/libxdmcp/1.1.5/include -I/opt/homebrew/Cellar/pixman/0.46.4/include/pixman-1 -I/opt/homebrew/include/gdk-pixbuf-2.0 -I/opt/homebrew/opt/libpng/include/libpng16 -I/opt/homebrew/opt/libtiff/include -I/opt/homebrew/opt/zstd/include -I/opt/homebrew/Cellar/xz/5.8.3/include -I/opt/homebrew/opt/jpeg-turbo/include -I/opt/homebrew/Cellar/at-spi2-core/2.60.4/include/atk-1.0 -I/opt/homebrew/Cellar/libepoxy/1.5.10/include -I/opt/homebrew/Cellar/fribidi/1.0.16/include/fribidi -I/opt/homebrew/Cellar/glib/2.88.1/include/gio-unix-2.0 -I/opt/homebrew/Cellar/glib/2.88.1/include -I/Library/Developer/CommandLineTools/SDKs/MacOSX26.sdk/usr/include/ffi -I/opt/homebrew/Cellar/glib/2.88.1/include/glib-2.0 -I/opt/homebrew/Cellar/glib/2.88.1/lib/glib-2.0/include -I/opt/homebrew/opt/gettext/include -I/opt/homebrew/Cellar/pcre2/10.47_1/include conftest.c >&5
conftest.c:120:31: error: expected expression
  120 | if (sizeof ((pthread_rwlock_t)))
      |                               ^
1 error generated.
configure:20985: $? = 1
configure: failed program was:
| /* confdefs.h */
| #define PACKAGE_NAME ""
| #define PACKAGE_TARNAME ""
| #define PACKAGE_VERSION ""
| #define PACKAGE_STRING ""
| #define PACKAGE_BUGREPORT ""
| #define PACKAGE_URL ""
| #define YYTEXT_POINTER 1
| #define HAVE_STDIO_H 1
| #define HAVE_STDLIB_H 1
| #define HAVE_STRING_H 1
| #define HAVE_INTTYPES_H 1
| #define HAVE_STDINT_H 1
| #define HAVE_STRINGS_H 1
| #define HAVE_SYS_STAT_H 1
| #define HAVE_SYS_TYPES_H 1
| #define HAVE_UNISTD_H 1
| #define HAVE_SYS_PARAM_H 1
| #define HAVE_WCHAR_H 1
| #define STDC_HEADERS 1
| #define HAVE_DLFCN_H 1
| #define LT_OBJDIR ".libs/"
| #define HAVE_ALLOCA_H 1
| #define HAVE_ALLOCA 1
| #define HAVE_DIRENT_H 1
| #define HAVE_SYS_WAIT_H 1
| #define HAVE_FCNTL_H 1
| #define HAVE_INTTYPES_H 1
| #define HAVE_LANGINFO_H 1
| #define HAVE_LIBINTL_H 1
| #define HAVE_LIMITS_H 1
| #define HAVE_LOCALE_H 1
| #define HAVE_NETDB_H 1
| #define HAVE_NETINET_IN_H 1
| #define HAVE_STDDEF_H 1
| #define HAVE_STDINT_H 1
| #define HAVE_STDLIB_H 1
| #define HAVE_STRING_H 1
| #define HAVE_STRINGS_H 1
| #define HAVE_SYS_PARAM_H 1
| #define HAVE_SYS_SOCKET_H 1
| #define HAVE_SYS_UTSNAME_H 1
| #define HAVE_UNISTD_H 1
| #define HAVE__BOOL 1
| #define HAVE_STDBOOL_H 1
| #define HAVE_FORK 1
| #define HAVE_VFORK 1
| #define HAVE_GETPAGESIZE 1
| #define HAVE_SYMLINK 1
| #define HAVE_WORKING_VFORK 1
| #define HAVE_WORKING_FORK 1
| #define LSTAT_FOLLOWS_SLASHED_SYMLINK 1
| #define LSTAT_FOLLOWS_SLASHED_SYMLINK 1
| #define HAVE_MALLOC 1
| #define HAVE_MMAP 1
| #define HAVE_REALLOC 1
| #define RETSIGTYPE void
| #define HAVE_DUP2 1
| #define HAVE_GETCWD 1
| #define HAVE_GETHOSTBYNAME 1
| #define HAVE_MEMSET 1
| #define HAVE_MKDIR 1
| #define HAVE_MUNMAP 1
| #define HAVE_NL_LANGINFO 1
| #define HAVE_SETLOCALE 1
| #define HAVE_SOCKET 1
| #define HAVE_STPCPY 1
| #define HAVE_STRCASECMP 1
| #define HAVE_STRCHR 1
| #define HAVE_STRCSPN 1
| #define HAVE_STRDUP 1
| #define HAVE_STRRCHR 1
| #define HAVE_STRSTR 1
| #define HAVE_STRTOL 1
| #define HAVE_STRTOUL 1
| #define HAVE_ISASCII 1
| #define HAVE_MEMMOVE 1
| #define HAVE_STRNCASECMP 1
| #define USE_OSX /**/
| #define USE_BIFF /**/
| #define USE_SOCKMSG /**/
| #define USE_COMMON /**/
| #define USE_GTAR /**/
| #define USE_SSL /**/
| #define USE_GTK3 /**/
| #define HAVE_ICONV 1
| #define ICONV_CONST 
| #define HAVE_VISIBILITY 1
| #define HAVE_STDINT_H_WITH_UINTMAX 1
| #define INTDIV0_RAISES_SIGFPE 0
| #define HAVE_INTTYPES_H_WITH_UINTMAX 1
| #define HAVE_UNSIGNED_LONG_LONG_INT 1
| #define HAVE_UINTMAX_T 1
| #define HAVE_INTTYPES_H 1
| #define _ALL_SOURCE 1
| #define _COSMO_SOURCE 1
| #define _DARWIN_C_SOURCE 1
| #define _GNU_SOURCE 1
| #define _HPUX_ALT_XOPEN_SOCKET_API 1
| #define _NETBSD_SOURCE 1
| #define _OPENBSD_SOURCE 1
| #define _POSIX_PTHREAD_SEMANTICS 1
| #define __STDC_WANT_IEC_60559_ATTRIBS_EXT__ 1
| #define __STDC_WANT_IEC_60559_BFP_EXT__ 1
| #define __STDC_WANT_IEC_60559_DFP_EXT__ 1
| #define __STDC_WANT_IEC_60559_EXT__ 1
| #define __STDC_WANT_IEC_60559_FUNCS_EXT__ 1
| #define __STDC_WANT_IEC_60559_TYPES_EXT__ 1
| #define __STDC_WANT_LIB_EXT2__ 1
| #define __STDC_WANT_MATH_SPEC_FUNCS__ 1
| #define _TANDEM_SOURCE 1
| #define __EXTENSIONS__ 1
| #define USE_POSIX_THREADS 1
| /* end confdefs.h.  */
| #include <pthread.h>
| 
| int
| main (void)
| {
| if (sizeof ((pthread_rwlock_t)))
| 	    return 0;
|   ;
|   return 0;
| }
configure:20985: result: yes
configure:21017: gcc -std=gnu23 -c -I/opt/homebrew/include -I/opt/homebrew/Cellar/gtk-mac-integration/3.0.2/include/gtkmacintegration -DMAC_INTEGRATION -I/opt/homebrew/Cellar/gtk+3/3.24.52/include/gtk-3.0 -I/opt/homebrew/Cellar/pango/1.57.1/include/pango-1.0 -I/opt/homebrew/Cellar/libthai/0.1.30/include -I/opt/homebrew/Cellar/libdatrie/0.2.14/include -I/opt/homebrew/Cellar/harfbuzz/14.2.0/include/harfbuzz -I/opt/homebrew/opt/graphite2/include -I/opt/homebrew/Cellar/cairo/1.18.4/include -I/opt/homebrew/Cellar/cairo/1.18.4/include/cairo -I/opt/homebrew/Cellar/fontconfig/2.17.1/include -I/opt/homebrew/opt/freetype/include/freetype2 -I/opt/homebrew/Cellar/libxext/1.3.7/include -I/opt/homebrew/Cellar/xorgproto/2025.1/include -I/opt/homebrew/Cellar/libxrender/0.9.12/include -I/opt/homebrew/Cellar/libx11/1.8.13/include -I/opt/homebrew/Cellar/libxcb/1.17.0/include -I/opt/homebrew/Cellar/libxau/1.0.12/include -I/opt/homebrew/Cellar/libxdmcp/1.1.5/include -I/opt/homebrew/Cellar/pixman/0.46.4/include/pixman-1 -I/opt/homebrew/include/gdk-pixbuf-2.0 -I/opt/homebrew/opt/libpng/include/libpng16 -I/opt/homebrew/opt/libtiff/include -I/opt/homebrew/opt/zstd/include -I/opt/homebrew/Cellar/xz/5.8.3/include -I/opt/homebrew/opt/jpeg-turbo/include -I/opt/homebrew/Cellar/at-spi2-core/2.60.4/include/atk-1.0 -I/opt/homebrew/Cellar/libepoxy/1.5.10/include -I/opt/homebrew/Cellar/fribidi/1.0.16/include/fribidi -I/opt/homebrew/Cellar/glib/2.88.1/include/gio-unix-2.0 -I/opt/homebrew/Cellar/glib/2.88.1/include -I/Library/Developer/CommandLineTools/SDKs/MacOSX26.sdk/usr/include/ffi -I/opt/homebrew/Cellar/glib/2.88.1/include/glib-2.0 -I/opt/homebrew/Cellar/glib/2.88.1/lib/glib-2.0/include -I/opt/homebrew/opt/gettext/include -I/opt/homebrew/Cellar/pcre2/10.47_1/include conftest.c >&5
configure:21017: $? = 0
configure:21027: checking for gcc -std=gnu23 options to detect undeclared functions
configure:21049: gcc -std=gnu23 -c -I/opt/homebrew/include  -I/opt/homebrew/Cellar/gtk-mac-integration/3.0.2/include/gtkmacintegration -DMAC_INTEGRATION -I/opt/homebrew/Cellar/gtk+3/3.24.52/include/gtk-3.0 -I/opt/homebrew/Cellar/pango/1.57.1/include/pango-1.0 -I/opt/homebrew/Cellar/libthai/0.1.30/include -I/opt/homebrew/Cellar/libdatrie/0.2.14/include -I/opt/homebrew/Cellar/harfbuzz/14.2.0/include/harfbuzz -I/opt/homebrew/opt/graphite2/include -I/opt/homebrew/Cellar/cairo/1.18.4/include -I/opt/homebrew/Cellar/cairo/1.18.4/include/cairo -I/opt/homebrew/Cellar/fontconfig/2.17.1/include -I/opt/homebrew/opt/freetype/include/freetype2 -I/opt/homebrew/Cellar/libxext/1.3.7/include -I/opt/homebrew/Cellar/xorgproto/2025.1/include -I/opt/homebrew/Cellar/libxrender/0.9.12/include -I/opt/homebrew/Cellar/libx11/1.8.13/include -I/opt/homebrew/Cellar/libxcb/1.17.0/include -I/opt/homebrew/Cellar/libxau/1.0.12/include -I/opt/homebrew/Cellar/libxdmcp/1.1.5/include -I/opt/homebrew/Cellar/pixman/0.46.4/include/pixman-1 -I/opt/homebrew/include/gdk-pixbuf-2.0 -I/opt/homebrew/opt/libpng/include/libpng16 -I/opt/homebrew/opt/libtiff/include -I/opt/homebrew/opt/zstd/include -I/opt/homebrew/Cellar/xz/5.8.3/include -I/opt/homebrew/opt/jpeg-turbo/include -I/opt/homebrew/Cellar/at-spi2-core/2.60.4/include/atk-1.0 -I/opt/homebrew/Cellar/libepoxy/1.5.10/include -I/opt/homebrew/Cellar/fribidi/1.0.16/include/fribidi -I/opt/homebrew/Cellar/glib/2.88.1/include/gio-unix-2.0 -I/opt/homebrew/Cellar/glib/2.88.1/include -I/Library/Developer/CommandLineTools/SDKs/MacOSX26.sdk/usr/include/ffi -I/opt/homebrew/Cellar/glib/2.88.1/include/glib-2.0 -I/opt/homebrew/Cellar/glib/2.88.1/lib/glib-2.0/include -I/opt/homebrew/opt/gettext/include -I/opt/homebrew/Cellar/pcre2/10.47_1/include conftest.c >&5
conftest.c:121:8: error: call to undeclared library function 'strchr' with type 'char *(const char *, int)'; ISO C99 and later do not support implicit function declarations [-Wimplicit-function-declaration]
  121 | (void) strchr;
      |        ^
conftest.c:121:8: note: include the header <string.h> or explicitly provide a declaration for 'strchr'
1 error generated.
configure:21049: $? = 1
configure: failed program was:
| /* confdefs.h */
| #define PACKAGE_NAME ""
| #define PACKAGE_TARNAME ""
| #define PACKAGE_VERSION ""
| #define PACKAGE_STRING ""
| #define PACKAGE_BUGREPORT ""
| #define PACKAGE_URL ""
| #define YYTEXT_POINTER 1
| #define HAVE_STDIO_H 1
| #define HAVE_STDLIB_H 1
| #define HAVE_STRING_H 1
| #define HAVE_INTTYPES_H 1
| #define HAVE_STDINT_H 1
| #define HAVE_STRINGS_H 1
| #define HAVE_SYS_STAT_H 1
| #define HAVE_SYS_TYPES_H 1
| #define HAVE_UNISTD_H 1
| #define HAVE_SYS_PARAM_H 1
| #define HAVE_WCHAR_H 1
| #define STDC_HEADERS 1
| #define HAVE_DLFCN_H 1
| #define LT_OBJDIR ".libs/"
| #define HAVE_ALLOCA_H 1
| #define HAVE_ALLOCA 1
| #define HAVE_DIRENT_H 1
| #define HAVE_SYS_WAIT_H 1
| #define HAVE_FCNTL_H 1
| #define HAVE_INTTYPES_H 1
| #define HAVE_LANGINFO_H 1
| #define HAVE_LIBINTL_H 1
| #define HAVE_LIMITS_H 1
| #define HAVE_LOCALE_H 1
| #define HAVE_NETDB_H 1
| #define HAVE_NETINET_IN_H 1
| #define HAVE_STDDEF_H 1
| #define HAVE_STDINT_H 1
| #define HAVE_STDLIB_H 1
| #define HAVE_STRING_H 1
| #define HAVE_STRINGS_H 1
| #define HAVE_SYS_PARAM_H 1
| #define HAVE_SYS_SOCKET_H 1
| #define HAVE_SYS_UTSNAME_H 1
| #define HAVE_UNISTD_H 1
| #define HAVE__BOOL 1
| #define HAVE_STDBOOL_H 1
| #define HAVE_FORK 1
| #define HAVE_VFORK 1
| #define HAVE_GETPAGESIZE 1
| #define HAVE_SYMLINK 1
| #define HAVE_WORKING_VFORK 1
| #define HAVE_WORKING_FORK 1
| #define LSTAT_FOLLOWS_SLASHED_SYMLINK 1
| #define LSTAT_FOLLOWS_SLASHED_SYMLINK 1
| #define HAVE_MALLOC 1
| #define HAVE_MMAP 1
| #define HAVE_REALLOC 1
| #define RETSIGTYPE void
| #define HAVE_DUP2 1
| #define HAVE_GETCWD 1
| #define HAVE_GETHOSTBYNAME 1
| #define HAVE_MEMSET 1
| #define HAVE_MKDIR 1
| #define HAVE_MUNMAP 1
| #define HAVE_NL_LANGINFO 1
| #define HAVE_SETLOCALE 1
| #define HAVE_SOCKET 1
| #define HAVE_STPCPY 1
| #define HAVE_STRCASECMP 1
| #define HAVE_STRCHR 1
| #define HAVE_STRCSPN 1
| #define HAVE_STRDUP 1
| #define HAVE_STRRCHR 1
| #define HAVE_STRSTR 1
| #define HAVE_STRTOL 1
| #define HAVE_STRTOUL 1
| #define HAVE_ISASCII 1
| #define HAVE_MEMMOVE 1
| #define HAVE_STRNCASECMP 1
| #define USE_OSX /**/
| #define USE_BIFF /**/
| #define USE_SOCKMSG /**/
| #define USE_COMMON /**/
| #define USE_GTAR /**/
| #define USE_SSL /**/
| #define USE_GTK3 /**/
| #define HAVE_ICONV 1
| #define ICONV_CONST 
| #define HAVE_VISIBILITY 1
| #define HAVE_STDINT_H_WITH_UINTMAX 1
| #define INTDIV0_RAISES_SIGFPE 0
| #define HAVE_INTTYPES_H_WITH_UINTMAX 1
| #define HAVE_UNSIGNED_LONG_LONG_INT 1
| #define HAVE_UINTMAX_T 1
| #define HAVE_INTTYPES_H 1
| #define _ALL_SOURCE 1
| #define _COSMO_SOURCE 1
| #define _DARWIN_C_SOURCE 1
| #define _GNU_SOURCE 1
| #define _HPUX_ALT_XOPEN_SOCKET_API 1
| #define _NETBSD_SOURCE 1
| #define _OPENBSD_SOURCE 1
| #define _POSIX_PTHREAD_SEMANTICS 1
| #define __STDC_WANT_IEC_60559_ATTRIBS_EXT__ 1
| #define __STDC_WANT_IEC_60559_BFP_EXT__ 1
| #define __STDC_WANT_IEC_60559_DFP_EXT__ 1
| #define __STDC_WANT_IEC_60559_EXT__ 1
| #define __STDC_WANT_IEC_60559_FUNCS_EXT__ 1
| #define __STDC_WANT_IEC_60559_TYPES_EXT__ 1
| #define __STDC_WANT_LIB_EXT2__ 1
| #define __STDC_WANT_MATH_SPEC_FUNCS__ 1
| #define _TANDEM_SOURCE 1
| #define __EXTENSIONS__ 1
| #define USE_POSIX_THREADS 1
| #define HAVE_PTHREAD_RWLOCK 1
| #define HAVE_PTHREAD_MUTEX_RECURSIVE 1
| /* end confdefs.h.  */
| 
| int
| main (void)
| {
| (void) strchr;
|   ;
|   return 0;
| }
configure:21076: gcc -std=gnu23 -c -I/opt/homebrew/include  -I/opt/homebrew/Cellar/gtk-mac-integration/3.0.2/include/gtkmacintegration -DMAC_INTEGRATION -I/opt/homebrew/Cellar/gtk+3/3.24.52/include/gtk-3.0 -I/opt/homebrew/Cellar/pango/1.57.1/include/pango-1.0 -I/opt/homebrew/Cellar/libthai/0.1.30/include -I/opt/homebrew/Cellar/libdatrie/0.2.14/include -I/opt/homebrew/Cellar/harfbuzz/14.2.0/include/harfbuzz -I/opt/homebrew/opt/graphite2/include -I/opt/homebrew/Cellar/cairo/1.18.4/include -I/opt/homebrew/Cellar/cairo/1.18.4/include/cairo -I/opt/homebrew/Cellar/fontconfig/2.17.1/include -I/opt/homebrew/opt/freetype/include/freetype2 -I/opt/homebrew/Cellar/libxext/1.3.7/include -I/opt/homebrew/Cellar/xorgproto/2025.1/include -I/opt/homebrew/Cellar/libxrender/0.9.12/include -I/opt/homebrew/Cellar/libx11/1.8.13/include -I/opt/homebrew/Cellar/libxcb/1.17.0/include -I/opt/homebrew/Cellar/libxau/1.0.12/include -I/opt/homebrew/Cellar/libxdmcp/1.1.5/include -I/opt/homebrew/Cellar/pixman/0.46.4/include/pixman-1 -I/opt/homebrew/include/gdk-pixbuf-2.0 -I/opt/homebrew/opt/libpng/include/libpng16 -I/opt/homebrew/opt/libtiff/include -I/opt/homebrew/opt/zstd/include -I/opt/homebrew/Cellar/xz/5.8.3/include -I/opt/homebrew/opt/jpeg-turbo/include -I/opt/homebrew/Cellar/at-spi2-core/2.60.4/include/atk-1.0 -I/opt/homebrew/Cellar/libepoxy/1.5.10/include -I/opt/homebrew/Cellar/fribidi/1.0.16/include/fribidi -I/opt/homebrew/Cellar/glib/2.88.1/include/gio-unix-2.0 -I/opt/homebrew/Cellar/glib/2.88.1/include -I/Library/Developer/CommandLineTools/SDKs/MacOSX26.sdk/usr/include/ffi -I/opt/homebrew/Cellar/glib/2.88.1/include/glib-2.0 -I/opt/homebrew/Cellar/glib/2.88.1/lib/glib-2.0/include -I/opt/homebrew/opt/gettext/include -I/opt/homebrew/Cellar/pcre2/10.47_1/include conftest.c >&5
configure:21076: $? = 0
configure:21096: result: none needed
configure:21110: checking for gcc -std=gnu23 options to ignore future-version functions
configure:21132: gcc -std=gnu23 -c -I/opt/homebrew/include -I/opt/homebrew/Cellar/gtk-mac-integration/3.0.2/include/gtkmacintegration -DMAC_INTEGRATION -I/opt/homebrew/Cellar/gtk+3/3.24.52/include/gtk-3.0 -I/opt/homebrew/Cellar/pango/1.57.1/include/pango-1.0 -I/opt/homebrew/Cellar/libthai/0.1.30/include -I/opt/homebrew/Cellar/libdatrie/0.2.14/include -I/opt/homebrew/Cellar/harfbuzz/14.2.0/include/harfbuzz -I/opt/homebrew/opt/graphite2/include -I/opt/homebrew/Cellar/cairo/1.18.4/include -I/opt/homebrew/Cellar/cairo/1.18.4/include/cairo -I/opt/homebrew/Cellar/fontconfig/2.17.1/include -I/opt/homebrew/opt/freetype/include/freetype2 -I/opt/homebrew/Cellar/libxext/1.3.7/include -I/opt/homebrew/Cellar/xorgproto/2025.1/include -I/opt/homebrew/Cellar/libxrender/0.9.12/include -I/opt/homebrew/Cellar/libx11/1.8.13/include -I/opt/homebrew/Cellar/libxcb/1.17.0/include -I/opt/homebrew/Cellar/libxau/1.0.12/include -I/opt/homebrew/Cellar/libxdmcp/1.1.5/include -I/opt/homebrew/Cellar/pixman/0.46.4/include/pixman-1 -I/opt/homebrew/include/gdk-pixbuf-2.0 -I/opt/homebrew/opt/libpng/include/libpng16 -I/opt/homebrew/opt/libtiff/include -I/opt/homebrew/opt/zstd/include -I/opt/homebrew/Cellar/xz/5.8.3/include -I/opt/homebrew/opt/jpeg-turbo/include -I/opt/homebrew/Cellar/at-spi2-core/2.60.4/include/atk-1.0 -I/opt/homebrew/Cellar/libepoxy/1.5.10/include -I/opt/homebrew/Cellar/fribidi/1.0.16/include/fribidi -I/opt/homebrew/Cellar/glib/2.88.1/include/gio-unix-2.0 -I/opt/homebrew/Cellar/glib/2.88.1/include -I/Library/Developer/CommandLineTools/SDKs/MacOSX26.sdk/usr/include/ffi -I/opt/homebrew/Cellar/glib/2.88.1/include/glib-2.0 -I/opt/homebrew/Cellar/glib/2.88.1/lib/glib-2.0/include -I/opt/homebrew/opt/gettext/include -I/opt/homebrew/Cellar/pcre2/10.47_1/include conftest.c >&5 -Werror=unguarded-availability-new
configure:21132: $? = 0
configure:21144: result: -Werror=unguarded-availability-new
configure:21167: gcc -std=gnu23 -o conftest -I/opt/homebrew/include -I/opt/homebrew/Cellar/gtk-mac-integration/3.0.2/include/gtkmacintegration -DMAC_INTEGRATION -I/opt/homebrew/Cellar/gtk+3/3.24.52/include/gtk-3.0 -I/opt/homebrew/Cellar/pango/1.57.1/include/pango-1.0 -I/opt/homebrew/Cellar/libthai/0.1.30/include -I/opt/homebrew/Cellar/libdatrie/0.2.14/include -I/opt/homebrew/Cellar/harfbuzz/14.2.0/include/harfbuzz -I/opt/homebrew/opt/graphite2/include -I/opt/homebrew/Cellar/cairo/1.18.4/include -I/opt/homebrew/Cellar/cairo/1.18.4/include/cairo -I/opt/homebrew/Cellar/fontconfig/2.17.1/include -I/opt/homebrew/opt/freetype/include/freetype2 -I/opt/homebrew/Cellar/libxext/1.3.7/include -I/opt/homebrew/Cellar/xorgproto/2025.1/include -I/opt/homebrew/Cellar/libxrender/0.9.12/include -I/opt/homebrew/Cellar/libx11/1.8.13/include -I/opt/homebrew/Cellar/libxcb/1.17.0/include -I/opt/homebrew/Cellar/libxau/1.0.12/include -I/opt/homebrew/Cellar/libxdmcp/1.1.5/include -I/opt/homebrew/Cellar/pixman/0.46.4/include/pixman-1 -I/opt/homebrew/include/gdk-pixbuf-2.0 -I/opt/homebrew/opt/libpng/include/libpng16 -I/opt/homebrew/opt/libtiff/include -I/opt/homebrew/opt/zstd/include -I/opt/homebrew/Cellar/xz/5.8.3/include -I/opt/homebrew/opt/jpeg-turbo/include -I/opt/homebrew/Cellar/at-spi2-core/2.60.4/include/atk-1.0 -I/opt/homebrew/Cellar/libepoxy/1.5.10/include -I/opt/homebrew/Cellar/fribidi/1.0.16/include/fribidi -I/opt/homebrew/Cellar/glib/2.88.1/include/gio-unix-2.0 -I/opt/homebrew/Cellar/glib/2.88.1/include -I/Library/Developer/CommandLineTools/SDKs/MacOSX26.sdk/usr/include/ffi -I/opt/homebrew/Cellar/glib/2.88.1/include/glib-2.0 -I/opt/homebrew/Cellar/glib/2.88.1/lib/glib-2.0/include -I/opt/homebrew/opt/gettext/include -I/opt/homebrew/Cellar/pcre2/10.47_1/include -L/opt/homebrew/Cellar/gtk-mac-integration/3.0.2/lib -lgtkmacintegration-gtk3 -L/opt/homebrew/Cellar/gtk+3/3.24.52/lib -lgtk-3 -lgdk-3 -Wl,-framework,Cocoa -Wl,-framework,Carbon -Wl,-framework,CoreGraphics -L/opt/homebrew/Cellar/pango/1.57.1/lib -lpangocairo-1.0 -lpango-1.0 -L/opt/homebrew/Cellar/harfbuzz/14.2.0/lib -lharfbuzz -L/opt/homebrew/Cellar/cairo/1.18.4/lib -lcairo-gobject -lcairo -L/opt/homebrew/lib -lgdk_pixbuf-2.0 -L/opt/homebrew/Cellar/at-spi2-core/2.60.4/lib -latk-1.0 -L/opt/homebrew/Cellar/glib/2.88.1/lib -lgio-2.0 -lgobject-2.0 -lglib-2.0 -L/opt/homebrew/opt/gettext/lib -lintl conftest.c  >&5
configure:21167: $? = 0
configure:21176: checking for argz.h
configure:21176: result: no
configure:21182: checking for inttypes.h
configure:21182: result: yes
configure:21188: checking for limits.h
configure:21188: result: yes
configure:21194: checking for unistd.h
configure:21194: result: yes
configure:21200: checking for sys/param.h
configure:21200: result: yes
configure:21207: checking for getcwd
configure:21207: result: yes
configure:21213: checking for getegid
configure:21213: gcc -std=gnu23 -o conftest -I/opt/homebrew/include -I/opt/homebrew/Cellar/gtk-mac-integration/3.0.2/include/gtkmacintegration -DMAC_INTEGRATION -I/opt/homebrew/Cellar/gtk+3/3.24.52/include/gtk-3.0 -I/opt/homebrew/Cellar/pango/1.57.1/include/pango-1.0 -I/opt/homebrew/Cellar/libthai/0.1.30/include -I/opt/homebrew/Cellar/libdatrie/0.2.14/include -I/opt/homebrew/Cellar/harfbuzz/14.2.0/include/harfbuzz -I/opt/homebrew/opt/graphite2/include -I/opt/homebrew/Cellar/cairo/1.18.4/include -I/opt/homebrew/Cellar/cairo/1.18.4/include/cairo -I/opt/homebrew/Cellar/fontconfig/2.17.1/include -I/opt/homebrew/opt/freetype/include/freetype2 -I/opt/homebrew/Cellar/libxext/1.3.7/include -I/opt/homebrew/Cellar/xorgproto/2025.1/include -I/opt/homebrew/Cellar/libxrender/0.9.12/include -I/opt/homebrew/Cellar/libx11/1.8.13/include -I/opt/homebrew/Cellar/libxcb/1.17.0/include -I/opt/homebrew/Cellar/libxau/1.0.12/include -I/opt/homebrew/Cellar/libxdmcp/1.1.5/include -I/opt/homebrew/Cellar/pixman/0.46.4/include/pixman-1 -I/opt/homebrew/include/gdk-pixbuf-2.0 -I/opt/homebrew/opt/libpng/include/libpng16 -I/opt/homebrew/opt/libtiff/include -I/opt/homebrew/opt/zstd/include -I/opt/homebrew/Cellar/xz/5.8.3/include -I/opt/homebrew/opt/jpeg-turbo/include -I/opt/homebrew/Cellar/at-spi2-core/2.60.4/include/atk-1.0 -I/opt/homebrew/Cellar/libepoxy/1.5.10/include -I/opt/homebrew/Cellar/fribidi/1.0.16/include/fribidi -I/opt/homebrew/Cellar/glib/2.88.1/include/gio-unix-2.0 -I/opt/homebrew/Cellar/glib/2.88.1/include -I/Library/Developer/CommandLineTools/SDKs/MacOSX26.sdk/usr/include/ffi -I/opt/homebrew/Cellar/glib/2.88.1/include/glib-2.0 -I/opt/homebrew/Cellar/glib/2.88.1/lib/glib-2.0/include -I/opt/homebrew/opt/gettext/include -I/opt/homebrew/Cellar/pcre2/10.47_1/include -L/opt/homebrew/Cellar/gtk-mac-integration/3.0.2/lib -lgtkmacintegration-gtk3 -L/opt/homebrew/Cellar/gtk+3/3.24.52/lib -lgtk-3 -lgdk-3 -Wl,-framework,Cocoa -Wl,-framework,Carbon -Wl,-framework,CoreGraphics -L/opt/homebrew/Cellar/pango/1.57.1/lib -lpangocairo-1.0 -lpango-1.0 -L/opt/homebrew/Cellar/harfbuzz/14.2.0/lib -lharfbuzz -L/opt/homebrew/Cellar/cairo/1.18.4/lib -lcairo-gobject -lcairo -L/opt/homebrew/lib -lgdk_pixbuf-2.0 -L/opt/homebrew/Cellar/at-spi2-core/2.60.4/lib -latk-1.0 -L/opt/homebrew/Cellar/glib/2.88.1/lib -lgio-2.0 -lgobject-2.0 -lglib-2.0 -L/opt/homebrew/opt/gettext/lib -lintl conftest.c  >&5
configure:21213: $? = 0
configure:21213: result: yes
configure:21219: checking for geteuid
configure:21219: gcc -std=gnu23 -o conftest -I/opt/homebrew/include -I/opt/homebrew/Cellar/gtk-mac-integration/3.0.2/include/gtkmacintegration -DMAC_INTEGRATION -I/opt/homebrew/Cellar/gtk+3/3.24.52/include/gtk-3.0 -I/opt/homebrew/Cellar/pango/1.57.1/include/pango-1.0 -I/opt/homebrew/Cellar/libthai/0.1.30/include -I/opt/homebrew/Cellar/libdatrie/0.2.14/include -I/opt/homebrew/Cellar/harfbuzz/14.2.0/include/harfbuzz -I/opt/homebrew/opt/graphite2/include -I/opt/homebrew/Cellar/cairo/1.18.4/include -I/opt/homebrew/Cellar/cairo/1.18.4/include/cairo -I/opt/homebrew/Cellar/fontconfig/2.17.1/include -I/opt/homebrew/opt/freetype/include/freetype2 -I/opt/homebrew/Cellar/libxext/1.3.7/include -I/opt/homebrew/Cellar/xorgproto/2025.1/include -I/opt/homebrew/Cellar/libxrender/0.9.12/include -I/opt/homebrew/Cellar/libx11/1.8.13/include -I/opt/homebrew/Cellar/libxcb/1.17.0/include -I/opt/homebrew/Cellar/libxau/1.0.12/include -I/opt/homebrew/Cellar/libxdmcp/1.1.5/include -I/opt/homebrew/Cellar/pixman/0.46.4/include/pixman-1 -I/opt/homebrew/include/gdk-pixbuf-2.0 -I/opt/homebrew/opt/libpng/include/libpng16 -I/opt/homebrew/opt/libtiff/include -I/opt/homebrew/opt/zstd/include -I/opt/homebrew/Cellar/xz/5.8.3/include -I/opt/homebrew/opt/jpeg-turbo/include -I/opt/homebrew/Cellar/at-spi2-core/2.60.4/include/atk-1.0 -I/opt/homebrew/Cellar/libepoxy/1.5.10/include -I/opt/homebrew/Cellar/fribidi/1.0.16/include/fribidi -I/opt/homebrew/Cellar/glib/2.88.1/include/gio-unix-2.0 -I/opt/homebrew/Cellar/glib/2.88.1/include -I/Library/Developer/CommandLineTools/SDKs/MacOSX26.sdk/usr/include/ffi -I/opt/homebrew/Cellar/glib/2.88.1/include/glib-2.0 -I/opt/homebrew/Cellar/glib/2.88.1/lib/glib-2.0/include -I/opt/homebrew/opt/gettext/include -I/opt/homebrew/Cellar/pcre2/10.47_1/include -L/opt/homebrew/Cellar/gtk-mac-integration/3.0.2/lib -lgtkmacintegration-gtk3 -L/opt/homebrew/Cellar/gtk+3/3.24.52/lib -lgtk-3 -lgdk-3 -Wl,-framework,Cocoa -Wl,-framework,Carbon -Wl,-framework,CoreGraphics -L/opt/homebrew/Cellar/pango/1.57.1/lib -lpangocairo-1.0 -lpango-1.0 -L/opt/homebrew/Cellar/harfbuzz/14.2.0/lib -lharfbuzz -L/opt/homebrew/Cellar/cairo/1.18.4/lib -lcairo-gobject -lcairo -L/opt/homebrew/lib -lgdk_pixbuf-2.0 -L/opt/homebrew/Cellar/at-spi2-core/2.60.4/lib -latk-1.0 -L/opt/homebrew/Cellar/glib/2.88.1/lib -lgio-2.0 -lgobject-2.0 -lglib-2.0 -L/opt/homebrew/opt/gettext/lib -lintl conftest.c  >&5
configure:21219: $? = 0
configure:21219: result: yes
configure:21225: checking for getgid
configure:21225: gcc -std=gnu23 -o conftest -I/opt/homebrew/include -I/opt/homebrew/Cellar/gtk-mac-integration/3.0.2/include/gtkmacintegration -DMAC_INTEGRATION -I/opt/homebrew/Cellar/gtk+3/3.24.52/include/gtk-3.0 -I/opt/homebrew/Cellar/pango/1.57.1/include/pango-1.0 -I/opt/homebrew/Cellar/libthai/0.1.30/include -I/opt/homebrew/Cellar/libdatrie/0.2.14/include -I/opt/homebrew/Cellar/harfbuzz/14.2.0/include/harfbuzz -I/opt/homebrew/opt/graphite2/include -I/opt/homebrew/Cellar/cairo/1.18.4/include -I/opt/homebrew/Cellar/cairo/1.18.4/include/cairo -I/opt/homebrew/Cellar/fontconfig/2.17.1/include -I/opt/homebrew/opt/freetype/include/freetype2 -I/opt/homebrew/Cellar/libxext/1.3.7/include -I/opt/homebrew/Cellar/xorgproto/2025.1/include -I/opt/homebrew/Cellar/libxrender/0.9.12/include -I/opt/homebrew/Cellar/libx11/1.8.13/include -I/opt/homebrew/Cellar/libxcb/1.17.0/include -I/opt/homebrew/Cellar/libxau/1.0.12/include -I/opt/homebrew/Cellar/libxdmcp/1.1.5/include -I/opt/homebrew/Cellar/pixman/0.46.4/include/pixman-1 -I/opt/homebrew/include/gdk-pixbuf-2.0 -I/opt/homebrew/opt/libpng/include/libpng16 -I/opt/homebrew/opt/libtiff/include -I/opt/homebrew/opt/zstd/include -I/opt/homebrew/Cellar/xz/5.8.3/include -I/opt/homebrew/opt/jpeg-turbo/include -I/opt/homebrew/Cellar/at-spi2-core/2.60.4/include/atk-1.0 -I/opt/homebrew/Cellar/libepoxy/1.5.10/include -I/opt/homebrew/Cellar/fribidi/1.0.16/include/fribidi -I/opt/homebrew/Cellar/glib/2.88.1/include/gio-unix-2.0 -I/opt/homebrew/Cellar/glib/2.88.1/include -I/Library/Developer/CommandLineTools/SDKs/MacOSX26.sdk/usr/include/ffi -I/opt/homebrew/Cellar/glib/2.88.1/include/glib-2.0 -I/opt/homebrew/Cellar/glib/2.88.1/lib/glib-2.0/include -I/opt/homebrew/opt/gettext/include -I/opt/homebrew/Cellar/pcre2/10.47_1/include -L/opt/homebrew/Cellar/gtk-mac-integration/3.0.2/lib -lgtkmacintegration-gtk3 -L/opt/homebrew/Cellar/gtk+3/3.24.52/lib -lgtk-3 -lgdk-3 -Wl,-framework,Cocoa -Wl,-framework,Carbon -Wl,-framework,CoreGraphics -L/opt/homebrew/Cellar/pango/1.57.1/lib -lpangocairo-1.0 -lpango-1.0 -L/opt/homebrew/Cellar/harfbuzz/14.2.0/lib -lharfbuzz -L/opt/homebrew/Cellar/cairo/1.18.4/lib -lcairo-gobject -lcairo -L/opt/homebrew/lib -lgdk_pixbuf-2.0 -L/opt/homebrew/Cellar/at-spi2-core/2.60.4/lib -latk-1.0 -L/opt/homebrew/Cellar/glib/2.88.1/lib -lgio-2.0 -lgobject-2.0 -lglib-2.0 -L/opt/homebrew/opt/gettext/lib -lintl conftest.c  >&5
configure:21225: $? = 0
configure:21225: result: yes
configure:21231: checking for getuid
configure:21231: gcc -std=gnu23 -o conftest -I/opt/homebrew/include -I/opt/homebrew/Cellar/gtk-mac-integration/3.0.2/include/gtkmacintegration -DMAC_INTEGRATION -I/opt/homebrew/Cellar/gtk+3/3.24.52/include/gtk-3.0 -I/opt/homebrew/Cellar/pango/1.57.1/include/pango-1.0 -I/opt/homebrew/Cellar/libthai/0.1.30/include -I/opt/homebrew/Cellar/libdatrie/0.2.14/include -I/opt/homebrew/Cellar/harfbuzz/14.2.0/include/harfbuzz -I/opt/homebrew/opt/graphite2/include -I/opt/homebrew/Cellar/cairo/1.18.4/include -I/opt/homebrew/Cellar/cairo/1.18.4/include/cairo -I/opt/homebrew/Cellar/fontconfig/2.17.1/include -I/opt/homebrew/opt/freetype/include/freetype2 -I/opt/homebrew/Cellar/libxext/1.3.7/include -I/opt/homebrew/Cellar/xorgproto/2025.1/include -I/opt/homebrew/Cellar/libxrender/0.9.12/include -I/opt/homebrew/Cellar/libx11/1.8.13/include -I/opt/homebrew/Cellar/libxcb/1.17.0/include -I/opt/homebrew/Cellar/libxau/1.0.12/include -I/opt/homebrew/Cellar/libxdmcp/1.1.5/include -I/opt/homebrew/Cellar/pixman/0.46.4/include/pixman-1 -I/opt/homebrew/include/gdk-pixbuf-2.0 -I/opt/homebrew/opt/libpng/include/libpng16 -I/opt/homebrew/opt/libtiff/include -I/opt/homebrew/opt/zstd/include -I/opt/homebrew/Cellar/xz/5.8.3/include -I/opt/homebrew/opt/jpeg-turbo/include -I/opt/homebrew/Cellar/at-spi2-core/2.60.4/include/atk-1.0 -I/opt/homebrew/Cellar/libepoxy/1.5.10/include -I/opt/homebrew/Cellar/fribidi/1.0.16/include/fribidi -I/opt/homebrew/Cellar/glib/2.88.1/include/gio-unix-2.0 -I/opt/homebrew/Cellar/glib/2.88.1/include -I/Library/Developer/CommandLineTools/SDKs/MacOSX26.sdk/usr/include/ffi -I/opt/homebrew/Cellar/glib/2.88.1/include/glib-2.0 -I/opt/homebrew/Cellar/glib/2.88.1/lib/glib-2.0/include -I/opt/homebrew/opt/gettext/include -I/opt/homebrew/Cellar/pcre2/10.47_1/include -L/opt/homebrew/Cellar/gtk-mac-integration/3.0.2/lib -lgtkmacintegration-gtk3 -L/opt/homebrew/Cellar/gtk+3/3.24.52/lib -lgtk-3 -lgdk-3 -Wl,-framework,Cocoa -Wl,-framework,Carbon -Wl,-framework,CoreGraphics -L/opt/homebrew/Cellar/pango/1.57.1/lib -lpangocairo-1.0 -lpango-1.0 -L/opt/homebrew/Cellar/harfbuzz/14.2.0/lib -lharfbuzz -L/opt/homebrew/Cellar/cairo/1.18.4/lib -lcairo-gobject -lcairo -L/opt/homebrew/lib -lgdk_pixbuf-2.0 -L/opt/homebrew/Cellar/at-spi2-core/2.60.4/lib -latk-1.0 -L/opt/homebrew/Cellar/glib/2.88.1/lib -lgio-2.0 -lgobject-2.0 -lglib-2.0 -L/opt/homebrew/opt/gettext/lib -lintl conftest.c  >&5
configure:21231: $? = 0
configure:21231: result: yes
configure:21237: checking for mempcpy
configure:21237: result: no
configure:21243: checking for munmap
configure:21243: result: yes
configure:21249: checking for stpcpy
configure:21249: result: yes
configure:21255: checking for strcasecmp
configure:21255: result: yes
configure:21261: checking for strdup
configure:21261: result: yes
configure:21267: checking for strtoul
configure:21267: result: yes
configure:21273: checking for tsearch
configure:21273: gcc -std=gnu23 -o conftest -I/opt/homebrew/include -I/opt/homebrew/Cellar/gtk-mac-integration/3.0.2/include/gtkmacintegration -DMAC_INTEGRATION -I/opt/homebrew/Cellar/gtk+3/3.24.52/include/gtk-3.0 -I/opt/homebrew/Cellar/pango/1.57.1/include/pango-1.0 -I/opt/homebrew/Cellar/libthai/0.1.30/include -I/opt/homebrew/Cellar/libdatrie/0.2.14/include -I/opt/homebrew/Cellar/harfbuzz/14.2.0/include/harfbuzz -I/opt/homebrew/opt/graphite2/include -I/opt/homebrew/Cellar/cairo/1.18.4/include -I/opt/homebrew/Cellar/cairo/1.18.4/include/cairo -I/opt/homebrew/Cellar/fontconfig/2.17.1/include -I/opt/homebrew/opt/freetype/include/freetype2 -I/opt/homebrew/Cellar/libxext/1.3.7/include -I/opt/homebrew/Cellar/xorgproto/2025.1/include -I/opt/homebrew/Cellar/libxrender/0.9.12/include -I/opt/homebrew/Cellar/libx11/1.8.13/include -I/opt/homebrew/Cellar/libxcb/1.17.0/include -I/opt/homebrew/Cellar/libxau/1.0.12/include -I/opt/homebrew/Cellar/libxdmcp/1.1.5/include -I/opt/homebrew/Cellar/pixman/0.46.4/include/pixman-1 -I/opt/homebrew/include/gdk-pixbuf-2.0 -I/opt/homebrew/opt/libpng/include/libpng16 -I/opt/homebrew/opt/libtiff/include -I/opt/homebrew/opt/zstd/include -I/opt/homebrew/Cellar/xz/5.8.3/include -I/opt/homebrew/opt/jpeg-turbo/include -I/opt/homebrew/Cellar/at-spi2-core/2.60.4/include/atk-1.0 -I/opt/homebrew/Cellar/libepoxy/1.5.10/include -I/opt/homebrew/Cellar/fribidi/1.0.16/include/fribidi -I/opt/homebrew/Cellar/glib/2.88.1/include/gio-unix-2.0 -I/opt/homebrew/Cellar/glib/2.88.1/include -I/Library/Developer/CommandLineTools/SDKs/MacOSX26.sdk/usr/include/ffi -I/opt/homebrew/Cellar/glib/2.88.1/include/glib-2.0 -I/opt/homebrew/Cellar/glib/2.88.1/lib/glib-2.0/include -I/opt/homebrew/opt/gettext/include -I/opt/homebrew/Cellar/pcre2/10.47_1/include -L/opt/homebrew/Cellar/gtk-mac-integration/3.0.2/lib -lgtkmacintegration-gtk3 -L/opt/homebrew/Cellar/gtk+3/3.24.52/lib -lgtk-3 -lgdk-3 -Wl,-framework,Cocoa -Wl,-framework,Carbon -Wl,-framework,CoreGraphics -L/opt/homebrew/Cellar/pango/1.57.1/lib -lpangocairo-1.0 -lpango-1.0 -L/opt/homebrew/Cellar/harfbuzz/14.2.0/lib -lharfbuzz -L/opt/homebrew/Cellar/cairo/1.18.4/lib -lcairo-gobject -lcairo -L/opt/homebrew/lib -lgdk_pixbuf-2.0 -L/opt/homebrew/Cellar/at-spi2-core/2.60.4/lib -latk-1.0 -L/opt/homebrew/Cellar/glib/2.88.1/lib -lgio-2.0 -lgobject-2.0 -lglib-2.0 -L/opt/homebrew/opt/gettext/lib -lintl conftest.c  >&5
configure:21273: $? = 0
configure:21273: result: yes
configure:21279: checking for uselocale
configure:21279: gcc -std=gnu23 -o conftest -I/opt/homebrew/include -I/opt/homebrew/Cellar/gtk-mac-integration/3.0.2/include/gtkmacintegration -DMAC_INTEGRATION -I/opt/homebrew/Cellar/gtk+3/3.24.52/include/gtk-3.0 -I/opt/homebrew/Cellar/pango/1.57.1/include/pango-1.0 -I/opt/homebrew/Cellar/libthai/0.1.30/include -I/opt/homebrew/Cellar/libdatrie/0.2.14/include -I/opt/homebrew/Cellar/harfbuzz/14.2.0/include/harfbuzz -I/opt/homebrew/opt/graphite2/include -I/opt/homebrew/Cellar/cairo/1.18.4/include -I/opt/homebrew/Cellar/cairo/1.18.4/include/cairo -I/opt/homebrew/Cellar/fontconfig/2.17.1/include -I/opt/homebrew/opt/freetype/include/freetype2 -I/opt/homebrew/Cellar/libxext/1.3.7/include -I/opt/homebrew/Cellar/xorgproto/2025.1/include -I/opt/homebrew/Cellar/libxrender/0.9.12/include -I/opt/homebrew/Cellar/libx11/1.8.13/include -I/opt/homebrew/Cellar/libxcb/1.17.0/include -I/opt/homebrew/Cellar/libxau/1.0.12/include -I/opt/homebrew/Cellar/libxdmcp/1.1.5/include -I/opt/homebrew/Cellar/pixman/0.46.4/include/pixman-1 -I/opt/homebrew/include/gdk-pixbuf-2.0 -I/opt/homebrew/opt/libpng/include/libpng16 -I/opt/homebrew/opt/libtiff/include -I/opt/homebrew/opt/zstd/include -I/opt/homebrew/Cellar/xz/5.8.3/include -I/opt/homebrew/opt/jpeg-turbo/include -I/opt/homebrew/Cellar/at-spi2-core/2.60.4/include/atk-1.0 -I/opt/homebrew/Cellar/libepoxy/1.5.10/include -I/opt/homebrew/Cellar/fribidi/1.0.16/include/fribidi -I/opt/homebrew/Cellar/glib/2.88.1/include/gio-unix-2.0 -I/opt/homebrew/Cellar/glib/2.88.1/include -I/Library/Developer/CommandLineTools/SDKs/MacOSX26.sdk/usr/include/ffi -I/opt/homebrew/Cellar/glib/2.88.1/include/glib-2.0 -I/opt/homebrew/Cellar/glib/2.88.1/lib/glib-2.0/include -I/opt/homebrew/opt/gettext/include -I/opt/homebrew/Cellar/pcre2/10.47_1/include -L/opt/homebrew/Cellar/gtk-mac-integration/3.0.2/lib -lgtkmacintegration-gtk3 -L/opt/homebrew/Cellar/gtk+3/3.24.52/lib -lgtk-3 -lgdk-3 -Wl,-framework,Cocoa -Wl,-framework,Carbon -Wl,-framework,CoreGraphics -L/opt/homebrew/Cellar/pango/1.57.1/lib -lpangocairo-1.0 -lpango-1.0 -L/opt/homebrew/Cellar/harfbuzz/14.2.0/lib -lharfbuzz -L/opt/homebrew/Cellar/cairo/1.18.4/lib -lcairo-gobject -lcairo -L/opt/homebrew/lib -lgdk_pixbuf-2.0 -L/opt/homebrew/Cellar/at-spi2-core/2.60.4/lib -latk-1.0 -L/opt/homebrew/Cellar/glib/2.88.1/lib -lgio-2.0 -lgobject-2.0 -lglib-2.0 -L/opt/homebrew/opt/gettext/lib -lintl conftest.c  >&5
configure:21279: $? = 0
configure:21279: result: yes
configure:21285: checking for argz_count
configure:21285: gcc -std=gnu23 -o conftest -I/opt/homebrew/include -I/opt/homebrew/Cellar/gtk-mac-integration/3.0.2/include/gtkmacintegration -DMAC_INTEGRATION -I/opt/homebrew/Cellar/gtk+3/3.24.52/include/gtk-3.0 -I/opt/homebrew/Cellar/pango/1.57.1/include/pango-1.0 -I/opt/homebrew/Cellar/libthai/0.1.30/include -I/opt/homebrew/Cellar/libdatrie/0.2.14/include -I/opt/homebrew/Cellar/harfbuzz/14.2.0/include/harfbuzz -I/opt/homebrew/opt/graphite2/include -I/opt/homebrew/Cellar/cairo/1.18.4/include -I/opt/homebrew/Cellar/cairo/1.18.4/include/cairo -I/opt/homebrew/Cellar/fontconfig/2.17.1/include -I/opt/homebrew/opt/freetype/include/freetype2 -I/opt/homebrew/Cellar/libxext/1.3.7/include -I/opt/homebrew/Cellar/xorgproto/2025.1/include -I/opt/homebrew/Cellar/libxrender/0.9.12/include -I/opt/homebrew/Cellar/libx11/1.8.13/include -I/opt/homebrew/Cellar/libxcb/1.17.0/include -I/opt/homebrew/Cellar/libxau/1.0.12/include -I/opt/homebrew/Cellar/libxdmcp/1.1.5/include -I/opt/homebrew/Cellar/pixman/0.46.4/include/pixman-1 -I/opt/homebrew/include/gdk-pixbuf-2.0 -I/opt/homebrew/opt/libpng/include/libpng16 -I/opt/homebrew/opt/libtiff/include -I/opt/homebrew/opt/zstd/include -I/opt/homebrew/Cellar/xz/5.8.3/include -I/opt/homebrew/opt/jpeg-turbo/include -I/opt/homebrew/Cellar/at-spi2-core/2.60.4/include/atk-1.0 -I/opt/homebrew/Cellar/libepoxy/1.5.10/include -I/opt/homebrew/Cellar/fribidi/1.0.16/include/fribidi -I/opt/homebrew/Cellar/glib/2.88.1/include/gio-unix-2.0 -I/opt/homebrew/Cellar/glib/2.88.1/include -I/Library/Developer/CommandLineTools/SDKs/MacOSX26.sdk/usr/include/ffi -I/opt/homebrew/Cellar/glib/2.88.1/include/glib-2.0 -I/opt/homebrew/Cellar/glib/2.88.1/lib/glib-2.0/include -I/opt/homebrew/opt/gettext/include -I/opt/homebrew/Cellar/pcre2/10.47_1/include -L/opt/homebrew/Cellar/gtk-mac-integration/3.0.2/lib -lgtkmacintegration-gtk3 -L/opt/homebrew/Cellar/gtk+3/3.24.52/lib -lgtk-3 -lgdk-3 -Wl,-framework,Cocoa -Wl,-framework,Carbon -Wl,-framework,CoreGraphics -L/opt/homebrew/Cellar/pango/1.57.1/lib -lpangocairo-1.0 -lpango-1.0 -L/opt/homebrew/Cellar/harfbuzz/14.2.0/lib -lharfbuzz -L/opt/homebrew/Cellar/cairo/1.18.4/lib -lcairo-gobject -lcairo -L/opt/homebrew/lib -lgdk_pixbuf-2.0 -L/opt/homebrew/Cellar/at-spi2-core/2.60.4/lib -latk-1.0 -L/opt/homebrew/Cellar/glib/2.88.1/lib -lgio-2.0 -lgobject-2.0 -lglib-2.0 -L/opt/homebrew/opt/gettext/lib -lintl conftest.c  >&5
Undefined symbols for architecture arm64:
  "_argz_count", referenced from:
      _main in conftest-2407a4.o
ld: symbol(s) not found for architecture arm64
clang: error: linker command failed with exit code 1 (use -v to see invocation)
configure:21285: $? = 1
configure: failed program was:
| /* confdefs.h */
| #define PACKAGE_NAME ""
| #define PACKAGE_TARNAME ""
| #define PACKAGE_VERSION ""
| #define PACKAGE_STRING ""
| #define PACKAGE_BUGREPORT ""
| #define PACKAGE_URL ""
| #define YYTEXT_POINTER 1
| #define HAVE_STDIO_H 1
| #define HAVE_STDLIB_H 1
| #define HAVE_STRING_H 1
| #define HAVE_INTTYPES_H 1
| #define HAVE_STDINT_H 1
| #define HAVE_STRINGS_H 1
| #define HAVE_SYS_STAT_H 1
| #define HAVE_SYS_TYPES_H 1
| #define HAVE_UNISTD_H 1
| #define HAVE_SYS_PARAM_H 1
| #define HAVE_WCHAR_H 1
| #define STDC_HEADERS 1
| #define HAVE_DLFCN_H 1
| #define LT_OBJDIR ".libs/"
| #define HAVE_ALLOCA_H 1
| #define HAVE_ALLOCA 1
| #define HAVE_DIRENT_H 1
| #define HAVE_SYS_WAIT_H 1
| #define HAVE_FCNTL_H 1
| #define HAVE_INTTYPES_H 1
| #define HAVE_LANGINFO_H 1
| #define HAVE_LIBINTL_H 1
| #define HAVE_LIMITS_H 1
| #define HAVE_LOCALE_H 1
| #define HAVE_NETDB_H 1
| #define HAVE_NETINET_IN_H 1
| #define HAVE_STDDEF_H 1
| #define HAVE_STDINT_H 1
| #define HAVE_STDLIB_H 1
| #define HAVE_STRING_H 1
| #define HAVE_STRINGS_H 1
| #define HAVE_SYS_PARAM_H 1
| #define HAVE_SYS_SOCKET_H 1
| #define HAVE_SYS_UTSNAME_H 1
| #define HAVE_UNISTD_H 1
| #define HAVE__BOOL 1
| #define HAVE_STDBOOL_H 1
| #define HAVE_FORK 1
| #define HAVE_VFORK 1
| #define HAVE_GETPAGESIZE 1
| #define HAVE_SYMLINK 1
| #define HAVE_WORKING_VFORK 1
| #define HAVE_WORKING_FORK 1
| #define LSTAT_FOLLOWS_SLASHED_SYMLINK 1
| #define LSTAT_FOLLOWS_SLASHED_SYMLINK 1
| #define HAVE_MALLOC 1
| #define HAVE_MMAP 1
| #define HAVE_REALLOC 1
| #define RETSIGTYPE void
| #define HAVE_DUP2 1
| #define HAVE_GETCWD 1
| #define HAVE_GETHOSTBYNAME 1
| #define HAVE_MEMSET 1
| #define HAVE_MKDIR 1
| #define HAVE_MUNMAP 1
| #define HAVE_NL_LANGINFO 1
| #define HAVE_SETLOCALE 1
| #define HAVE_SOCKET 1
| #define HAVE_STPCPY 1
| #define HAVE_STRCASECMP 1
| #define HAVE_STRCHR 1
| #define HAVE_STRCSPN 1
| #define HAVE_STRDUP 1
| #define HAVE_STRRCHR 1
| #define HAVE_STRSTR 1
| #define HAVE_STRTOL 1
| #define HAVE_STRTOUL 1
| #define HAVE_ISASCII 1
| #define HAVE_MEMMOVE 1
| #define HAVE_STRNCASECMP 1
| #define USE_OSX /**/
| #define USE_BIFF /**/
| #define USE_SOCKMSG /**/
| #define USE_COMMON /**/
| #define USE_GTAR /**/
| #define USE_SSL /**/
| #define USE_GTK3 /**/
| #define HAVE_ICONV 1
| #define ICONV_CONST 
| #define HAVE_VISIBILITY 1
| #define HAVE_STDINT_H_WITH_UINTMAX 1
| #define INTDIV0_RAISES_SIGFPE 0
| #define HAVE_INTTYPES_H_WITH_UINTMAX 1
| #define HAVE_UNSIGNED_LONG_LONG_INT 1
| #define HAVE_UINTMAX_T 1
| #define HAVE_INTTYPES_H 1
| #define _ALL_SOURCE 1
| #define _COSMO_SOURCE 1
| #define _DARWIN_C_SOURCE 1
| #define _GNU_SOURCE 1
| #define _HPUX_ALT_XOPEN_SOCKET_API 1
| #define _NETBSD_SOURCE 1
| #define _OPENBSD_SOURCE 1
| #define _POSIX_PTHREAD_SEMANTICS 1
| #define __STDC_WANT_IEC_60559_ATTRIBS_EXT__ 1
| #define __STDC_WANT_IEC_60559_BFP_EXT__ 1
| #define __STDC_WANT_IEC_60559_DFP_EXT__ 1
| #define __STDC_WANT_IEC_60559_EXT__ 1
| #define __STDC_WANT_IEC_60559_FUNCS_EXT__ 1
| #define __STDC_WANT_IEC_60559_TYPES_EXT__ 1
| #define __STDC_WANT_LIB_EXT2__ 1
| #define __STDC_WANT_MATH_SPEC_FUNCS__ 1
| #define _TANDEM_SOURCE 1
| #define __EXTENSIONS__ 1
| #define USE_POSIX_THREADS 1
| #define HAVE_PTHREAD_RWLOCK 1
| #define HAVE_PTHREAD_MUTEX_RECURSIVE 1
| #define HAVE_BUILTIN_EXPECT 1
| #define HAVE_INTTYPES_H 1
| #define HAVE_LIMITS_H 1
| #define HAVE_UNISTD_H 1
| #define HAVE_SYS_PARAM_H 1
| #define HAVE_GETCWD 1
| #define HAVE_GETEGID 1
| #define HAVE_GETEUID 1
| #define HAVE_GETGID 1
| #define HAVE_GETUID 1
| #define HAVE_MUNMAP 1
| #define HAVE_STPCPY 1
| #define HAVE_STRCASECMP 1
| #define HAVE_STRDUP 1
| #define HAVE_STRTOUL 1
| #define HAVE_TSEARCH 1
| #define HAVE_USELOCALE 1
| /* end confdefs.h.  */
| /* Define argz_count to an innocuous variant, in case <limits.h> declares argz_count.
|    For example, HP-UX 11i <limits.h> declares gettimeofday.  */
| #define argz_count innocuous_argz_count
| 
| /* System header to define __stub macros and hopefully few prototypes,
|    which can conflict with char argz_count (void); below.  */
| 
| #include <limits.h>
| #undef argz_count
| 
| /* Override any GCC internal prototype to avoid an error.
|    Use char because int might match the return type of a GCC
|    builtin and then its argument prototype would still apply.  */
| #ifdef __cplusplus
| extern "C"
| #endif
| char argz_count (void);
| /* The GNU C library defines this for functions which it implements
|     to always fail with ENOSYS.  Some functions are actually named
|     something starting with __ and the normal name is an alias.  */
| #if defined __stub_argz_count || defined __stub___argz_count
| choke me
| #endif
| 
| int
| main (void)
| {
| return argz_count ();
|   ;
|   return 0;
| }
configure:21285: result: no
configure:21291: checking for argz_stringify
configure:21291: gcc -std=gnu23 -o conftest -I/opt/homebrew/include -I/opt/homebrew/Cellar/gtk-mac-integration/3.0.2/include/gtkmacintegration -DMAC_INTEGRATION -I/opt/homebrew/Cellar/gtk+3/3.24.52/include/gtk-3.0 -I/opt/homebrew/Cellar/pango/1.57.1/include/pango-1.0 -I/opt/homebrew/Cellar/libthai/0.1.30/include -I/opt/homebrew/Cellar/libdatrie/0.2.14/include -I/opt/homebrew/Cellar/harfbuzz/14.2.0/include/harfbuzz -I/opt/homebrew/opt/graphite2/include -I/opt/homebrew/Cellar/cairo/1.18.4/include -I/opt/homebrew/Cellar/cairo/1.18.4/include/cairo -I/opt/homebrew/Cellar/fontconfig/2.17.1/include -I/opt/homebrew/opt/freetype/include/freetype2 -I/opt/homebrew/Cellar/libxext/1.3.7/include -I/opt/homebrew/Cellar/xorgproto/2025.1/include -I/opt/homebrew/Cellar/libxrender/0.9.12/include -I/opt/homebrew/Cellar/libx11/1.8.13/include -I/opt/homebrew/Cellar/libxcb/1.17.0/include -I/opt/homebrew/Cellar/libxau/1.0.12/include -I/opt/homebrew/Cellar/libxdmcp/1.1.5/include -I/opt/homebrew/Cellar/pixman/0.46.4/include/pixman-1 -I/opt/homebrew/include/gdk-pixbuf-2.0 -I/opt/homebrew/opt/libpng/include/libpng16 -I/opt/homebrew/opt/libtiff/include -I/opt/homebrew/opt/zstd/include -I/opt/homebrew/Cellar/xz/5.8.3/include -I/opt/homebrew/opt/jpeg-turbo/include -I/opt/homebrew/Cellar/at-spi2-core/2.60.4/include/atk-1.0 -I/opt/homebrew/Cellar/libepoxy/1.5.10/include -I/opt/homebrew/Cellar/fribidi/1.0.16/include/fribidi -I/opt/homebrew/Cellar/glib/2.88.1/include/gio-unix-2.0 -I/opt/homebrew/Cellar/glib/2.88.1/include -I/Library/Developer/CommandLineTools/SDKs/MacOSX26.sdk/usr/include/ffi -I/opt/homebrew/Cellar/glib/2.88.1/include/glib-2.0 -I/opt/homebrew/Cellar/glib/2.88.1/lib/glib-2.0/include -I/opt/homebrew/opt/gettext/include -I/opt/homebrew/Cellar/pcre2/10.47_1/include -L/opt/homebrew/Cellar/gtk-mac-integration/3.0.2/lib -lgtkmacintegration-gtk3 -L/opt/homebrew/Cellar/gtk+3/3.24.52/lib -lgtk-3 -lgdk-3 -Wl,-framework,Cocoa -Wl,-framework,Carbon -Wl,-framework,CoreGraphics -L/opt/homebrew/Cellar/pango/1.57.1/lib -lpangocairo-1.0 -lpango-1.0 -L/opt/homebrew/Cellar/harfbuzz/14.2.0/lib -lharfbuzz -L/opt/homebrew/Cellar/cairo/1.18.4/lib -lcairo-gobject -lcairo -L/opt/homebrew/lib -lgdk_pixbuf-2.0 -L/opt/homebrew/Cellar/at-spi2-core/2.60.4/lib -latk-1.0 -L/opt/homebrew/Cellar/glib/2.88.1/lib -lgio-2.0 -lgobject-2.0 -lglib-2.0 -L/opt/homebrew/opt/gettext/lib -lintl conftest.c  >&5
Undefined symbols for architecture arm64:
  "_argz_stringify", referenced from:
      _main in conftest-b3ced2.o
ld: symbol(s) not found for architecture arm64
clang: error: linker command failed with exit code 1 (use -v to see invocation)
configure:21291: $? = 1
configure: failed program was:
| /* confdefs.h */
| #define PACKAGE_NAME ""
| #define PACKAGE_TARNAME ""
| #define PACKAGE_VERSION ""
| #define PACKAGE_STRING ""
| #define PACKAGE_BUGREPORT ""
| #define PACKAGE_URL ""
| #define YYTEXT_POINTER 1
| #define HAVE_STDIO_H 1
| #define HAVE_STDLIB_H 1
| #define HAVE_STRING_H 1
| #define HAVE_INTTYPES_H 1
| #define HAVE_STDINT_H 1
| #define HAVE_STRINGS_H 1
| #define HAVE_SYS_STAT_H 1
| #define HAVE_SYS_TYPES_H 1
| #define HAVE_UNISTD_H 1
| #define HAVE_SYS_PARAM_H 1
| #define HAVE_WCHAR_H 1
| #define STDC_HEADERS 1
| #define HAVE_DLFCN_H 1
| #define LT_OBJDIR ".libs/"
| #define HAVE_ALLOCA_H 1
| #define HAVE_ALLOCA 1
| #define HAVE_DIRENT_H 1
| #define HAVE_SYS_WAIT_H 1
| #define HAVE_FCNTL_H 1
| #define HAVE_INTTYPES_H 1
| #define HAVE_LANGINFO_H 1
| #define HAVE_LIBINTL_H 1
| #define HAVE_LIMITS_H 1
| #define HAVE_LOCALE_H 1
| #define HAVE_NETDB_H 1
| #define HAVE_NETINET_IN_H 1
| #define HAVE_STDDEF_H 1
| #define HAVE_STDINT_H 1
| #define HAVE_STDLIB_H 1
| #define HAVE_STRING_H 1
| #define HAVE_STRINGS_H 1
| #define HAVE_SYS_PARAM_H 1
| #define HAVE_SYS_SOCKET_H 1
| #define HAVE_SYS_UTSNAME_H 1
| #define HAVE_UNISTD_H 1
| #define HAVE__BOOL 1
| #define HAVE_STDBOOL_H 1
| #define HAVE_FORK 1
| #define HAVE_VFORK 1
| #define HAVE_GETPAGESIZE 1
| #define HAVE_SYMLINK 1
| #define HAVE_WORKING_VFORK 1
| #define HAVE_WORKING_FORK 1
| #define LSTAT_FOLLOWS_SLASHED_SYMLINK 1
| #define LSTAT_FOLLOWS_SLASHED_SYMLINK 1
| #define HAVE_MALLOC 1
| #define HAVE_MMAP 1
| #define HAVE_REALLOC 1
| #define RETSIGTYPE void
| #define HAVE_DUP2 1
| #define HAVE_GETCWD 1
| #define HAVE_GETHOSTBYNAME 1
| #define HAVE_MEMSET 1
| #define HAVE_MKDIR 1
| #define HAVE_MUNMAP 1
| #define HAVE_NL_LANGINFO 1
| #define HAVE_SETLOCALE 1
| #define HAVE_SOCKET 1
| #define HAVE_STPCPY 1
| #define HAVE_STRCASECMP 1
| #define HAVE_STRCHR 1
| #define HAVE_STRCSPN 1
| #define HAVE_STRDUP 1
| #define HAVE_STRRCHR 1
| #define HAVE_STRSTR 1
| #define HAVE_STRTOL 1
| #define HAVE_STRTOUL 1
| #define HAVE_ISASCII 1
| #define HAVE_MEMMOVE 1
| #define HAVE_STRNCASECMP 1
| #define USE_OSX /**/
| #define USE_BIFF /**/
| #define USE_SOCKMSG /**/
| #define USE_COMMON /**/
| #define USE_GTAR /**/
| #define USE_SSL /**/
| #define USE_GTK3 /**/
| #define HAVE_ICONV 1
| #define ICONV_CONST 
| #define HAVE_VISIBILITY 1
| #define HAVE_STDINT_H_WITH_UINTMAX 1
| #define INTDIV0_RAISES_SIGFPE 0
| #define HAVE_INTTYPES_H_WITH_UINTMAX 1
| #define HAVE_UNSIGNED_LONG_LONG_INT 1
| #define HAVE_UINTMAX_T 1
| #define HAVE_INTTYPES_H 1
| #define _ALL_SOURCE 1
| #define _COSMO_SOURCE 1
| #define _DARWIN_C_SOURCE 1
| #define _GNU_SOURCE 1
| #define _HPUX_ALT_XOPEN_SOCKET_API 1
| #define _NETBSD_SOURCE 1
| #define _OPENBSD_SOURCE 1
| #define _POSIX_PTHREAD_SEMANTICS 1
| #define __STDC_WANT_IEC_60559_ATTRIBS_EXT__ 1
| #define __STDC_WANT_IEC_60559_BFP_EXT__ 1
| #define __STDC_WANT_IEC_60559_DFP_EXT__ 1
| #define __STDC_WANT_IEC_60559_EXT__ 1
| #define __STDC_WANT_IEC_60559_FUNCS_EXT__ 1
| #define __STDC_WANT_IEC_60559_TYPES_EXT__ 1
| #define __STDC_WANT_LIB_EXT2__ 1
| #define __STDC_WANT_MATH_SPEC_FUNCS__ 1
| #define _TANDEM_SOURCE 1
| #define __EXTENSIONS__ 1
| #define USE_POSIX_THREADS 1
| #define HAVE_PTHREAD_RWLOCK 1
| #define HAVE_PTHREAD_MUTEX_RECURSIVE 1
| #define HAVE_BUILTIN_EXPECT 1
| #define HAVE_INTTYPES_H 1
| #define HAVE_LIMITS_H 1
| #define HAVE_UNISTD_H 1
| #define HAVE_SYS_PARAM_H 1
| #define HAVE_GETCWD 1
| #define HAVE_GETEGID 1
| #define HAVE_GETEUID 1
| #define HAVE_GETGID 1
| #define HAVE_GETUID 1
| #define HAVE_MUNMAP 1
| #define HAVE_STPCPY 1
| #define HAVE_STRCASECMP 1
| #define HAVE_STRDUP 1
| #define HAVE_STRTOUL 1
| #define HAVE_TSEARCH 1
| #define HAVE_USELOCALE 1
| /* end confdefs.h.  */
| /* Define argz_stringify to an innocuous variant, in case <limits.h> declares argz_stringify.
|    For example, HP-UX 11i <limits.h> declares gettimeofday.  */
| #define argz_stringify innocuous_argz_stringify
| 
| /* System header to define __stub macros and hopefully few prototypes,
|    which can conflict with char argz_stringify (void); below.  */
| 
| #include <limits.h>
| #undef argz_stringify
| 
| /* Override any GCC internal prototype to avoid an error.
|    Use char because int might match the return type of a GCC
|    builtin and then its argument prototype would still apply.  */
| #ifdef __cplusplus
| extern "C"
| #endif
| char argz_stringify (void);
| /* The GNU C library defines this for functions which it implements
|     to always fail with ENOSYS.  Some functions are actually named
|     something starting with __ and the normal name is an alias.  */
| #if defined __stub_argz_stringify || defined __stub___argz_stringify
| choke me
| #endif
| 
| int
| main (void)
| {
| return argz_stringify ();
|   ;
|   return 0;
| }
configure:21291: result: no
configure:21297: checking for argz_next
configure:21297: gcc -std=gnu23 -o conftest -I/opt/homebrew/include -I/opt/homebrew/Cellar/gtk-mac-integration/3.0.2/include/gtkmacintegration -DMAC_INTEGRATION -I/opt/homebrew/Cellar/gtk+3/3.24.52/include/gtk-3.0 -I/opt/homebrew/Cellar/pango/1.57.1/include/pango-1.0 -I/opt/homebrew/Cellar/libthai/0.1.30/include -I/opt/homebrew/Cellar/libdatrie/0.2.14/include -I/opt/homebrew/Cellar/harfbuzz/14.2.0/include/harfbuzz -I/opt/homebrew/opt/graphite2/include -I/opt/homebrew/Cellar/cairo/1.18.4/include -I/opt/homebrew/Cellar/cairo/1.18.4/include/cairo -I/opt/homebrew/Cellar/fontconfig/2.17.1/include -I/opt/homebrew/opt/freetype/include/freetype2 -I/opt/homebrew/Cellar/libxext/1.3.7/include -I/opt/homebrew/Cellar/xorgproto/2025.1/include -I/opt/homebrew/Cellar/libxrender/0.9.12/include -I/opt/homebrew/Cellar/libx11/1.8.13/include -I/opt/homebrew/Cellar/libxcb/1.17.0/include -I/opt/homebrew/Cellar/libxau/1.0.12/include -I/opt/homebrew/Cellar/libxdmcp/1.1.5/include -I/opt/homebrew/Cellar/pixman/0.46.4/include/pixman-1 -I/opt/homebrew/include/gdk-pixbuf-2.0 -I/opt/homebrew/opt/libpng/include/libpng16 -I/opt/homebrew/opt/libtiff/include -I/opt/homebrew/opt/zstd/include -I/opt/homebrew/Cellar/xz/5.8.3/include -I/opt/homebrew/opt/jpeg-turbo/include -I/opt/homebrew/Cellar/at-spi2-core/2.60.4/include/atk-1.0 -I/opt/homebrew/Cellar/libepoxy/1.5.10/include -I/opt/homebrew/Cellar/fribidi/1.0.16/include/fribidi -I/opt/homebrew/Cellar/glib/2.88.1/include/gio-unix-2.0 -I/opt/homebrew/Cellar/glib/2.88.1/include -I/Library/Developer/CommandLineTools/SDKs/MacOSX26.sdk/usr/include/ffi -I/opt/homebrew/Cellar/glib/2.88.1/include/glib-2.0 -I/opt/homebrew/Cellar/glib/2.88.1/lib/glib-2.0/include -I/opt/homebrew/opt/gettext/include -I/opt/homebrew/Cellar/pcre2/10.47_1/include -L/opt/homebrew/Cellar/gtk-mac-integration/3.0.2/lib -lgtkmacintegration-gtk3 -L/opt/homebrew/Cellar/gtk+3/3.24.52/lib -lgtk-3 -lgdk-3 -Wl,-framework,Cocoa -Wl,-framework,Carbon -Wl,-framework,CoreGraphics -L/opt/homebrew/Cellar/pango/1.57.1/lib -lpangocairo-1.0 -lpango-1.0 -L/opt/homebrew/Cellar/harfbuzz/14.2.0/lib -lharfbuzz -L/opt/homebrew/Cellar/cairo/1.18.4/lib -lcairo-gobject -lcairo -L/opt/homebrew/lib -lgdk_pixbuf-2.0 -L/opt/homebrew/Cellar/at-spi2-core/2.60.4/lib -latk-1.0 -L/opt/homebrew/Cellar/glib/2.88.1/lib -lgio-2.0 -lgobject-2.0 -lglib-2.0 -L/opt/homebrew/opt/gettext/lib -lintl conftest.c  >&5
Undefined symbols for architecture arm64:
  "_argz_next", referenced from:
      _main in conftest-0ea4fb.o
ld: symbol(s) not found for architecture arm64
clang: error: linker command failed with exit code 1 (use -v to see invocation)
configure:21297: $? = 1
configure: failed program was:
| /* confdefs.h */
| #define PACKAGE_NAME ""
| #define PACKAGE_TARNAME ""
| #define PACKAGE_VERSION ""
| #define PACKAGE_STRING ""
| #define PACKAGE_BUGREPORT ""
| #define PACKAGE_URL ""
| #define YYTEXT_POINTER 1
| #define HAVE_STDIO_H 1
| #define HAVE_STDLIB_H 1
| #define HAVE_STRING_H 1
| #define HAVE_INTTYPES_H 1
| #define HAVE_STDINT_H 1
| #define HAVE_STRINGS_H 1
| #define HAVE_SYS_STAT_H 1
| #define HAVE_SYS_TYPES_H 1
| #define HAVE_UNISTD_H 1
| #define HAVE_SYS_PARAM_H 1
| #define HAVE_WCHAR_H 1
| #define STDC_HEADERS 1
| #define HAVE_DLFCN_H 1
| #define LT_OBJDIR ".libs/"
| #define HAVE_ALLOCA_H 1
| #define HAVE_ALLOCA 1
| #define HAVE_DIRENT_H 1
| #define HAVE_SYS_WAIT_H 1
| #define HAVE_FCNTL_H 1
| #define HAVE_INTTYPES_H 1
| #define HAVE_LANGINFO_H 1
| #define HAVE_LIBINTL_H 1
| #define HAVE_LIMITS_H 1
| #define HAVE_LOCALE_H 1
| #define HAVE_NETDB_H 1
| #define HAVE_NETINET_IN_H 1
| #define HAVE_STDDEF_H 1
| #define HAVE_STDINT_H 1
| #define HAVE_STDLIB_H 1
| #define HAVE_STRING_H 1
| #define HAVE_STRINGS_H 1
| #define HAVE_SYS_PARAM_H 1
| #define HAVE_SYS_SOCKET_H 1
| #define HAVE_SYS_UTSNAME_H 1
| #define HAVE_UNISTD_H 1
| #define HAVE__BOOL 1
| #define HAVE_STDBOOL_H 1
| #define HAVE_FORK 1
| #define HAVE_VFORK 1
| #define HAVE_GETPAGESIZE 1
| #define HAVE_SYMLINK 1
| #define HAVE_WORKING_VFORK 1
| #define HAVE_WORKING_FORK 1
| #define LSTAT_FOLLOWS_SLASHED_SYMLINK 1
| #define LSTAT_FOLLOWS_SLASHED_SYMLINK 1
| #define HAVE_MALLOC 1
| #define HAVE_MMAP 1
| #define HAVE_REALLOC 1
| #define RETSIGTYPE void
| #define HAVE_DUP2 1
| #define HAVE_GETCWD 1
| #define HAVE_GETHOSTBYNAME 1
| #define HAVE_MEMSET 1
| #define HAVE_MKDIR 1
| #define HAVE_MUNMAP 1
| #define HAVE_NL_LANGINFO 1
| #define HAVE_SETLOCALE 1
| #define HAVE_SOCKET 1
| #define HAVE_STPCPY 1
| #define HAVE_STRCASECMP 1
| #define HAVE_STRCHR 1
| #define HAVE_STRCSPN 1
| #define HAVE_STRDUP 1
| #define HAVE_STRRCHR 1
| #define HAVE_STRSTR 1
| #define HAVE_STRTOL 1
| #define HAVE_STRTOUL 1
| #define HAVE_ISASCII 1
| #define HAVE_MEMMOVE 1
| #define HAVE_STRNCASECMP 1
| #define USE_OSX /**/
| #define USE_BIFF /**/
| #define USE_SOCKMSG /**/
| #define USE_COMMON /**/
| #define USE_GTAR /**/
| #define USE_SSL /**/
| #define USE_GTK3 /**/
| #define HAVE_ICONV 1
| #define ICONV_CONST 
| #define HAVE_VISIBILITY 1
| #define HAVE_STDINT_H_WITH_UINTMAX 1
| #define INTDIV0_RAISES_SIGFPE 0
| #define HAVE_INTTYPES_H_WITH_UINTMAX 1
| #define HAVE_UNSIGNED_LONG_LONG_INT 1
| #define HAVE_UINTMAX_T 1
| #define HAVE_INTTYPES_H 1
| #define _ALL_SOURCE 1
| #define _COSMO_SOURCE 1
| #define _DARWIN_C_SOURCE 1
| #define _GNU_SOURCE 1
| #define _HPUX_ALT_XOPEN_SOCKET_API 1
| #define _NETBSD_SOURCE 1
| #define _OPENBSD_SOURCE 1
| #define _POSIX_PTHREAD_SEMANTICS 1
| #define __STDC_WANT_IEC_60559_ATTRIBS_EXT__ 1
| #define __STDC_WANT_IEC_60559_BFP_EXT__ 1
| #define __STDC_WANT_IEC_60559_DFP_EXT__ 1
| #define __STDC_WANT_IEC_60559_EXT__ 1
| #define __STDC_WANT_IEC_60559_FUNCS_EXT__ 1
| #define __STDC_WANT_IEC_60559_TYPES_EXT__ 1
| #define __STDC_WANT_LIB_EXT2__ 1
| #define __STDC_WANT_MATH_SPEC_FUNCS__ 1
| #define _TANDEM_SOURCE 1
| #define __EXTENSIONS__ 1
| #define USE_POSIX_THREADS 1
| #define HAVE_PTHREAD_RWLOCK 1
| #define HAVE_PTHREAD_MUTEX_RECURSIVE 1
| #define HAVE_BUILTIN_EXPECT 1
| #define HAVE_INTTYPES_H 1
| #define HAVE_LIMITS_H 1
| #define HAVE_UNISTD_H 1
| #define HAVE_SYS_PARAM_H 1
| #define HAVE_GETCWD 1
| #define HAVE_GETEGID 1
| #define HAVE_GETEUID 1
| #define HAVE_GETGID 1
| #define HAVE_GETUID 1
| #define HAVE_MUNMAP 1
| #define HAVE_STPCPY 1
| #define HAVE_STRCASECMP 1
| #define HAVE_STRDUP 1
| #define HAVE_STRTOUL 1
| #define HAVE_TSEARCH 1
| #define HAVE_USELOCALE 1
| /* end confdefs.h.  */
| /* Define argz_next to an innocuous variant, in case <limits.h> declares argz_next.
|    For example, HP-UX 11i <limits.h> declares gettimeofday.  */
| #define argz_next innocuous_argz_next
| 
| /* System header to define __stub macros and hopefully few prototypes,
|    which can conflict with char argz_next (void); below.  */
| 
| #include <limits.h>
| #undef argz_next
| 
| /* Override any GCC internal prototype to avoid an error.
|    Use char because int might match the return type of a GCC
|    builtin and then its argument prototype would still apply.  */
| #ifdef __cplusplus
| extern "C"
| #endif
| char argz_next (void);
| /* The GNU C library defines this for functions which it implements
|     to always fail with ENOSYS.  Some functions are actually named
|     something starting with __ and the normal name is an alias.  */
| #if defined __stub_argz_next || defined __stub___argz_next
| choke me
| #endif
| 
| int
| main (void)
| {
| return argz_next ();
|   ;
|   return 0;
| }
configure:21297: result: no
configure:21303: checking for __fsetlocking
configure:21303: gcc -std=gnu23 -o conftest -I/opt/homebrew/include -I/opt/homebrew/Cellar/gtk-mac-integration/3.0.2/include/gtkmacintegration -DMAC_INTEGRATION -I/opt/homebrew/Cellar/gtk+3/3.24.52/include/gtk-3.0 -I/opt/homebrew/Cellar/pango/1.57.1/include/pango-1.0 -I/opt/homebrew/Cellar/libthai/0.1.30/include -I/opt/homebrew/Cellar/libdatrie/0.2.14/include -I/opt/homebrew/Cellar/harfbuzz/14.2.0/include/harfbuzz -I/opt/homebrew/opt/graphite2/include -I/opt/homebrew/Cellar/cairo/1.18.4/include -I/opt/homebrew/Cellar/cairo/1.18.4/include/cairo -I/opt/homebrew/Cellar/fontconfig/2.17.1/include -I/opt/homebrew/opt/freetype/include/freetype2 -I/opt/homebrew/Cellar/libxext/1.3.7/include -I/opt/homebrew/Cellar/xorgproto/2025.1/include -I/opt/homebrew/Cellar/libxrender/0.9.12/include -I/opt/homebrew/Cellar/libx11/1.8.13/include -I/opt/homebrew/Cellar/libxcb/1.17.0/include -I/opt/homebrew/Cellar/libxau/1.0.12/include -I/opt/homebrew/Cellar/libxdmcp/1.1.5/include -I/opt/homebrew/Cellar/pixman/0.46.4/include/pixman-1 -I/opt/homebrew/include/gdk-pixbuf-2.0 -I/opt/homebrew/opt/libpng/include/libpng16 -I/opt/homebrew/opt/libtiff/include -I/opt/homebrew/opt/zstd/include -I/opt/homebrew/Cellar/xz/5.8.3/include -I/opt/homebrew/opt/jpeg-turbo/include -I/opt/homebrew/Cellar/at-spi2-core/2.60.4/include/atk-1.0 -I/opt/homebrew/Cellar/libepoxy/1.5.10/include -I/opt/homebrew/Cellar/fribidi/1.0.16/include/fribidi -I/opt/homebrew/Cellar/glib/2.88.1/include/gio-unix-2.0 -I/opt/homebrew/Cellar/glib/2.88.1/include -I/Library/Developer/CommandLineTools/SDKs/MacOSX26.sdk/usr/include/ffi -I/opt/homebrew/Cellar/glib/2.88.1/include/glib-2.0 -I/opt/homebrew/Cellar/glib/2.88.1/lib/glib-2.0/include -I/opt/homebrew/opt/gettext/include -I/opt/homebrew/Cellar/pcre2/10.47_1/include -L/opt/homebrew/Cellar/gtk-mac-integration/3.0.2/lib -lgtkmacintegration-gtk3 -L/opt/homebrew/Cellar/gtk+3/3.24.52/lib -lgtk-3 -lgdk-3 -Wl,-framework,Cocoa -Wl,-framework,Carbon -Wl,-framework,CoreGraphics -L/opt/homebrew/Cellar/pango/1.57.1/lib -lpangocairo-1.0 -lpango-1.0 -L/opt/homebrew/Cellar/harfbuzz/14.2.0/lib -lharfbuzz -L/opt/homebrew/Cellar/cairo/1.18.4/lib -lcairo-gobject -lcairo -L/opt/homebrew/lib -lgdk_pixbuf-2.0 -L/opt/homebrew/Cellar/at-spi2-core/2.60.4/lib -latk-1.0 -L/opt/homebrew/Cellar/glib/2.88.1/lib -lgio-2.0 -lgobject-2.0 -lglib-2.0 -L/opt/homebrew/opt/gettext/lib -lintl conftest.c  >&5
Undefined symbols for architecture arm64:
  "___fsetlocking", referenced from:
      _main in conftest-de5851.o
ld: symbol(s) not found for architecture arm64
clang: error: linker command failed with exit code 1 (use -v to see invocation)
configure:21303: $? = 1
configure: failed program was:
| /* confdefs.h */
| #define PACKAGE_NAME ""
| #define PACKAGE_TARNAME ""
| #define PACKAGE_VERSION ""
| #define PACKAGE_STRING ""
| #define PACKAGE_BUGREPORT ""
| #define PACKAGE_URL ""
| #define YYTEXT_POINTER 1
| #define HAVE_STDIO_H 1
| #define HAVE_STDLIB_H 1
| #define HAVE_STRING_H 1
| #define HAVE_INTTYPES_H 1
| #define HAVE_STDINT_H 1
| #define HAVE_STRINGS_H 1
| #define HAVE_SYS_STAT_H 1
| #define HAVE_SYS_TYPES_H 1
| #define HAVE_UNISTD_H 1
| #define HAVE_SYS_PARAM_H 1
| #define HAVE_WCHAR_H 1
| #define STDC_HEADERS 1
| #define HAVE_DLFCN_H 1
| #define LT_OBJDIR ".libs/"
| #define HAVE_ALLOCA_H 1
| #define HAVE_ALLOCA 1
| #define HAVE_DIRENT_H 1
| #define HAVE_SYS_WAIT_H 1
| #define HAVE_FCNTL_H 1
| #define HAVE_INTTYPES_H 1
| #define HAVE_LANGINFO_H 1
| #define HAVE_LIBINTL_H 1
| #define HAVE_LIMITS_H 1
| #define HAVE_LOCALE_H 1
| #define HAVE_NETDB_H 1
| #define HAVE_NETINET_IN_H 1
| #define HAVE_STDDEF_H 1
| #define HAVE_STDINT_H 1
| #define HAVE_STDLIB_H 1
| #define HAVE_STRING_H 1
| #define HAVE_STRINGS_H 1
| #define HAVE_SYS_PARAM_H 1
| #define HAVE_SYS_SOCKET_H 1
| #define HAVE_SYS_UTSNAME_H 1
| #define HAVE_UNISTD_H 1
| #define HAVE__BOOL 1
| #define HAVE_STDBOOL_H 1
| #define HAVE_FORK 1
| #define HAVE_VFORK 1
| #define HAVE_GETPAGESIZE 1
| #define HAVE_SYMLINK 1
| #define HAVE_WORKING_VFORK 1
| #define HAVE_WORKING_FORK 1
| #define LSTAT_FOLLOWS_SLASHED_SYMLINK 1
| #define LSTAT_FOLLOWS_SLASHED_SYMLINK 1
| #define HAVE_MALLOC 1
| #define HAVE_MMAP 1
| #define HAVE_REALLOC 1
| #define RETSIGTYPE void
| #define HAVE_DUP2 1
| #define HAVE_GETCWD 1
| #define HAVE_GETHOSTBYNAME 1
| #define HAVE_MEMSET 1
| #define HAVE_MKDIR 1
| #define HAVE_MUNMAP 1
| #define HAVE_NL_LANGINFO 1
| #define HAVE_SETLOCALE 1
| #define HAVE_SOCKET 1
| #define HAVE_STPCPY 1
| #define HAVE_STRCASECMP 1
| #define HAVE_STRCHR 1
| #define HAVE_STRCSPN 1
| #define HAVE_STRDUP 1
| #define HAVE_STRRCHR 1
| #define HAVE_STRSTR 1
| #define HAVE_STRTOL 1
| #define HAVE_STRTOUL 1
| #define HAVE_ISASCII 1
| #define HAVE_MEMMOVE 1
| #define HAVE_STRNCASECMP 1
| #define USE_OSX /**/
| #define USE_BIFF /**/
| #define USE_SOCKMSG /**/
| #define USE_COMMON /**/
| #define USE_GTAR /**/
| #define USE_SSL /**/
| #define USE_GTK3 /**/
| #define HAVE_ICONV 1
| #define ICONV_CONST 
| #define HAVE_VISIBILITY 1
| #define HAVE_STDINT_H_WITH_UINTMAX 1
| #define INTDIV0_RAISES_SIGFPE 0
| #define HAVE_INTTYPES_H_WITH_UINTMAX 1
| #define HAVE_UNSIGNED_LONG_LONG_INT 1
| #define HAVE_UINTMAX_T 1
| #define HAVE_INTTYPES_H 1
| #define _ALL_SOURCE 1
| #define _COSMO_SOURCE 1
| #define _DARWIN_C_SOURCE 1
| #define _GNU_SOURCE 1
| #define _HPUX_ALT_XOPEN_SOCKET_API 1
| #define _NETBSD_SOURCE 1
| #define _OPENBSD_SOURCE 1
| #define _POSIX_PTHREAD_SEMANTICS 1
| #define __STDC_WANT_IEC_60559_ATTRIBS_EXT__ 1
| #define __STDC_WANT_IEC_60559_BFP_EXT__ 1
| #define __STDC_WANT_IEC_60559_DFP_EXT__ 1
| #define __STDC_WANT_IEC_60559_EXT__ 1
| #define __STDC_WANT_IEC_60559_FUNCS_EXT__ 1
| #define __STDC_WANT_IEC_60559_TYPES_EXT__ 1
| #define __STDC_WANT_LIB_EXT2__ 1
| #define __STDC_WANT_MATH_SPEC_FUNCS__ 1
| #define _TANDEM_SOURCE 1
| #define __EXTENSIONS__ 1
| #define USE_POSIX_THREADS 1
| #define HAVE_PTHREAD_RWLOCK 1
| #define HAVE_PTHREAD_MUTEX_RECURSIVE 1
| #define HAVE_BUILTIN_EXPECT 1
| #define HAVE_INTTYPES_H 1
| #define HAVE_LIMITS_H 1
| #define HAVE_UNISTD_H 1
| #define HAVE_SYS_PARAM_H 1
| #define HAVE_GETCWD 1
| #define HAVE_GETEGID 1
| #define HAVE_GETEUID 1
| #define HAVE_GETGID 1
| #define HAVE_GETUID 1
| #define HAVE_MUNMAP 1
| #define HAVE_STPCPY 1
| #define HAVE_STRCASECMP 1
| #define HAVE_STRDUP 1
| #define HAVE_STRTOUL 1
| #define HAVE_TSEARCH 1
| #define HAVE_USELOCALE 1
| /* end confdefs.h.  */
| /* Define __fsetlocking to an innocuous variant, in case <limits.h> declares __fsetlocking.
|    For example, HP-UX 11i <limits.h> declares gettimeofday.  */
| #define __fsetlocking innocuous___fsetlocking
| 
| /* System header to define __stub macros and hopefully few prototypes,
|    which can conflict with char __fsetlocking (void); below.  */
| 
| #include <limits.h>
| #undef __fsetlocking
| 
| /* Override any GCC internal prototype to avoid an error.
|    Use char because int might match the return type of a GCC
|    builtin and then its argument prototype would still apply.  */
| #ifdef __cplusplus
| extern "C"
| #endif
| char __fsetlocking (void);
| /* The GNU C library defines this for functions which it implements
|     to always fail with ENOSYS.  Some functions are actually named
|     something starting with __ and the normal name is an alias.  */
| #if defined __stub___fsetlocking || defined __stub_____fsetlocking
| choke me
| #endif
| 
| int
| main (void)
| {
| return __fsetlocking ();
|   ;
|   return 0;
| }
configure:21303: result: no
configure:21312: checking for getlocalename_l
configure:21312: gcc -std=gnu23 -o conftest -I/opt/homebrew/include -I/opt/homebrew/Cellar/gtk-mac-integration/3.0.2/include/gtkmacintegration -DMAC_INTEGRATION -I/opt/homebrew/Cellar/gtk+3/3.24.52/include/gtk-3.0 -I/opt/homebrew/Cellar/pango/1.57.1/include/pango-1.0 -I/opt/homebrew/Cellar/libthai/0.1.30/include -I/opt/homebrew/Cellar/libdatrie/0.2.14/include -I/opt/homebrew/Cellar/harfbuzz/14.2.0/include/harfbuzz -I/opt/homebrew/opt/graphite2/include -I/opt/homebrew/Cellar/cairo/1.18.4/include -I/opt/homebrew/Cellar/cairo/1.18.4/include/cairo -I/opt/homebrew/Cellar/fontconfig/2.17.1/include -I/opt/homebrew/opt/freetype/include/freetype2 -I/opt/homebrew/Cellar/libxext/1.3.7/include -I/opt/homebrew/Cellar/xorgproto/2025.1/include -I/opt/homebrew/Cellar/libxrender/0.9.12/include -I/opt/homebrew/Cellar/libx11/1.8.13/include -I/opt/homebrew/Cellar/libxcb/1.17.0/include -I/opt/homebrew/Cellar/libxau/1.0.12/include -I/opt/homebrew/Cellar/libxdmcp/1.1.5/include -I/opt/homebrew/Cellar/pixman/0.46.4/include/pixman-1 -I/opt/homebrew/include/gdk-pixbuf-2.0 -I/opt/homebrew/opt/libpng/include/libpng16 -I/opt/homebrew/opt/libtiff/include -I/opt/homebrew/opt/zstd/include -I/opt/homebrew/Cellar/xz/5.8.3/include -I/opt/homebrew/opt/jpeg-turbo/include -I/opt/homebrew/Cellar/at-spi2-core/2.60.4/include/atk-1.0 -I/opt/homebrew/Cellar/libepoxy/1.5.10/include -I/opt/homebrew/Cellar/fribidi/1.0.16/include/fribidi -I/opt/homebrew/Cellar/glib/2.88.1/include/gio-unix-2.0 -I/opt/homebrew/Cellar/glib/2.88.1/include -I/Library/Developer/CommandLineTools/SDKs/MacOSX26.sdk/usr/include/ffi -I/opt/homebrew/Cellar/glib/2.88.1/include/glib-2.0 -I/opt/homebrew/Cellar/glib/2.88.1/lib/glib-2.0/include -I/opt/homebrew/opt/gettext/include -I/opt/homebrew/Cellar/pcre2/10.47_1/include -L/opt/homebrew/Cellar/gtk-mac-integration/3.0.2/lib -lgtkmacintegration-gtk3 -L/opt/homebrew/Cellar/gtk+3/3.24.52/lib -lgtk-3 -lgdk-3 -Wl,-framework,Cocoa -Wl,-framework,Carbon -Wl,-framework,CoreGraphics -L/opt/homebrew/Cellar/pango/1.57.1/lib -lpangocairo-1.0 -lpango-1.0 -L/opt/homebrew/Cellar/harfbuzz/14.2.0/lib -lharfbuzz -L/opt/homebrew/Cellar/cairo/1.18.4/lib -lcairo-gobject -lcairo -L/opt/homebrew/lib -lgdk_pixbuf-2.0 -L/opt/homebrew/Cellar/at-spi2-core/2.60.4/lib -latk-1.0 -L/opt/homebrew/Cellar/glib/2.88.1/lib -lgio-2.0 -lgobject-2.0 -lglib-2.0 -L/opt/homebrew/opt/gettext/lib -lintl conftest.c  >&5
Undefined symbols for architecture arm64:
  "_getlocalename_l", referenced from:
      _main in conftest-ab4f97.o
ld: symbol(s) not found for architecture arm64
clang: error: linker command failed with exit code 1 (use -v to see invocation)
configure:21312: $? = 1
configure: failed program was:
| /* confdefs.h */
| #define PACKAGE_NAME ""
| #define PACKAGE_TARNAME ""
| #define PACKAGE_VERSION ""
| #define PACKAGE_STRING ""
| #define PACKAGE_BUGREPORT ""
| #define PACKAGE_URL ""
| #define YYTEXT_POINTER 1
| #define HAVE_STDIO_H 1
| #define HAVE_STDLIB_H 1
| #define HAVE_STRING_H 1
| #define HAVE_INTTYPES_H 1
| #define HAVE_STDINT_H 1
| #define HAVE_STRINGS_H 1
| #define HAVE_SYS_STAT_H 1
| #define HAVE_SYS_TYPES_H 1
| #define HAVE_UNISTD_H 1
| #define HAVE_SYS_PARAM_H 1
| #define HAVE_WCHAR_H 1
| #define STDC_HEADERS 1
| #define HAVE_DLFCN_H 1
| #define LT_OBJDIR ".libs/"
| #define HAVE_ALLOCA_H 1
| #define HAVE_ALLOCA 1
| #define HAVE_DIRENT_H 1
| #define HAVE_SYS_WAIT_H 1
| #define HAVE_FCNTL_H 1
| #define HAVE_INTTYPES_H 1
| #define HAVE_LANGINFO_H 1
| #define HAVE_LIBINTL_H 1
| #define HAVE_LIMITS_H 1
| #define HAVE_LOCALE_H 1
| #define HAVE_NETDB_H 1
| #define HAVE_NETINET_IN_H 1
| #define HAVE_STDDEF_H 1
| #define HAVE_STDINT_H 1
| #define HAVE_STDLIB_H 1
| #define HAVE_STRING_H 1
| #define HAVE_STRINGS_H 1
| #define HAVE_SYS_PARAM_H 1
| #define HAVE_SYS_SOCKET_H 1
| #define HAVE_SYS_UTSNAME_H 1
| #define HAVE_UNISTD_H 1
| #define HAVE__BOOL 1
| #define HAVE_STDBOOL_H 1
| #define HAVE_FORK 1
| #define HAVE_VFORK 1
| #define HAVE_GETPAGESIZE 1
| #define HAVE_SYMLINK 1
| #define HAVE_WORKING_VFORK 1
| #define HAVE_WORKING_FORK 1
| #define LSTAT_FOLLOWS_SLASHED_SYMLINK 1
| #define LSTAT_FOLLOWS_SLASHED_SYMLINK 1
| #define HAVE_MALLOC 1
| #define HAVE_MMAP 1
| #define HAVE_REALLOC 1
| #define RETSIGTYPE void
| #define HAVE_DUP2 1
| #define HAVE_GETCWD 1
| #define HAVE_GETHOSTBYNAME 1
| #define HAVE_MEMSET 1
| #define HAVE_MKDIR 1
| #define HAVE_MUNMAP 1
| #define HAVE_NL_LANGINFO 1
| #define HAVE_SETLOCALE 1
| #define HAVE_SOCKET 1
| #define HAVE_STPCPY 1
| #define HAVE_STRCASECMP 1
| #define HAVE_STRCHR 1
| #define HAVE_STRCSPN 1
| #define HAVE_STRDUP 1
| #define HAVE_STRRCHR 1
| #define HAVE_STRSTR 1
| #define HAVE_STRTOL 1
| #define HAVE_STRTOUL 1
| #define HAVE_ISASCII 1
| #define HAVE_MEMMOVE 1
| #define HAVE_STRNCASECMP 1
| #define USE_OSX /**/
| #define USE_BIFF /**/
| #define USE_SOCKMSG /**/
| #define USE_COMMON /**/
| #define USE_GTAR /**/
| #define USE_SSL /**/
| #define USE_GTK3 /**/
| #define HAVE_ICONV 1
| #define ICONV_CONST 
| #define HAVE_VISIBILITY 1
| #define HAVE_STDINT_H_WITH_UINTMAX 1
| #define INTDIV0_RAISES_SIGFPE 0
| #define HAVE_INTTYPES_H_WITH_UINTMAX 1
| #define HAVE_UNSIGNED_LONG_LONG_INT 1
| #define HAVE_UINTMAX_T 1
| #define HAVE_INTTYPES_H 1
| #define _ALL_SOURCE 1
| #define _COSMO_SOURCE 1
| #define _DARWIN_C_SOURCE 1
| #define _GNU_SOURCE 1
| #define _HPUX_ALT_XOPEN_SOCKET_API 1
| #define _NETBSD_SOURCE 1
| #define _OPENBSD_SOURCE 1
| #define _POSIX_PTHREAD_SEMANTICS 1
| #define __STDC_WANT_IEC_60559_ATTRIBS_EXT__ 1
| #define __STDC_WANT_IEC_60559_BFP_EXT__ 1
| #define __STDC_WANT_IEC_60559_DFP_EXT__ 1
| #define __STDC_WANT_IEC_60559_EXT__ 1
| #define __STDC_WANT_IEC_60559_FUNCS_EXT__ 1
| #define __STDC_WANT_IEC_60559_TYPES_EXT__ 1
| #define __STDC_WANT_LIB_EXT2__ 1
| #define __STDC_WANT_MATH_SPEC_FUNCS__ 1
| #define _TANDEM_SOURCE 1
| #define __EXTENSIONS__ 1
| #define USE_POSIX_THREADS 1
| #define HAVE_PTHREAD_RWLOCK 1
| #define HAVE_PTHREAD_MUTEX_RECURSIVE 1
| #define HAVE_BUILTIN_EXPECT 1
| #define HAVE_INTTYPES_H 1
| #define HAVE_LIMITS_H 1
| #define HAVE_UNISTD_H 1
| #define HAVE_SYS_PARAM_H 1
| #define HAVE_GETCWD 1
| #define HAVE_GETEGID 1
| #define HAVE_GETEUID 1
| #define HAVE_GETGID 1
| #define HAVE_GETUID 1
| #define HAVE_MUNMAP 1
| #define HAVE_STPCPY 1
| #define HAVE_STRCASECMP 1
| #define HAVE_STRDUP 1
| #define HAVE_STRTOUL 1
| #define HAVE_TSEARCH 1
| #define HAVE_USELOCALE 1
| /* end confdefs.h.  */
| /* Define getlocalename_l to an innocuous variant, in case <limits.h> declares getlocalename_l.
|    For example, HP-UX 11i <limits.h> declares gettimeofday.  */
| #define getlocalename_l innocuous_getlocalename_l
| 
| /* System header to define __stub macros and hopefully few prototypes,
|    which can conflict with char getlocalename_l (void); below.  */
| 
| #include <limits.h>
| #undef getlocalename_l
| 
| /* Override any GCC internal prototype to avoid an error.
|    Use char because int might match the return type of a GCC
|    builtin and then its argument prototype would still apply.  */
| #ifdef __cplusplus
| extern "C"
| #endif
| char getlocalename_l (void);
| /* The GNU C library defines this for functions which it implements
|     to always fail with ENOSYS.  Some functions are actually named
|     something starting with __ and the normal name is an alias.  */
| #if defined __stub_getlocalename_l || defined __stub___getlocalename_l
| choke me
| #endif
| 
| int
| main (void)
| {
| return getlocalename_l ();
|   ;
|   return 0;
| }
configure:21312: result: no
configure:21321: checking whether feof_unlocked is declared
configure:21321: gcc -std=gnu23 -c -I/opt/homebrew/include -Werror=unguarded-availability-new -I/opt/homebrew/Cellar/gtk-mac-integration/3.0.2/include/gtkmacintegration -DMAC_INTEGRATION -I/opt/homebrew/Cellar/gtk+3/3.24.52/include/gtk-3.0 -I/opt/homebrew/Cellar/pango/1.57.1/include/pango-1.0 -I/opt/homebrew/Cellar/libthai/0.1.30/include -I/opt/homebrew/Cellar/libdatrie/0.2.14/include -I/opt/homebrew/Cellar/harfbuzz/14.2.0/include/harfbuzz -I/opt/homebrew/opt/graphite2/include -I/opt/homebrew/Cellar/cairo/1.18.4/include -I/opt/homebrew/Cellar/cairo/1.18.4/include/cairo -I/opt/homebrew/Cellar/fontconfig/2.17.1/include -I/opt/homebrew/opt/freetype/include/freetype2 -I/opt/homebrew/Cellar/libxext/1.3.7/include -I/opt/homebrew/Cellar/xorgproto/2025.1/include -I/opt/homebrew/Cellar/libxrender/0.9.12/include -I/opt/homebrew/Cellar/libx11/1.8.13/include -I/opt/homebrew/Cellar/libxcb/1.17.0/include -I/opt/homebrew/Cellar/libxau/1.0.12/include -I/opt/homebrew/Cellar/libxdmcp/1.1.5/include -I/opt/homebrew/Cellar/pixman/0.46.4/include/pixman-1 -I/opt/homebrew/include/gdk-pixbuf-2.0 -I/opt/homebrew/opt/libpng/include/libpng16 -I/opt/homebrew/opt/libtiff/include -I/opt/homebrew/opt/zstd/include -I/opt/homebrew/Cellar/xz/5.8.3/include -I/opt/homebrew/opt/jpeg-turbo/include -I/opt/homebrew/Cellar/at-spi2-core/2.60.4/include/atk-1.0 -I/opt/homebrew/Cellar/libepoxy/1.5.10/include -I/opt/homebrew/Cellar/fribidi/1.0.16/include/fribidi -I/opt/homebrew/Cellar/glib/2.88.1/include/gio-unix-2.0 -I/opt/homebrew/Cellar/glib/2.88.1/include -I/Library/Developer/CommandLineTools/SDKs/MacOSX26.sdk/usr/include/ffi -I/opt/homebrew/Cellar/glib/2.88.1/include/glib-2.0 -I/opt/homebrew/Cellar/glib/2.88.1/lib/glib-2.0/include -I/opt/homebrew/opt/gettext/include -I/opt/homebrew/Cellar/pcre2/10.47_1/include conftest.c >&5
configure:21321: $? = 0
configure:21321: result: yes
configure:21331: checking whether fgets_unlocked is declared
configure:21331: gcc -std=gnu23 -c -I/opt/homebrew/include -Werror=unguarded-availability-new -I/opt/homebrew/Cellar/gtk-mac-integration/3.0.2/include/gtkmacintegration -DMAC_INTEGRATION -I/opt/homebrew/Cellar/gtk+3/3.24.52/include/gtk-3.0 -I/opt/homebrew/Cellar/pango/1.57.1/include/pango-1.0 -I/opt/homebrew/Cellar/libthai/0.1.30/include -I/opt/homebrew/Cellar/libdatrie/0.2.14/include -I/opt/homebrew/Cellar/harfbuzz/14.2.0/include/harfbuzz -I/opt/homebrew/opt/graphite2/include -I/opt/homebrew/Cellar/cairo/1.18.4/include -I/opt/homebrew/Cellar/cairo/1.18.4/include/cairo -I/opt/homebrew/Cellar/fontconfig/2.17.1/include -I/opt/homebrew/opt/freetype/include/freetype2 -I/opt/homebrew/Cellar/libxext/1.3.7/include -I/opt/homebrew/Cellar/xorgproto/2025.1/include -I/opt/homebrew/Cellar/libxrender/0.9.12/include -I/opt/homebrew/Cellar/libx11/1.8.13/include -I/opt/homebrew/Cellar/libxcb/1.17.0/include -I/opt/homebrew/Cellar/libxau/1.0.12/include -I/opt/homebrew/Cellar/libxdmcp/1.1.5/include -I/opt/homebrew/Cellar/pixman/0.46.4/include/pixman-1 -I/opt/homebrew/include/gdk-pixbuf-2.0 -I/opt/homebrew/opt/libpng/include/libpng16 -I/opt/homebrew/opt/libtiff/include -I/opt/homebrew/opt/zstd/include -I/opt/homebrew/Cellar/xz/5.8.3/include -I/opt/homebrew/opt/jpeg-turbo/include -I/opt/homebrew/Cellar/at-spi2-core/2.60.4/include/atk-1.0 -I/opt/homebrew/Cellar/libepoxy/1.5.10/include -I/opt/homebrew/Cellar/fribidi/1.0.16/include/fribidi -I/opt/homebrew/Cellar/glib/2.88.1/include/gio-unix-2.0 -I/opt/homebrew/Cellar/glib/2.88.1/include -I/Library/Developer/CommandLineTools/SDKs/MacOSX26.sdk/usr/include/ffi -I/opt/homebrew/Cellar/glib/2.88.1/include/glib-2.0 -I/opt/homebrew/Cellar/glib/2.88.1/lib/glib-2.0/include -I/opt/homebrew/opt/gettext/include -I/opt/homebrew/Cellar/pcre2/10.47_1/include conftest.c >&5
conftest.c:144:10: error: use of undeclared identifier 'fgets_unlocked'
  144 |   (void) fgets_unlocked;
      |          ^
1 error generated.
configure:21331: $? = 1
configure: failed program was:
| /* confdefs.h */
| #define PACKAGE_NAME ""
| #define PACKAGE_TARNAME ""
| #define PACKAGE_VERSION ""
| #define PACKAGE_STRING ""
| #define PACKAGE_BUGREPORT ""
| #define PACKAGE_URL ""
| #define YYTEXT_POINTER 1
| #define HAVE_STDIO_H 1
| #define HAVE_STDLIB_H 1
| #define HAVE_STRING_H 1
| #define HAVE_INTTYPES_H 1
| #define HAVE_STDINT_H 1
| #define HAVE_STRINGS_H 1
| #define HAVE_SYS_STAT_H 1
| #define HAVE_SYS_TYPES_H 1
| #define HAVE_UNISTD_H 1
| #define HAVE_SYS_PARAM_H 1
| #define HAVE_WCHAR_H 1
| #define STDC_HEADERS 1
| #define HAVE_DLFCN_H 1
| #define LT_OBJDIR ".libs/"
| #define HAVE_ALLOCA_H 1
| #define HAVE_ALLOCA 1
| #define HAVE_DIRENT_H 1
| #define HAVE_SYS_WAIT_H 1
| #define HAVE_FCNTL_H 1
| #define HAVE_INTTYPES_H 1
| #define HAVE_LANGINFO_H 1
| #define HAVE_LIBINTL_H 1
| #define HAVE_LIMITS_H 1
| #define HAVE_LOCALE_H 1
| #define HAVE_NETDB_H 1
| #define HAVE_NETINET_IN_H 1
| #define HAVE_STDDEF_H 1
| #define HAVE_STDINT_H 1
| #define HAVE_STDLIB_H 1
| #define HAVE_STRING_H 1
| #define HAVE_STRINGS_H 1
| #define HAVE_SYS_PARAM_H 1
| #define HAVE_SYS_SOCKET_H 1
| #define HAVE_SYS_UTSNAME_H 1
| #define HAVE_UNISTD_H 1
| #define HAVE__BOOL 1
| #define HAVE_STDBOOL_H 1
| #define HAVE_FORK 1
| #define HAVE_VFORK 1
| #define HAVE_GETPAGESIZE 1
| #define HAVE_SYMLINK 1
| #define HAVE_WORKING_VFORK 1
| #define HAVE_WORKING_FORK 1
| #define LSTAT_FOLLOWS_SLASHED_SYMLINK 1
| #define LSTAT_FOLLOWS_SLASHED_SYMLINK 1
| #define HAVE_MALLOC 1
| #define HAVE_MMAP 1
| #define HAVE_REALLOC 1
| #define RETSIGTYPE void
| #define HAVE_DUP2 1
| #define HAVE_GETCWD 1
| #define HAVE_GETHOSTBYNAME 1
| #define HAVE_MEMSET 1
| #define HAVE_MKDIR 1
| #define HAVE_MUNMAP 1
| #define HAVE_NL_LANGINFO 1
| #define HAVE_SETLOCALE 1
| #define HAVE_SOCKET 1
| #define HAVE_STPCPY 1
| #define HAVE_STRCASECMP 1
| #define HAVE_STRCHR 1
| #define HAVE_STRCSPN 1
| #define HAVE_STRDUP 1
| #define HAVE_STRRCHR 1
| #define HAVE_STRSTR 1
| #define HAVE_STRTOL 1
| #define HAVE_STRTOUL 1
| #define HAVE_ISASCII 1
| #define HAVE_MEMMOVE 1
| #define HAVE_STRNCASECMP 1
| #define USE_OSX /**/
| #define USE_BIFF /**/
| #define USE_SOCKMSG /**/
| #define USE_COMMON /**/
| #define USE_GTAR /**/
| #define USE_SSL /**/
| #define USE_GTK3 /**/
| #define HAVE_ICONV 1
| #define ICONV_CONST 
| #define HAVE_VISIBILITY 1
| #define HAVE_STDINT_H_WITH_UINTMAX 1
| #define INTDIV0_RAISES_SIGFPE 0
| #define HAVE_INTTYPES_H_WITH_UINTMAX 1
| #define HAVE_UNSIGNED_LONG_LONG_INT 1
| #define HAVE_UINTMAX_T 1
| #define HAVE_INTTYPES_H 1
| #define _ALL_SOURCE 1
| #define _COSMO_SOURCE 1
| #define _DARWIN_C_SOURCE 1
| #define _GNU_SOURCE 1
| #define _HPUX_ALT_XOPEN_SOCKET_API 1
| #define _NETBSD_SOURCE 1
| #define _OPENBSD_SOURCE 1
| #define _POSIX_PTHREAD_SEMANTICS 1
| #define __STDC_WANT_IEC_60559_ATTRIBS_EXT__ 1
| #define __STDC_WANT_IEC_60559_BFP_EXT__ 1
| #define __STDC_WANT_IEC_60559_DFP_EXT__ 1
| #define __STDC_WANT_IEC_60559_EXT__ 1
| #define __STDC_WANT_IEC_60559_FUNCS_EXT__ 1
| #define __STDC_WANT_IEC_60559_TYPES_EXT__ 1
| #define __STDC_WANT_LIB_EXT2__ 1
| #define __STDC_WANT_MATH_SPEC_FUNCS__ 1
| #define _TANDEM_SOURCE 1
| #define __EXTENSIONS__ 1
| #define USE_POSIX_THREADS 1
| #define HAVE_PTHREAD_RWLOCK 1
| #define HAVE_PTHREAD_MUTEX_RECURSIVE 1
| #define HAVE_BUILTIN_EXPECT 1
| #define HAVE_INTTYPES_H 1
| #define HAVE_LIMITS_H 1
| #define HAVE_UNISTD_H 1
| #define HAVE_SYS_PARAM_H 1
| #define HAVE_GETCWD 1
| #define HAVE_GETEGID 1
| #define HAVE_GETEUID 1
| #define HAVE_GETGID 1
| #define HAVE_GETUID 1
| #define HAVE_MUNMAP 1
| #define HAVE_STPCPY 1
| #define HAVE_STRCASECMP 1
| #define HAVE_STRDUP 1
| #define HAVE_STRTOUL 1
| #define HAVE_TSEARCH 1
| #define HAVE_USELOCALE 1
| #define HAVE_DECL_FEOF_UNLOCKED 1
| /* end confdefs.h.  */
| #include <stdio.h>
| 
| int
| main (void)
| {
| #ifndef fgets_unlocked
| #ifdef __cplusplus
|   (void) fgets_unlocked;
| #else
|   (void) fgets_unlocked;
| #endif
| #endif
| 
|   ;
|   return 0;
| }
configure:21331: result: no
configure:21349: checking for bison
configure:21370: found /usr/bin/bison
configure:21382: result: bison
configure:21396: checking version of bison
configure:21405: result: 2.3, bad
configure:21414: checking for long long int
configure:21454: gcc -std=gnu23 -o conftest -I/opt/homebrew/include -I/opt/homebrew/Cellar/gtk-mac-integration/3.0.2/include/gtkmacintegration -DMAC_INTEGRATION -I/opt/homebrew/Cellar/gtk+3/3.24.52/include/gtk-3.0 -I/opt/homebrew/Cellar/pango/1.57.1/include/pango-1.0 -I/opt/homebrew/Cellar/libthai/0.1.30/include -I/opt/homebrew/Cellar/libdatrie/0.2.14/include -I/opt/homebrew/Cellar/harfbuzz/14.2.0/include/harfbuzz -I/opt/homebrew/opt/graphite2/include -I/opt/homebrew/Cellar/cairo/1.18.4/include -I/opt/homebrew/Cellar/cairo/1.18.4/include/cairo -I/opt/homebrew/Cellar/fontconfig/2.17.1/include -I/opt/homebrew/opt/freetype/include/freetype2 -I/opt/homebrew/Cellar/libxext/1.3.7/include -I/opt/homebrew/Cellar/xorgproto/2025.1/include -I/opt/homebrew/Cellar/libxrender/0.9.12/include -I/opt/homebrew/Cellar/libx11/1.8.13/include -I/opt/homebrew/Cellar/libxcb/1.17.0/include -I/opt/homebrew/Cellar/libxau/1.0.12/include -I/opt/homebrew/Cellar/libxdmcp/1.1.5/include -I/opt/homebrew/Cellar/pixman/0.46.4/include/pixman-1 -I/opt/homebrew/include/gdk-pixbuf-2.0 -I/opt/homebrew/opt/libpng/include/libpng16 -I/opt/homebrew/opt/libtiff/include -I/opt/homebrew/opt/zstd/include -I/opt/homebrew/Cellar/xz/5.8.3/include -I/opt/homebrew/opt/jpeg-turbo/include -I/opt/homebrew/Cellar/at-spi2-core/2.60.4/include/atk-1.0 -I/opt/homebrew/Cellar/libepoxy/1.5.10/include -I/opt/homebrew/Cellar/fribidi/1.0.16/include/fribidi -I/opt/homebrew/Cellar/glib/2.88.1/include/gio-unix-2.0 -I/opt/homebrew/Cellar/glib/2.88.1/include -I/Library/Developer/CommandLineTools/SDKs/MacOSX26.sdk/usr/include/ffi -I/opt/homebrew/Cellar/glib/2.88.1/include/glib-2.0 -I/opt/homebrew/Cellar/glib/2.88.1/lib/glib-2.0/include -I/opt/homebrew/opt/gettext/include -I/opt/homebrew/Cellar/pcre2/10.47_1/include -L/opt/homebrew/Cellar/gtk-mac-integration/3.0.2/lib -lgtkmacintegration-gtk3 -L/opt/homebrew/Cellar/gtk+3/3.24.52/lib -lgtk-3 -lgdk-3 -Wl,-framework,Cocoa -Wl,-framework,Carbon -Wl,-framework,CoreGraphics -L/opt/homebrew/Cellar/pango/1.57.1/lib -lpangocairo-1.0 -lpango-1.0 -L/opt/homebrew/Cellar/harfbuzz/14.2.0/lib -lharfbuzz -L/opt/homebrew/Cellar/cairo/1.18.4/lib -lcairo-gobject -lcairo -L/opt/homebrew/lib -lgdk_pixbuf-2.0 -L/opt/homebrew/Cellar/at-spi2-core/2.60.4/lib -latk-1.0 -L/opt/homebrew/Cellar/glib/2.88.1/lib -lgio-2.0 -lgobject-2.0 -lglib-2.0 -L/opt/homebrew/opt/gettext/lib -lintl conftest.c  >&5
configure:21454: $? = 0
configure:21454: ./conftest
configure:21454: $? = 0
configure:21470: result: yes
configure:21479: checking for wchar_t
configure:21497: gcc -std=gnu23 -c -I/opt/homebrew/include -I/opt/homebrew/Cellar/gtk-mac-integration/3.0.2/include/gtkmacintegration -DMAC_INTEGRATION -I/opt/homebrew/Cellar/gtk+3/3.24.52/include/gtk-3.0 -I/opt/homebrew/Cellar/pango/1.57.1/include/pango-1.0 -I/opt/homebrew/Cellar/libthai/0.1.30/include -I/opt/homebrew/Cellar/libdatrie/0.2.14/include -I/opt/homebrew/Cellar/harfbuzz/14.2.0/include/harfbuzz -I/opt/homebrew/opt/graphite2/include -I/opt/homebrew/Cellar/cairo/1.18.4/include -I/opt/homebrew/Cellar/cairo/1.18.4/include/cairo -I/opt/homebrew/Cellar/fontconfig/2.17.1/include -I/opt/homebrew/opt/freetype/include/freetype2 -I/opt/homebrew/Cellar/libxext/1.3.7/include -I/opt/homebrew/Cellar/xorgproto/2025.1/include -I/opt/homebrew/Cellar/libxrender/0.9.12/include -I/opt/homebrew/Cellar/libx11/1.8.13/include -I/opt/homebrew/Cellar/libxcb/1.17.0/include -I/opt/homebrew/Cellar/libxau/1.0.12/include -I/opt/homebrew/Cellar/libxdmcp/1.1.5/include -I/opt/homebrew/Cellar/pixman/0.46.4/include/pixman-1 -I/opt/homebrew/include/gdk-pixbuf-2.0 -I/opt/homebrew/opt/libpng/include/libpng16 -I/opt/homebrew/opt/libtiff/include -I/opt/homebrew/opt/zstd/include -I/opt/homebrew/Cellar/xz/5.8.3/include -I/opt/homebrew/opt/jpeg-turbo/include -I/opt/homebrew/Cellar/at-spi2-core/2.60.4/include/atk-1.0 -I/opt/homebrew/Cellar/libepoxy/1.5.10/include -I/opt/homebrew/Cellar/fribidi/1.0.16/include/fribidi -I/opt/homebrew/Cellar/glib/2.88.1/include/gio-unix-2.0 -I/opt/homebrew/Cellar/glib/2.88.1/include -I/Library/Developer/CommandLineTools/SDKs/MacOSX26.sdk/usr/include/ffi -I/opt/homebrew/Cellar/glib/2.88.1/include/glib-2.0 -I/opt/homebrew/Cellar/glib/2.88.1/lib/glib-2.0/include -I/opt/homebrew/opt/gettext/include -I/opt/homebrew/Cellar/pcre2/10.47_1/include conftest.c >&5
configure:21497: $? = 0
configure:21507: result: yes
configure:21516: checking for wint_t
configure:21542: gcc -std=gnu23 -c -I/opt/homebrew/include -I/opt/homebrew/Cellar/gtk-mac-integration/3.0.2/include/gtkmacintegration -DMAC_INTEGRATION -I/opt/homebrew/Cellar/gtk+3/3.24.52/include/gtk-3.0 -I/opt/homebrew/Cellar/pango/1.57.1/include/pango-1.0 -I/opt/homebrew/Cellar/libthai/0.1.30/include -I/opt/homebrew/Cellar/libdatrie/0.2.14/include -I/opt/homebrew/Cellar/harfbuzz/14.2.0/include/harfbuzz -I/opt/homebrew/opt/graphite2/include -I/opt/homebrew/Cellar/cairo/1.18.4/include -I/opt/homebrew/Cellar/cairo/1.18.4/include/cairo -I/opt/homebrew/Cellar/fontconfig/2.17.1/include -I/opt/homebrew/opt/freetype/include/freetype2 -I/opt/homebrew/Cellar/libxext/1.3.7/include -I/opt/homebrew/Cellar/xorgproto/2025.1/include -I/opt/homebrew/Cellar/libxrender/0.9.12/include -I/opt/homebrew/Cellar/libx11/1.8.13/include -I/opt/homebrew/Cellar/libxcb/1.17.0/include -I/opt/homebrew/Cellar/libxau/1.0.12/include -I/opt/homebrew/Cellar/libxdmcp/1.1.5/include -I/opt/homebrew/Cellar/pixman/0.46.4/include/pixman-1 -I/opt/homebrew/include/gdk-pixbuf-2.0 -I/opt/homebrew/opt/libpng/include/libpng16 -I/opt/homebrew/opt/libtiff/include -I/opt/homebrew/opt/zstd/include -I/opt/homebrew/Cellar/xz/5.8.3/include -I/opt/homebrew/opt/jpeg-turbo/include -I/opt/homebrew/Cellar/at-spi2-core/2.60.4/include/atk-1.0 -I/opt/homebrew/Cellar/libepoxy/1.5.10/include -I/opt/homebrew/Cellar/fribidi/1.0.16/include/fribidi -I/opt/homebrew/Cellar/glib/2.88.1/include/gio-unix-2.0 -I/opt/homebrew/Cellar/glib/2.88.1/include -I/Library/Developer/CommandLineTools/SDKs/MacOSX26.sdk/usr/include/ffi -I/opt/homebrew/Cellar/glib/2.88.1/include/glib-2.0 -I/opt/homebrew/Cellar/glib/2.88.1/lib/glib-2.0/include -I/opt/homebrew/opt/gettext/include -I/opt/homebrew/Cellar/pcre2/10.47_1/include conftest.c >&5
configure:21542: $? = 0
configure:21552: result: yes
configure:21563: checking for intmax_t
configure:21590: gcc -std=gnu23 -c -I/opt/homebrew/include -I/opt/homebrew/Cellar/gtk-mac-integration/3.0.2/include/gtkmacintegration -DMAC_INTEGRATION -I/opt/homebrew/Cellar/gtk+3/3.24.52/include/gtk-3.0 -I/opt/homebrew/Cellar/pango/1.57.1/include/pango-1.0 -I/opt/homebrew/Cellar/libthai/0.1.30/include -I/opt/homebrew/Cellar/libdatrie/0.2.14/include -I/opt/homebrew/Cellar/harfbuzz/14.2.0/include/harfbuzz -I/opt/homebrew/opt/graphite2/include -I/opt/homebrew/Cellar/cairo/1.18.4/include -I/opt/homebrew/Cellar/cairo/1.18.4/include/cairo -I/opt/homebrew/Cellar/fontconfig/2.17.1/include -I/opt/homebrew/opt/freetype/include/freetype2 -I/opt/homebrew/Cellar/libxext/1.3.7/include -I/opt/homebrew/Cellar/xorgproto/2025.1/include -I/opt/homebrew/Cellar/libxrender/0.9.12/include -I/opt/homebrew/Cellar/libx11/1.8.13/include -I/opt/homebrew/Cellar/libxcb/1.17.0/include -I/opt/homebrew/Cellar/libxau/1.0.12/include -I/opt/homebrew/Cellar/libxdmcp/1.1.5/include -I/opt/homebrew/Cellar/pixman/0.46.4/include/pixman-1 -I/opt/homebrew/include/gdk-pixbuf-2.0 -I/opt/homebrew/opt/libpng/include/libpng16 -I/opt/homebrew/opt/libtiff/include -I/opt/homebrew/opt/zstd/include -I/opt/homebrew/Cellar/xz/5.8.3/include -I/opt/homebrew/opt/jpeg-turbo/include -I/opt/homebrew/Cellar/at-spi2-core/2.60.4/include/atk-1.0 -I/opt/homebrew/Cellar/libepoxy/1.5.10/include -I/opt/homebrew/Cellar/fribidi/1.0.16/include/fribidi -I/opt/homebrew/Cellar/glib/2.88.1/include/gio-unix-2.0 -I/opt/homebrew/Cellar/glib/2.88.1/include -I/Library/Developer/CommandLineTools/SDKs/MacOSX26.sdk/usr/include/ffi -I/opt/homebrew/Cellar/glib/2.88.1/include/glib-2.0 -I/opt/homebrew/Cellar/glib/2.88.1/lib/glib-2.0/include -I/opt/homebrew/opt/gettext/include -I/opt/homebrew/Cellar/pcre2/10.47_1/include conftest.c >&5
configure:21590: $? = 0
configure:21600: result: yes
configure:21610: checking whether printf() supports POSIX/XSI format strings
configure:21655: gcc -std=gnu23 -o conftest -I/opt/homebrew/include -I/opt/homebrew/Cellar/gtk-mac-integration/3.0.2/include/gtkmacintegration -DMAC_INTEGRATION -I/opt/homebrew/Cellar/gtk+3/3.24.52/include/gtk-3.0 -I/opt/homebrew/Cellar/pango/1.57.1/include/pango-1.0 -I/opt/homebrew/Cellar/libthai/0.1.30/include -I/opt/homebrew/Cellar/libdatrie/0.2.14/include -I/opt/homebrew/Cellar/harfbuzz/14.2.0/include/harfbuzz -I/opt/homebrew/opt/graphite2/include -I/opt/homebrew/Cellar/cairo/1.18.4/include -I/opt/homebrew/Cellar/cairo/1.18.4/include/cairo -I/opt/homebrew/Cellar/fontconfig/2.17.1/include -I/opt/homebrew/opt/freetype/include/freetype2 -I/opt/homebrew/Cellar/libxext/1.3.7/include -I/opt/homebrew/Cellar/xorgproto/2025.1/include -I/opt/homebrew/Cellar/libxrender/0.9.12/include -I/opt/homebrew/Cellar/libx11/1.8.13/include -I/opt/homebrew/Cellar/libxcb/1.17.0/include -I/opt/homebrew/Cellar/libxau/1.0.12/include -I/opt/homebrew/Cellar/libxdmcp/1.1.5/include -I/opt/homebrew/Cellar/pixman/0.46.4/include/pixman-1 -I/opt/homebrew/include/gdk-pixbuf-2.0 -I/opt/homebrew/opt/libpng/include/libpng16 -I/opt/homebrew/opt/libtiff/include -I/opt/homebrew/opt/zstd/include -I/opt/homebrew/Cellar/xz/5.8.3/include -I/opt/homebrew/opt/jpeg-turbo/include -I/opt/homebrew/Cellar/at-spi2-core/2.60.4/include/atk-1.0 -I/opt/homebrew/Cellar/libepoxy/1.5.10/include -I/opt/homebrew/Cellar/fribidi/1.0.16/include/fribidi -I/opt/homebrew/Cellar/glib/2.88.1/include/gio-unix-2.0 -I/opt/homebrew/Cellar/glib/2.88.1/include -I/Library/Developer/CommandLineTools/SDKs/MacOSX26.sdk/usr/include/ffi -I/opt/homebrew/Cellar/glib/2.88.1/include/glib-2.0 -I/opt/homebrew/Cellar/glib/2.88.1/lib/glib-2.0/include -I/opt/homebrew/opt/gettext/include -I/opt/homebrew/Cellar/pcre2/10.47_1/include -L/opt/homebrew/Cellar/gtk-mac-integration/3.0.2/lib -lgtkmacintegration-gtk3 -L/opt/homebrew/Cellar/gtk+3/3.24.52/lib -lgtk-3 -lgdk-3 -Wl,-framework,Cocoa -Wl,-framework,Carbon -Wl,-framework,CoreGraphics -L/opt/homebrew/Cellar/pango/1.57.1/lib -lpangocairo-1.0 -lpango-1.0 -L/opt/homebrew/Cellar/harfbuzz/14.2.0/lib -lharfbuzz -L/opt/homebrew/Cellar/cairo/1.18.4/lib -lcairo-gobject -lcairo -L/opt/homebrew/lib -lgdk_pixbuf-2.0 -L/opt/homebrew/Cellar/at-spi2-core/2.60.4/lib -latk-1.0 -L/opt/homebrew/Cellar/glib/2.88.1/lib -lgio-2.0 -lgobject-2.0 -lglib-2.0 -L/opt/homebrew/opt/gettext/lib -lintl conftest.c  >&5
configure:21655: $? = 0
configure:21655: ./conftest
configure:21655: $? = 0
configure:21670: result: yes
configure:21681: checking whether we are using the GNU C Library >= 2.1 or uClibc
conftest.c:142:10: fatal error: 'features.h' file not found
  142 | #include <features.h>
      |          ^~~~~~~~~~~~
1 error generated.
configure:21715: result: no
configure:21722: checking for stdint.h
configure:21722: result: yes
configure:21729: checking for SIZE_MAX
configure:21808: result: yes
configure:21819: checking for stdint.h
configure:21819: result: yes
configure:21833: checking for working fcntl.h
configure:21938: gcc -std=gnu23 -o conftest -I/opt/homebrew/include -I/opt/homebrew/Cellar/gtk-mac-integration/3.0.2/include/gtkmacintegration -DMAC_INTEGRATION -I/opt/homebrew/Cellar/gtk+3/3.24.52/include/gtk-3.0 -I/opt/homebrew/Cellar/pango/1.57.1/include/pango-1.0 -I/opt/homebrew/Cellar/libthai/0.1.30/include -I/opt/homebrew/Cellar/libdatrie/0.2.14/include -I/opt/homebrew/Cellar/harfbuzz/14.2.0/include/harfbuzz -I/opt/homebrew/opt/graphite2/include -I/opt/homebrew/Cellar/cairo/1.18.4/include -I/opt/homebrew/Cellar/cairo/1.18.4/include/cairo -I/opt/homebrew/Cellar/fontconfig/2.17.1/include -I/opt/homebrew/opt/freetype/include/freetype2 -I/opt/homebrew/Cellar/libxext/1.3.7/include -I/opt/homebrew/Cellar/xorgproto/2025.1/include -I/opt/homebrew/Cellar/libxrender/0.9.12/include -I/opt/homebrew/Cellar/libx11/1.8.13/include -I/opt/homebrew/Cellar/libxcb/1.17.0/include -I/opt/homebrew/Cellar/libxau/1.0.12/include -I/opt/homebrew/Cellar/libxdmcp/1.1.5/include -I/opt/homebrew/Cellar/pixman/0.46.4/include/pixman-1 -I/opt/homebrew/include/gdk-pixbuf-2.0 -I/opt/homebrew/opt/libpng/include/libpng16 -I/opt/homebrew/opt/libtiff/include -I/opt/homebrew/opt/zstd/include -I/opt/homebrew/Cellar/xz/5.8.3/include -I/opt/homebrew/opt/jpeg-turbo/include -I/opt/homebrew/Cellar/at-spi2-core/2.60.4/include/atk-1.0 -I/opt/homebrew/Cellar/libepoxy/1.5.10/include -I/opt/homebrew/Cellar/fribidi/1.0.16/include/fribidi -I/opt/homebrew/Cellar/glib/2.88.1/include/gio-unix-2.0 -I/opt/homebrew/Cellar/glib/2.88.1/include -I/Library/Developer/CommandLineTools/SDKs/MacOSX26.sdk/usr/include/ffi -I/opt/homebrew/Cellar/glib/2.88.1/include/glib-2.0 -I/opt/homebrew/Cellar/glib/2.88.1/lib/glib-2.0/include -I/opt/homebrew/opt/gettext/include -I/opt/homebrew/Cellar/pcre2/10.47_1/include -L/opt/homebrew/Cellar/gtk-mac-integration/3.0.2/lib -lgtkmacintegration-gtk3 -L/opt/homebrew/Cellar/gtk+3/3.24.52/lib -lgtk-3 -lgdk-3 -Wl,-framework,Cocoa -Wl,-framework,Carbon -Wl,-framework,CoreGraphics -L/opt/homebrew/Cellar/pango/1.57.1/lib -lpangocairo-1.0 -lpango-1.0 -L/opt/homebrew/Cellar/harfbuzz/14.2.0/lib -lharfbuzz -L/opt/homebrew/Cellar/cairo/1.18.4/lib -lcairo-gobject -lcairo -L/opt/homebrew/lib -lgdk_pixbuf-2.0 -L/opt/homebrew/Cellar/at-spi2-core/2.60.4/lib -latk-1.0 -L/opt/homebrew/Cellar/glib/2.88.1/lib -lgio-2.0 -lgobject-2.0 -lglib-2.0 -L/opt/homebrew/opt/gettext/lib -lintl conftest.c  >&5
conftest.c:169:27: warning: address of array 'constants' will always evaluate to 'true' [-Wpointer-bool-conversion]
  169 |             int result = !constants;
      |                          ~^~~~~~~~~
1 warning generated.
configure:21938: $? = 0
configure:21938: ./conftest
configure:21938: $? = 0
configure:21957: result: yes
configure:21977: checking for CFPreferencesCopyAppValue
configure:21996: gcc -std=gnu23 -o conftest -I/opt/homebrew/include -I/opt/homebrew/Cellar/gtk-mac-integration/3.0.2/include/gtkmacintegration -DMAC_INTEGRATION -I/opt/homebrew/Cellar/gtk+3/3.24.52/include/gtk-3.0 -I/opt/homebrew/Cellar/pango/1.57.1/include/pango-1.0 -I/opt/homebrew/Cellar/libthai/0.1.30/include -I/opt/homebrew/Cellar/libdatrie/0.2.14/include -I/opt/homebrew/Cellar/harfbuzz/14.2.0/include/harfbuzz -I/opt/homebrew/opt/graphite2/include -I/opt/homebrew/Cellar/cairo/1.18.4/include -I/opt/homebrew/Cellar/cairo/1.18.4/include/cairo -I/opt/homebrew/Cellar/fontconfig/2.17.1/include -I/opt/homebrew/opt/freetype/include/freetype2 -I/opt/homebrew/Cellar/libxext/1.3.7/include -I/opt/homebrew/Cellar/xorgproto/2025.1/include -I/opt/homebrew/Cellar/libxrender/0.9.12/include -I/opt/homebrew/Cellar/libx11/1.8.13/include -I/opt/homebrew/Cellar/libxcb/1.17.0/include -I/opt/homebrew/Cellar/libxau/1.0.12/include -I/opt/homebrew/Cellar/libxdmcp/1.1.5/include -I/opt/homebrew/Cellar/pixman/0.46.4/include/pixman-1 -I/opt/homebrew/include/gdk-pixbuf-2.0 -I/opt/homebrew/opt/libpng/include/libpng16 -I/opt/homebrew/opt/libtiff/include -I/opt/homebrew/opt/zstd/include -I/opt/homebrew/Cellar/xz/5.8.3/include -I/opt/homebrew/opt/jpeg-turbo/include -I/opt/homebrew/Cellar/at-spi2-core/2.60.4/include/atk-1.0 -I/opt/homebrew/Cellar/libepoxy/1.5.10/include -I/opt/homebrew/Cellar/fribidi/1.0.16/include/fribidi -I/opt/homebrew/Cellar/glib/2.88.1/include/gio-unix-2.0 -I/opt/homebrew/Cellar/glib/2.88.1/include -I/Library/Developer/CommandLineTools/SDKs/MacOSX26.sdk/usr/include/ffi -I/opt/homebrew/Cellar/glib/2.88.1/include/glib-2.0 -I/opt/homebrew/Cellar/glib/2.88.1/lib/glib-2.0/include -I/opt/homebrew/opt/gettext/include -I/opt/homebrew/Cellar/pcre2/10.47_1/include -L/opt/homebrew/Cellar/gtk-mac-integration/3.0.2/lib -lgtkmacintegration-gtk3 -L/opt/homebrew/Cellar/gtk+3/3.24.52/lib -lgtk-3 -lgdk-3 -Wl,-framework,Cocoa -Wl,-framework,Carbon -Wl,-framework,CoreGraphics -L/opt/homebrew/Cellar/pango/1.57.1/lib -lpangocairo-1.0 -lpango-1.0 -L/opt/homebrew/Cellar/harfbuzz/14.2.0/lib -lharfbuzz -L/opt/homebrew/Cellar/cairo/1.18.4/lib -lcairo-gobject -lcairo -L/opt/homebrew/lib -lgdk_pixbuf-2.0 -L/opt/homebrew/Cellar/at-spi2-core/2.60.4/lib -latk-1.0 -L/opt/homebrew/Cellar/glib/2.88.1/lib -lgio-2.0 -lgobject-2.0 -lglib-2.0 -L/opt/homebrew/opt/gettext/lib -lintl conftest.c  -Wl,-framework -Wl,CoreFoundation >&5
conftest.c:149:27: warning: null passed to a callee that requires a non-null argument [-Wnonnull]
  149 | CFPreferencesCopyAppValue(NULL, NULL)
      |                           ^~~~
/Library/Developer/CommandLineTools/usr/lib/clang/17/include/__stddef_null.h:26:14: note: expanded from macro 'NULL'
   26 | #define NULL ((void*)0)
      |              ^~~~~~~~~~
conftest.c:149:33: warning: null passed to a callee that requires a non-null argument [-Wnonnull]
  149 | CFPreferencesCopyAppValue(NULL, NULL)
      |                                 ^~~~
/Library/Developer/CommandLineTools/usr/lib/clang/17/include/__stddef_null.h:26:14: note: expanded from macro 'NULL'
   26 | #define NULL ((void*)0)
      |              ^~~~~~~~~~
2 warnings generated.
configure:21996: $? = 0
configure:22008: result: yes
configure:22015: checking for CFLocaleCopyCurrent
configure:22034: gcc -std=gnu23 -o conftest -I/opt/homebrew/include -I/opt/homebrew/Cellar/gtk-mac-integration/3.0.2/include/gtkmacintegration -DMAC_INTEGRATION -I/opt/homebrew/Cellar/gtk+3/3.24.52/include/gtk-3.0 -I/opt/homebrew/Cellar/pango/1.57.1/include/pango-1.0 -I/opt/homebrew/Cellar/libthai/0.1.30/include -I/opt/homebrew/Cellar/libdatrie/0.2.14/include -I/opt/homebrew/Cellar/harfbuzz/14.2.0/include/harfbuzz -I/opt/homebrew/opt/graphite2/include -I/opt/homebrew/Cellar/cairo/1.18.4/include -I/opt/homebrew/Cellar/cairo/1.18.4/include/cairo -I/opt/homebrew/Cellar/fontconfig/2.17.1/include -I/opt/homebrew/opt/freetype/include/freetype2 -I/opt/homebrew/Cellar/libxext/1.3.7/include -I/opt/homebrew/Cellar/xorgproto/2025.1/include -I/opt/homebrew/Cellar/libxrender/0.9.12/include -I/opt/homebrew/Cellar/libx11/1.8.13/include -I/opt/homebrew/Cellar/libxcb/1.17.0/include -I/opt/homebrew/Cellar/libxau/1.0.12/include -I/opt/homebrew/Cellar/libxdmcp/1.1.5/include -I/opt/homebrew/Cellar/pixman/0.46.4/include/pixman-1 -I/opt/homebrew/include/gdk-pixbuf-2.0 -I/opt/homebrew/opt/libpng/include/libpng16 -I/opt/homebrew/opt/libtiff/include -I/opt/homebrew/opt/zstd/include -I/opt/homebrew/Cellar/xz/5.8.3/include -I/opt/homebrew/opt/jpeg-turbo/include -I/opt/homebrew/Cellar/at-spi2-core/2.60.4/include/atk-1.0 -I/opt/homebrew/Cellar/libepoxy/1.5.10/include -I/opt/homebrew/Cellar/fribidi/1.0.16/include/fribidi -I/opt/homebrew/Cellar/glib/2.88.1/include/gio-unix-2.0 -I/opt/homebrew/Cellar/glib/2.88.1/include -I/Library/Developer/CommandLineTools/SDKs/MacOSX26.sdk/usr/include/ffi -I/opt/homebrew/Cellar/glib/2.88.1/include/glib-2.0 -I/opt/homebrew/Cellar/glib/2.88.1/lib/glib-2.0/include -I/opt/homebrew/opt/gettext/include -I/opt/homebrew/Cellar/pcre2/10.47_1/include -L/opt/homebrew/Cellar/gtk-mac-integration/3.0.2/lib -lgtkmacintegration-gtk3 -L/opt/homebrew/Cellar/gtk+3/3.24.52/lib -lgtk-3 -lgdk-3 -Wl,-framework,Cocoa -Wl,-framework,Carbon -Wl,-framework,CoreGraphics -L/opt/homebrew/Cellar/pango/1.57.1/lib -lpangocairo-1.0 -lpango-1.0 -L/opt/homebrew/Cellar/harfbuzz/14.2.0/lib -lharfbuzz -L/opt/homebrew/Cellar/cairo/1.18.4/lib -lcairo-gobject -lcairo -L/opt/homebrew/lib -lgdk_pixbuf-2.0 -L/opt/homebrew/Cellar/at-spi2-core/2.60.4/lib -latk-1.0 -L/opt/homebrew/Cellar/glib/2.88.1/lib -lgio-2.0 -lgobject-2.0 -lglib-2.0 -L/opt/homebrew/opt/gettext/lib -lintl conftest.c  -Wl,-framework -Wl,CoreFoundation >&5
configure:22034: $? = 0
configure:22046: result: yes
configure:22076: checking for ptrdiff_t
configure:22076: gcc -std=gnu23 -c -I/opt/homebrew/include -I/opt/homebrew/Cellar/gtk-mac-integration/3.0.2/include/gtkmacintegration -DMAC_INTEGRATION -I/opt/homebrew/Cellar/gtk+3/3.24.52/include/gtk-3.0 -I/opt/homebrew/Cellar/pango/1.57.1/include/pango-1.0 -I/opt/homebrew/Cellar/libthai/0.1.30/include -I/opt/homebrew/Cellar/libdatrie/0.2.14/include -I/opt/homebrew/Cellar/harfbuzz/14.2.0/include/harfbuzz -I/opt/homebrew/opt/graphite2/include -I/opt/homebrew/Cellar/cairo/1.18.4/include -I/opt/homebrew/Cellar/cairo/1.18.4/include/cairo -I/opt/homebrew/Cellar/fontconfig/2.17.1/include -I/opt/homebrew/opt/freetype/include/freetype2 -I/opt/homebrew/Cellar/libxext/1.3.7/include -I/opt/homebrew/Cellar/xorgproto/2025.1/include -I/opt/homebrew/Cellar/libxrender/0.9.12/include -I/opt/homebrew/Cellar/libx11/1.8.13/include -I/opt/homebrew/Cellar/libxcb/1.17.0/include -I/opt/homebrew/Cellar/libxau/1.0.12/include -I/opt/homebrew/Cellar/libxdmcp/1.1.5/include -I/opt/homebrew/Cellar/pixman/0.46.4/include/pixman-1 -I/opt/homebrew/include/gdk-pixbuf-2.0 -I/opt/homebrew/opt/libpng/include/libpng16 -I/opt/homebrew/opt/libtiff/include -I/opt/homebrew/opt/zstd/include -I/opt/homebrew/Cellar/xz/5.8.3/include -I/opt/homebrew/opt/jpeg-turbo/include -I/opt/homebrew/Cellar/at-spi2-core/2.60.4/include/atk-1.0 -I/opt/homebrew/Cellar/libepoxy/1.5.10/include -I/opt/homebrew/Cellar/fribidi/1.0.16/include/fribidi -I/opt/homebrew/Cellar/glib/2.88.1/include/gio-unix-2.0 -I/opt/homebrew/Cellar/glib/2.88.1/include -I/Library/Developer/CommandLineTools/SDKs/MacOSX26.sdk/usr/include/ffi -I/opt/homebrew/Cellar/glib/2.88.1/include/glib-2.0 -I/opt/homebrew/Cellar/glib/2.88.1/lib/glib-2.0/include -I/opt/homebrew/opt/gettext/include -I/opt/homebrew/Cellar/pcre2/10.47_1/include conftest.c >&5
configure:22076: $? = 0
configure:22076: gcc -std=gnu23 -c -I/opt/homebrew/include -I/opt/homebrew/Cellar/gtk-mac-integration/3.0.2/include/gtkmacintegration -DMAC_INTEGRATION -I/opt/homebrew/Cellar/gtk+3/3.24.52/include/gtk-3.0 -I/opt/homebrew/Cellar/pango/1.57.1/include/pango-1.0 -I/opt/homebrew/Cellar/libthai/0.1.30/include -I/opt/homebrew/Cellar/libdatrie/0.2.14/include -I/opt/homebrew/Cellar/harfbuzz/14.2.0/include/harfbuzz -I/opt/homebrew/opt/graphite2/include -I/opt/homebrew/Cellar/cairo/1.18.4/include -I/opt/homebrew/Cellar/cairo/1.18.4/include/cairo -I/opt/homebrew/Cellar/fontconfig/2.17.1/include -I/opt/homebrew/opt/freetype/include/freetype2 -I/opt/homebrew/Cellar/libxext/1.3.7/include -I/opt/homebrew/Cellar/xorgproto/2025.1/include -I/opt/homebrew/Cellar/libxrender/0.9.12/include -I/opt/homebrew/Cellar/libx11/1.8.13/include -I/opt/homebrew/Cellar/libxcb/1.17.0/include -I/opt/homebrew/Cellar/libxau/1.0.12/include -I/opt/homebrew/Cellar/libxdmcp/1.1.5/include -I/opt/homebrew/Cellar/pixman/0.46.4/include/pixman-1 -I/opt/homebrew/include/gdk-pixbuf-2.0 -I/opt/homebrew/opt/libpng/include/libpng16 -I/opt/homebrew/opt/libtiff/include -I/opt/homebrew/opt/zstd/include -I/opt/homebrew/Cellar/xz/5.8.3/include -I/opt/homebrew/opt/jpeg-turbo/include -I/opt/homebrew/Cellar/at-spi2-core/2.60.4/include/atk-1.0 -I/opt/homebrew/Cellar/libepoxy/1.5.10/include -I/opt/homebrew/Cellar/fribidi/1.0.16/include/fribidi -I/opt/homebrew/Cellar/glib/2.88.1/include/gio-unix-2.0 -I/opt/homebrew/Cellar/glib/2.88.1/include -I/Library/Developer/CommandLineTools/SDKs/MacOSX26.sdk/usr/include/ffi -I/opt/homebrew/Cellar/glib/2.88.1/include/glib-2.0 -I/opt/homebrew/Cellar/glib/2.88.1/lib/glib-2.0/include -I/opt/homebrew/opt/gettext/include -I/opt/homebrew/Cellar/pcre2/10.47_1/include conftest.c >&5
conftest.c:178:24: error: expected expression
  178 | if (sizeof ((ptrdiff_t)))
      |                        ^
1 error generated.
configure:22076: $? = 1
configure: failed program was:
| /* confdefs.h */
| #define PACKAGE_NAME ""
| #define PACKAGE_TARNAME ""
| #define PACKAGE_VERSION ""
| #define PACKAGE_STRING ""
| #define PACKAGE_BUGREPORT ""
| #define PACKAGE_URL ""
| #define YYTEXT_POINTER 1
| #define HAVE_STDIO_H 1
| #define HAVE_STDLIB_H 1
| #define HAVE_STRING_H 1
| #define HAVE_INTTYPES_H 1
| #define HAVE_STDINT_H 1
| #define HAVE_STRINGS_H 1
| #define HAVE_SYS_STAT_H 1
| #define HAVE_SYS_TYPES_H 1
| #define HAVE_UNISTD_H 1
| #define HAVE_SYS_PARAM_H 1
| #define HAVE_WCHAR_H 1
| #define STDC_HEADERS 1
| #define HAVE_DLFCN_H 1
| #define LT_OBJDIR ".libs/"
| #define HAVE_ALLOCA_H 1
| #define HAVE_ALLOCA 1
| #define HAVE_DIRENT_H 1
| #define HAVE_SYS_WAIT_H 1
| #define HAVE_FCNTL_H 1
| #define HAVE_INTTYPES_H 1
| #define HAVE_LANGINFO_H 1
| #define HAVE_LIBINTL_H 1
| #define HAVE_LIMITS_H 1
| #define HAVE_LOCALE_H 1
| #define HAVE_NETDB_H 1
| #define HAVE_NETINET_IN_H 1
| #define HAVE_STDDEF_H 1
| #define HAVE_STDINT_H 1
| #define HAVE_STDLIB_H 1
| #define HAVE_STRING_H 1
| #define HAVE_STRINGS_H 1
| #define HAVE_SYS_PARAM_H 1
| #define HAVE_SYS_SOCKET_H 1
| #define HAVE_SYS_UTSNAME_H 1
| #define HAVE_UNISTD_H 1
| #define HAVE__BOOL 1
| #define HAVE_STDBOOL_H 1
| #define HAVE_FORK 1
| #define HAVE_VFORK 1
| #define HAVE_GETPAGESIZE 1
| #define HAVE_SYMLINK 1
| #define HAVE_WORKING_VFORK 1
| #define HAVE_WORKING_FORK 1
| #define LSTAT_FOLLOWS_SLASHED_SYMLINK 1
| #define LSTAT_FOLLOWS_SLASHED_SYMLINK 1
| #define HAVE_MALLOC 1
| #define HAVE_MMAP 1
| #define HAVE_REALLOC 1
| #define RETSIGTYPE void
| #define HAVE_DUP2 1
| #define HAVE_GETCWD 1
| #define HAVE_GETHOSTBYNAME 1
| #define HAVE_MEMSET 1
| #define HAVE_MKDIR 1
| #define HAVE_MUNMAP 1
| #define HAVE_NL_LANGINFO 1
| #define HAVE_SETLOCALE 1
| #define HAVE_SOCKET 1
| #define HAVE_STPCPY 1
| #define HAVE_STRCASECMP 1
| #define HAVE_STRCHR 1
| #define HAVE_STRCSPN 1
| #define HAVE_STRDUP 1
| #define HAVE_STRRCHR 1
| #define HAVE_STRSTR 1
| #define HAVE_STRTOL 1
| #define HAVE_STRTOUL 1
| #define HAVE_ISASCII 1
| #define HAVE_MEMMOVE 1
| #define HAVE_STRNCASECMP 1
| #define USE_OSX /**/
| #define USE_BIFF /**/
| #define USE_SOCKMSG /**/
| #define USE_COMMON /**/
| #define USE_GTAR /**/
| #define USE_SSL /**/
| #define USE_GTK3 /**/
| #define HAVE_ICONV 1
| #define ICONV_CONST 
| #define HAVE_VISIBILITY 1
| #define HAVE_STDINT_H_WITH_UINTMAX 1
| #define INTDIV0_RAISES_SIGFPE 0
| #define HAVE_INTTYPES_H_WITH_UINTMAX 1
| #define HAVE_UNSIGNED_LONG_LONG_INT 1
| #define HAVE_UINTMAX_T 1
| #define HAVE_INTTYPES_H 1
| #define _ALL_SOURCE 1
| #define _COSMO_SOURCE 1
| #define _DARWIN_C_SOURCE 1
| #define _GNU_SOURCE 1
| #define _HPUX_ALT_XOPEN_SOCKET_API 1
| #define _NETBSD_SOURCE 1
| #define _OPENBSD_SOURCE 1
| #define _POSIX_PTHREAD_SEMANTICS 1
| #define __STDC_WANT_IEC_60559_ATTRIBS_EXT__ 1
| #define __STDC_WANT_IEC_60559_BFP_EXT__ 1
| #define __STDC_WANT_IEC_60559_DFP_EXT__ 1
| #define __STDC_WANT_IEC_60559_EXT__ 1
| #define __STDC_WANT_IEC_60559_FUNCS_EXT__ 1
| #define __STDC_WANT_IEC_60559_TYPES_EXT__ 1
| #define __STDC_WANT_LIB_EXT2__ 1
| #define __STDC_WANT_MATH_SPEC_FUNCS__ 1
| #define _TANDEM_SOURCE 1
| #define __EXTENSIONS__ 1
| #define USE_POSIX_THREADS 1
| #define HAVE_PTHREAD_RWLOCK 1
| #define HAVE_PTHREAD_MUTEX_RECURSIVE 1
| #define HAVE_BUILTIN_EXPECT 1
| #define HAVE_INTTYPES_H 1
| #define HAVE_LIMITS_H 1
| #define HAVE_UNISTD_H 1
| #define HAVE_SYS_PARAM_H 1
| #define HAVE_GETCWD 1
| #define HAVE_GETEGID 1
| #define HAVE_GETEUID 1
| #define HAVE_GETGID 1
| #define HAVE_GETUID 1
| #define HAVE_MUNMAP 1
| #define HAVE_STPCPY 1
| #define HAVE_STRCASECMP 1
| #define HAVE_STRDUP 1
| #define HAVE_STRTOUL 1
| #define HAVE_TSEARCH 1
| #define HAVE_USELOCALE 1
| #define HAVE_DECL_FEOF_UNLOCKED 1
| #define HAVE_DECL_FGETS_UNLOCKED 0
| #define HAVE_LONG_LONG_INT 1
| #define HAVE_WCHAR_T 1
| #define HAVE_WINT_T 1
| #define HAVE_INTMAX_T 1
| #define HAVE_POSIX_PRINTF 1
| #define HAVE_STDINT_H 1
| #define HAVE_STDINT_H 1
| #define HAVE_WORKING_O_NOATIME 1
| #define HAVE_WORKING_O_NOFOLLOW 1
| #define HAVE_CFPREFERENCESCOPYAPPVALUE 1
| #define HAVE_CFLOCALECOPYCURRENT 1
| /* end confdefs.h.  */
| #include <stddef.h>
| #ifdef HAVE_STDIO_H
| # include <stdio.h>
| #endif
| #ifdef HAVE_STDLIB_H
| # include <stdlib.h>
| #endif
| #ifdef HAVE_STRING_H
| # include <string.h>
| #endif
| #ifdef HAVE_INTTYPES_H
| # include <inttypes.h>
| #endif
| #ifdef HAVE_STDINT_H
| # include <stdint.h>
| #endif
| #ifdef HAVE_STRINGS_H
| # include <strings.h>
| #endif
| #ifdef HAVE_SYS_TYPES_H
| # include <sys/types.h>
| #endif
| #ifdef HAVE_SYS_STAT_H
| # include <sys/stat.h>
| #endif
| #ifdef HAVE_UNISTD_H
| # include <unistd.h>
| #endif
| int
| main (void)
| {
| if (sizeof ((ptrdiff_t)))
| 	    return 0;
|   ;
|   return 0;
| }
configure:22076: result: yes
configure:22088: checking for features.h
configure:22088: gcc -std=gnu23 -c -I/opt/homebrew/include -I/opt/homebrew/Cellar/gtk-mac-integration/3.0.2/include/gtkmacintegration -DMAC_INTEGRATION -I/opt/homebrew/Cellar/gtk+3/3.24.52/include/gtk-3.0 -I/opt/homebrew/Cellar/pango/1.57.1/include/pango-1.0 -I/opt/homebrew/Cellar/libthai/0.1.30/include -I/opt/homebrew/Cellar/libdatrie/0.2.14/include -I/opt/homebrew/Cellar/harfbuzz/14.2.0/include/harfbuzz -I/opt/homebrew/opt/graphite2/include -I/opt/homebrew/Cellar/cairo/1.18.4/include -I/opt/homebrew/Cellar/cairo/1.18.4/include/cairo -I/opt/homebrew/Cellar/fontconfig/2.17.1/include -I/opt/homebrew/opt/freetype/include/freetype2 -I/opt/homebrew/Cellar/libxext/1.3.7/include -I/opt/homebrew/Cellar/xorgproto/2025.1/include -I/opt/homebrew/Cellar/libxrender/0.9.12/include -I/opt/homebrew/Cellar/libx11/1.8.13/include -I/opt/homebrew/Cellar/libxcb/1.17.0/include -I/opt/homebrew/Cellar/libxau/1.0.12/include -I/opt/homebrew/Cellar/libxdmcp/1.1.5/include -I/opt/homebrew/Cellar/pixman/0.46.4/include/pixman-1 -I/opt/homebrew/include/gdk-pixbuf-2.0 -I/opt/homebrew/opt/libpng/include/libpng16 -I/opt/homebrew/opt/libtiff/include -I/opt/homebrew/opt/zstd/include -I/opt/homebrew/Cellar/xz/5.8.3/include -I/opt/homebrew/opt/jpeg-turbo/include -I/opt/homebrew/Cellar/at-spi2-core/2.60.4/include/atk-1.0 -I/opt/homebrew/Cellar/libepoxy/1.5.10/include -I/opt/homebrew/Cellar/fribidi/1.0.16/include/fribidi -I/opt/homebrew/Cellar/glib/2.88.1/include/gio-unix-2.0 -I/opt/homebrew/Cellar/glib/2.88.1/include -I/Library/Developer/CommandLineTools/SDKs/MacOSX26.sdk/usr/include/ffi -I/opt/homebrew/Cellar/glib/2.88.1/include/glib-2.0 -I/opt/homebrew/Cellar/glib/2.88.1/lib/glib-2.0/include -I/opt/homebrew/opt/gettext/include -I/opt/homebrew/Cellar/pcre2/10.47_1/include conftest.c >&5
conftest.c:175:10: fatal error: 'features.h' file not found
  175 | #include <features.h>
      |          ^~~~~~~~~~~~
1 error generated.
configure:22088: $? = 1
configure: failed program was:
| /* confdefs.h */
| #define PACKAGE_NAME ""
| #define PACKAGE_TARNAME ""
| #define PACKAGE_VERSION ""
| #define PACKAGE_STRING ""
| #define PACKAGE_BUGREPORT ""
| #define PACKAGE_URL ""
| #define YYTEXT_POINTER 1
| #define HAVE_STDIO_H 1
| #define HAVE_STDLIB_H 1
| #define HAVE_STRING_H 1
| #define HAVE_INTTYPES_H 1
| #define HAVE_STDINT_H 1
| #define HAVE_STRINGS_H 1
| #define HAVE_SYS_STAT_H 1
| #define HAVE_SYS_TYPES_H 1
| #define HAVE_UNISTD_H 1
| #define HAVE_SYS_PARAM_H 1
| #define HAVE_WCHAR_H 1
| #define STDC_HEADERS 1
| #define HAVE_DLFCN_H 1
| #define LT_OBJDIR ".libs/"
| #define HAVE_ALLOCA_H 1
| #define HAVE_ALLOCA 1
| #define HAVE_DIRENT_H 1
| #define HAVE_SYS_WAIT_H 1
| #define HAVE_FCNTL_H 1
| #define HAVE_INTTYPES_H 1
| #define HAVE_LANGINFO_H 1
| #define HAVE_LIBINTL_H 1
| #define HAVE_LIMITS_H 1
| #define HAVE_LOCALE_H 1
| #define HAVE_NETDB_H 1
| #define HAVE_NETINET_IN_H 1
| #define HAVE_STDDEF_H 1
| #define HAVE_STDINT_H 1
| #define HAVE_STDLIB_H 1
| #define HAVE_STRING_H 1
| #define HAVE_STRINGS_H 1
| #define HAVE_SYS_PARAM_H 1
| #define HAVE_SYS_SOCKET_H 1
| #define HAVE_SYS_UTSNAME_H 1
| #define HAVE_UNISTD_H 1
| #define HAVE__BOOL 1
| #define HAVE_STDBOOL_H 1
| #define HAVE_FORK 1
| #define HAVE_VFORK 1
| #define HAVE_GETPAGESIZE 1
| #define HAVE_SYMLINK 1
| #define HAVE_WORKING_VFORK 1
| #define HAVE_WORKING_FORK 1
| #define LSTAT_FOLLOWS_SLASHED_SYMLINK 1
| #define LSTAT_FOLLOWS_SLASHED_SYMLINK 1
| #define HAVE_MALLOC 1
| #define HAVE_MMAP 1
| #define HAVE_REALLOC 1
| #define RETSIGTYPE void
| #define HAVE_DUP2 1
| #define HAVE_GETCWD 1
| #define HAVE_GETHOSTBYNAME 1
| #define HAVE_MEMSET 1
| #define HAVE_MKDIR 1
| #define HAVE_MUNMAP 1
| #define HAVE_NL_LANGINFO 1
| #define HAVE_SETLOCALE 1
| #define HAVE_SOCKET 1
| #define HAVE_STPCPY 1
| #define HAVE_STRCASECMP 1
| #define HAVE_STRCHR 1
| #define HAVE_STRCSPN 1
| #define HAVE_STRDUP 1
| #define HAVE_STRRCHR 1
| #define HAVE_STRSTR 1
| #define HAVE_STRTOL 1
| #define HAVE_STRTOUL 1
| #define HAVE_ISASCII 1
| #define HAVE_MEMMOVE 1
| #define HAVE_STRNCASECMP 1
| #define USE_OSX /**/
| #define USE_BIFF /**/
| #define USE_SOCKMSG /**/
| #define USE_COMMON /**/
| #define USE_GTAR /**/
| #define USE_SSL /**/
| #define USE_GTK3 /**/
| #define HAVE_ICONV 1
| #define ICONV_CONST 
| #define HAVE_VISIBILITY 1
| #define HAVE_STDINT_H_WITH_UINTMAX 1
| #define INTDIV0_RAISES_SIGFPE 0
| #define HAVE_INTTYPES_H_WITH_UINTMAX 1
| #define HAVE_UNSIGNED_LONG_LONG_INT 1
| #define HAVE_UINTMAX_T 1
| #define HAVE_INTTYPES_H 1
| #define _ALL_SOURCE 1
| #define _COSMO_SOURCE 1
| #define _DARWIN_C_SOURCE 1
| #define _GNU_SOURCE 1
| #define _HPUX_ALT_XOPEN_SOCKET_API 1
| #define _NETBSD_SOURCE 1
| #define _OPENBSD_SOURCE 1
| #define _POSIX_PTHREAD_SEMANTICS 1
| #define __STDC_WANT_IEC_60559_ATTRIBS_EXT__ 1
| #define __STDC_WANT_IEC_60559_BFP_EXT__ 1
| #define __STDC_WANT_IEC_60559_DFP_EXT__ 1
| #define __STDC_WANT_IEC_60559_EXT__ 1
| #define __STDC_WANT_IEC_60559_FUNCS_EXT__ 1
| #define __STDC_WANT_IEC_60559_TYPES_EXT__ 1
| #define __STDC_WANT_LIB_EXT2__ 1
| #define __STDC_WANT_MATH_SPEC_FUNCS__ 1
| #define _TANDEM_SOURCE 1
| #define __EXTENSIONS__ 1
| #define USE_POSIX_THREADS 1
| #define HAVE_PTHREAD_RWLOCK 1
| #define HAVE_PTHREAD_MUTEX_RECURSIVE 1
| #define HAVE_BUILTIN_EXPECT 1
| #define HAVE_INTTYPES_H 1
| #define HAVE_LIMITS_H 1
| #define HAVE_UNISTD_H 1
| #define HAVE_SYS_PARAM_H 1
| #define HAVE_GETCWD 1
| #define HAVE_GETEGID 1
| #define HAVE_GETEUID 1
| #define HAVE_GETGID 1
| #define HAVE_GETUID 1
| #define HAVE_MUNMAP 1
| #define HAVE_STPCPY 1
| #define HAVE_STRCASECMP 1
| #define HAVE_STRDUP 1
| #define HAVE_STRTOUL 1
| #define HAVE_TSEARCH 1
| #define HAVE_USELOCALE 1
| #define HAVE_DECL_FEOF_UNLOCKED 1
| #define HAVE_DECL_FGETS_UNLOCKED 0
| #define HAVE_LONG_LONG_INT 1
| #define HAVE_WCHAR_T 1
| #define HAVE_WINT_T 1
| #define HAVE_INTMAX_T 1
| #define HAVE_POSIX_PRINTF 1
| #define HAVE_STDINT_H 1
| #define HAVE_STDINT_H 1
| #define HAVE_WORKING_O_NOATIME 1
| #define HAVE_WORKING_O_NOFOLLOW 1
| #define HAVE_CFPREFERENCESCOPYAPPVALUE 1
| #define HAVE_CFLOCALECOPYCURRENT 1
| /* end confdefs.h.  */
| #include <stddef.h>
| #ifdef HAVE_STDIO_H
| # include <stdio.h>
| #endif
| #ifdef HAVE_STDLIB_H
| # include <stdlib.h>
| #endif
| #ifdef HAVE_STRING_H
| # include <string.h>
| #endif
| #ifdef HAVE_INTTYPES_H
| # include <inttypes.h>
| #endif
| #ifdef HAVE_STDINT_H
| # include <stdint.h>
| #endif
| #ifdef HAVE_STRINGS_H
| # include <strings.h>
| #endif
| #ifdef HAVE_SYS_TYPES_H
| # include <sys/types.h>
| #endif
| #ifdef HAVE_SYS_STAT_H
| # include <sys/stat.h>
| #endif
| #ifdef HAVE_UNISTD_H
| # include <unistd.h>
| #endif
| #include <features.h>
configure:22088: result: no
configure:22094: checking for stddef.h
configure:22094: result: yes
configure:22100: checking for stdlib.h
configure:22100: result: yes
configure:22106: checking for string.h
configure:22106: result: yes
configure:22113: checking for asprintf
configure:22113: gcc -std=gnu23 -o conftest -I/opt/homebrew/include -I/opt/homebrew/Cellar/gtk-mac-integration/3.0.2/include/gtkmacintegration -DMAC_INTEGRATION -I/opt/homebrew/Cellar/gtk+3/3.24.52/include/gtk-3.0 -I/opt/homebrew/Cellar/pango/1.57.1/include/pango-1.0 -I/opt/homebrew/Cellar/libthai/0.1.30/include -I/opt/homebrew/Cellar/libdatrie/0.2.14/include -I/opt/homebrew/Cellar/harfbuzz/14.2.0/include/harfbuzz -I/opt/homebrew/opt/graphite2/include -I/opt/homebrew/Cellar/cairo/1.18.4/include -I/opt/homebrew/Cellar/cairo/1.18.4/include/cairo -I/opt/homebrew/Cellar/fontconfig/2.17.1/include -I/opt/homebrew/opt/freetype/include/freetype2 -I/opt/homebrew/Cellar/libxext/1.3.7/include -I/opt/homebrew/Cellar/xorgproto/2025.1/include -I/opt/homebrew/Cellar/libxrender/0.9.12/include -I/opt/homebrew/Cellar/libx11/1.8.13/include -I/opt/homebrew/Cellar/libxcb/1.17.0/include -I/opt/homebrew/Cellar/libxau/1.0.12/include -I/opt/homebrew/Cellar/libxdmcp/1.1.5/include -I/opt/homebrew/Cellar/pixman/0.46.4/include/pixman-1 -I/opt/homebrew/include/gdk-pixbuf-2.0 -I/opt/homebrew/opt/libpng/include/libpng16 -I/opt/homebrew/opt/libtiff/include -I/opt/homebrew/opt/zstd/include -I/opt/homebrew/Cellar/xz/5.8.3/include -I/opt/homebrew/opt/jpeg-turbo/include -I/opt/homebrew/Cellar/at-spi2-core/2.60.4/include/atk-1.0 -I/opt/homebrew/Cellar/libepoxy/1.5.10/include -I/opt/homebrew/Cellar/fribidi/1.0.16/include/fribidi -I/opt/homebrew/Cellar/glib/2.88.1/include/gio-unix-2.0 -I/opt/homebrew/Cellar/glib/2.88.1/include -I/Library/Developer/CommandLineTools/SDKs/MacOSX26.sdk/usr/include/ffi -I/opt/homebrew/Cellar/glib/2.88.1/include/glib-2.0 -I/opt/homebrew/Cellar/glib/2.88.1/lib/glib-2.0/include -I/opt/homebrew/opt/gettext/include -I/opt/homebrew/Cellar/pcre2/10.47_1/include -L/opt/homebrew/Cellar/gtk-mac-integration/3.0.2/lib -lgtkmacintegration-gtk3 -L/opt/homebrew/Cellar/gtk+3/3.24.52/lib -lgtk-3 -lgdk-3 -Wl,-framework,Cocoa -Wl,-framework,Carbon -Wl,-framework,CoreGraphics -L/opt/homebrew/Cellar/pango/1.57.1/lib -lpangocairo-1.0 -lpango-1.0 -L/opt/homebrew/Cellar/harfbuzz/14.2.0/lib -lharfbuzz -L/opt/homebrew/Cellar/cairo/1.18.4/lib -lcairo-gobject -lcairo -L/opt/homebrew/lib -lgdk_pixbuf-2.0 -L/opt/homebrew/Cellar/at-spi2-core/2.60.4/lib -latk-1.0 -L/opt/homebrew/Cellar/glib/2.88.1/lib -lgio-2.0 -lgobject-2.0 -lglib-2.0 -L/opt/homebrew/opt/gettext/lib -lintl conftest.c  >&5
conftest.c:177:18: warning: format string missing [-Wformat]
  177 | return asprintf ();
      |        ~~~~~~~~  ^
1 warning generated.
configure:22113: $? = 0
configure:22113: result: yes
configure:22119: checking for fwprintf
configure:22119: gcc -std=gnu23 -o conftest -I/opt/homebrew/include -I/opt/homebrew/Cellar/gtk-mac-integration/3.0.2/include/gtkmacintegration -DMAC_INTEGRATION -I/opt/homebrew/Cellar/gtk+3/3.24.52/include/gtk-3.0 -I/opt/homebrew/Cellar/pango/1.57.1/include/pango-1.0 -I/opt/homebrew/Cellar/libthai/0.1.30/include -I/opt/homebrew/Cellar/libdatrie/0.2.14/include -I/opt/homebrew/Cellar/harfbuzz/14.2.0/include/harfbuzz -I/opt/homebrew/opt/graphite2/include -I/opt/homebrew/Cellar/cairo/1.18.4/include -I/opt/homebrew/Cellar/cairo/1.18.4/include/cairo -I/opt/homebrew/Cellar/fontconfig/2.17.1/include -I/opt/homebrew/opt/freetype/include/freetype2 -I/opt/homebrew/Cellar/libxext/1.3.7/include -I/opt/homebrew/Cellar/xorgproto/2025.1/include -I/opt/homebrew/Cellar/libxrender/0.9.12/include -I/opt/homebrew/Cellar/libx11/1.8.13/include -I/opt/homebrew/Cellar/libxcb/1.17.0/include -I/opt/homebrew/Cellar/libxau/1.0.12/include -I/opt/homebrew/Cellar/libxdmcp/1.1.5/include -I/opt/homebrew/Cellar/pixman/0.46.4/include/pixman-1 -I/opt/homebrew/include/gdk-pixbuf-2.0 -I/opt/homebrew/opt/libpng/include/libpng16 -I/opt/homebrew/opt/libtiff/include -I/opt/homebrew/opt/zstd/include -I/opt/homebrew/Cellar/xz/5.8.3/include -I/opt/homebrew/opt/jpeg-turbo/include -I/opt/homebrew/Cellar/at-spi2-core/2.60.4/include/atk-1.0 -I/opt/homebrew/Cellar/libepoxy/1.5.10/include -I/opt/homebrew/Cellar/fribidi/1.0.16/include/fribidi -I/opt/homebrew/Cellar/glib/2.88.1/include/gio-unix-2.0 -I/opt/homebrew/Cellar/glib/2.88.1/include -I/Library/Developer/CommandLineTools/SDKs/MacOSX26.sdk/usr/include/ffi -I/opt/homebrew/Cellar/glib/2.88.1/include/glib-2.0 -I/opt/homebrew/Cellar/glib/2.88.1/lib/glib-2.0/include -I/opt/homebrew/opt/gettext/include -I/opt/homebrew/Cellar/pcre2/10.47_1/include -L/opt/homebrew/Cellar/gtk-mac-integration/3.0.2/lib -lgtkmacintegration-gtk3 -L/opt/homebrew/Cellar/gtk+3/3.24.52/lib -lgtk-3 -lgdk-3 -Wl,-framework,Cocoa -Wl,-framework,Carbon -Wl,-framework,CoreGraphics -L/opt/homebrew/Cellar/pango/1.57.1/lib -lpangocairo-1.0 -lpango-1.0 -L/opt/homebrew/Cellar/harfbuzz/14.2.0/lib -lharfbuzz -L/opt/homebrew/Cellar/cairo/1.18.4/lib -lcairo-gobject -lcairo -L/opt/homebrew/lib -lgdk_pixbuf-2.0 -L/opt/homebrew/Cellar/at-spi2-core/2.60.4/lib -latk-1.0 -L/opt/homebrew/Cellar/glib/2.88.1/lib -lgio-2.0 -lgobject-2.0 -lglib-2.0 -L/opt/homebrew/opt/gettext/lib -lintl conftest.c  >&5
configure:22119: $? = 0
configure:22119: result: yes
configure:22125: checking for newlocale
configure:22125: gcc -std=gnu23 -o conftest -I/opt/homebrew/include -I/opt/homebrew/Cellar/gtk-mac-integration/3.0.2/include/gtkmacintegration -DMAC_INTEGRATION -I/opt/homebrew/Cellar/gtk+3/3.24.52/include/gtk-3.0 -I/opt/homebrew/Cellar/pango/1.57.1/include/pango-1.0 -I/opt/homebrew/Cellar/libthai/0.1.30/include -I/opt/homebrew/Cellar/libdatrie/0.2.14/include -I/opt/homebrew/Cellar/harfbuzz/14.2.0/include/harfbuzz -I/opt/homebrew/opt/graphite2/include -I/opt/homebrew/Cellar/cairo/1.18.4/include -I/opt/homebrew/Cellar/cairo/1.18.4/include/cairo -I/opt/homebrew/Cellar/fontconfig/2.17.1/include -I/opt/homebrew/opt/freetype/include/freetype2 -I/opt/homebrew/Cellar/libxext/1.3.7/include -I/opt/homebrew/Cellar/xorgproto/2025.1/include -I/opt/homebrew/Cellar/libxrender/0.9.12/include -I/opt/homebrew/Cellar/libx11/1.8.13/include -I/opt/homebrew/Cellar/libxcb/1.17.0/include -I/opt/homebrew/Cellar/libxau/1.0.12/include -I/opt/homebrew/Cellar/libxdmcp/1.1.5/include -I/opt/homebrew/Cellar/pixman/0.46.4/include/pixman-1 -I/opt/homebrew/include/gdk-pixbuf-2.0 -I/opt/homebrew/opt/libpng/include/libpng16 -I/opt/homebrew/opt/libtiff/include -I/opt/homebrew/opt/zstd/include -I/opt/homebrew/Cellar/xz/5.8.3/include -I/opt/homebrew/opt/jpeg-turbo/include -I/opt/homebrew/Cellar/at-spi2-core/2.60.4/include/atk-1.0 -I/opt/homebrew/Cellar/libepoxy/1.5.10/include -I/opt/homebrew/Cellar/fribidi/1.0.16/include/fribidi -I/opt/homebrew/Cellar/glib/2.88.1/include/gio-unix-2.0 -I/opt/homebrew/Cellar/glib/2.88.1/include -I/Library/Developer/CommandLineTools/SDKs/MacOSX26.sdk/usr/include/ffi -I/opt/homebrew/Cellar/glib/2.88.1/include/glib-2.0 -I/opt/homebrew/Cellar/glib/2.88.1/lib/glib-2.0/include -I/opt/homebrew/opt/gettext/include -I/opt/homebrew/Cellar/pcre2/10.47_1/include -L/opt/homebrew/Cellar/gtk-mac-integration/3.0.2/lib -lgtkmacintegration-gtk3 -L/opt/homebrew/Cellar/gtk+3/3.24.52/lib -lgtk-3 -lgdk-3 -Wl,-framework,Cocoa -Wl,-framework,Carbon -Wl,-framework,CoreGraphics -L/opt/homebrew/Cellar/pango/1.57.1/lib -lpangocairo-1.0 -lpango-1.0 -L/opt/homebrew/Cellar/harfbuzz/14.2.0/lib -lharfbuzz -L/opt/homebrew/Cellar/cairo/1.18.4/lib -lcairo-gobject -lcairo -L/opt/homebrew/lib -lgdk_pixbuf-2.0 -L/opt/homebrew/Cellar/at-spi2-core/2.60.4/lib -latk-1.0 -L/opt/homebrew/Cellar/glib/2.88.1/lib -lgio-2.0 -lgobject-2.0 -lglib-2.0 -L/opt/homebrew/opt/gettext/lib -lintl conftest.c  >&5
configure:22125: $? = 0
configure:22125: result: yes
configure:22131: checking for putenv
configure:22131: gcc -std=gnu23 -o conftest -I/opt/homebrew/include -I/opt/homebrew/Cellar/gtk-mac-integration/3.0.2/include/gtkmacintegration -DMAC_INTEGRATION -I/opt/homebrew/Cellar/gtk+3/3.24.52/include/gtk-3.0 -I/opt/homebrew/Cellar/pango/1.57.1/include/pango-1.0 -I/opt/homebrew/Cellar/libthai/0.1.30/include -I/opt/homebrew/Cellar/libdatrie/0.2.14/include -I/opt/homebrew/Cellar/harfbuzz/14.2.0/include/harfbuzz -I/opt/homebrew/opt/graphite2/include -I/opt/homebrew/Cellar/cairo/1.18.4/include -I/opt/homebrew/Cellar/cairo/1.18.4/include/cairo -I/opt/homebrew/Cellar/fontconfig/2.17.1/include -I/opt/homebrew/opt/freetype/include/freetype2 -I/opt/homebrew/Cellar/libxext/1.3.7/include -I/opt/homebrew/Cellar/xorgproto/2025.1/include -I/opt/homebrew/Cellar/libxrender/0.9.12/include -I/opt/homebrew/Cellar/libx11/1.8.13/include -I/opt/homebrew/Cellar/libxcb/1.17.0/include -I/opt/homebrew/Cellar/libxau/1.0.12/include -I/opt/homebrew/Cellar/libxdmcp/1.1.5/include -I/opt/homebrew/Cellar/pixman/0.46.4/include/pixman-1 -I/opt/homebrew/include/gdk-pixbuf-2.0 -I/opt/homebrew/opt/libpng/include/libpng16 -I/opt/homebrew/opt/libtiff/include -I/opt/homebrew/opt/zstd/include -I/opt/homebrew/Cellar/xz/5.8.3/include -I/opt/homebrew/opt/jpeg-turbo/include -I/opt/homebrew/Cellar/at-spi2-core/2.60.4/include/atk-1.0 -I/opt/homebrew/Cellar/libepoxy/1.5.10/include -I/opt/homebrew/Cellar/fribidi/1.0.16/include/fribidi -I/opt/homebrew/Cellar/glib/2.88.1/include/gio-unix-2.0 -I/opt/homebrew/Cellar/glib/2.88.1/include -I/Library/Developer/CommandLineTools/SDKs/MacOSX26.sdk/usr/include/ffi -I/opt/homebrew/Cellar/glib/2.88.1/include/glib-2.0 -I/opt/homebrew/Cellar/glib/2.88.1/lib/glib-2.0/include -I/opt/homebrew/opt/gettext/include -I/opt/homebrew/Cellar/pcre2/10.47_1/include -L/opt/homebrew/Cellar/gtk-mac-integration/3.0.2/lib -lgtkmacintegration-gtk3 -L/opt/homebrew/Cellar/gtk+3/3.24.52/lib -lgtk-3 -lgdk-3 -Wl,-framework,Cocoa -Wl,-framework,Carbon -Wl,-framework,CoreGraphics -L/opt/homebrew/Cellar/pango/1.57.1/lib -lpangocairo-1.0 -lpango-1.0 -L/opt/homebrew/Cellar/harfbuzz/14.2.0/lib -lharfbuzz -L/opt/homebrew/Cellar/cairo/1.18.4/lib -lcairo-gobject -lcairo -L/opt/homebrew/lib -lgdk_pixbuf-2.0 -L/opt/homebrew/Cellar/at-spi2-core/2.60.4/lib -latk-1.0 -L/opt/homebrew/Cellar/glib/2.88.1/lib -lgio-2.0 -lgobject-2.0 -lglib-2.0 -L/opt/homebrew/opt/gettext/lib -lintl conftest.c  >&5
configure:22131: $? = 0
configure:22131: result: yes
configure:22137: checking for setenv
configure:22137: gcc -std=gnu23 -o conftest -I/opt/homebrew/include -I/opt/homebrew/Cellar/gtk-mac-integration/3.0.2/include/gtkmacintegration -DMAC_INTEGRATION -I/opt/homebrew/Cellar/gtk+3/3.24.52/include/gtk-3.0 -I/opt/homebrew/Cellar/pango/1.57.1/include/pango-1.0 -I/opt/homebrew/Cellar/libthai/0.1.30/include -I/opt/homebrew/Cellar/libdatrie/0.2.14/include -I/opt/homebrew/Cellar/harfbuzz/14.2.0/include/harfbuzz -I/opt/homebrew/opt/graphite2/include -I/opt/homebrew/Cellar/cairo/1.18.4/include -I/opt/homebrew/Cellar/cairo/1.18.4/include/cairo -I/opt/homebrew/Cellar/fontconfig/2.17.1/include -I/opt/homebrew/opt/freetype/include/freetype2 -I/opt/homebrew/Cellar/libxext/1.3.7/include -I/opt/homebrew/Cellar/xorgproto/2025.1/include -I/opt/homebrew/Cellar/libxrender/0.9.12/include -I/opt/homebrew/Cellar/libx11/1.8.13/include -I/opt/homebrew/Cellar/libxcb/1.17.0/include -I/opt/homebrew/Cellar/libxau/1.0.12/include -I/opt/homebrew/Cellar/libxdmcp/1.1.5/include -I/opt/homebrew/Cellar/pixman/0.46.4/include/pixman-1 -I/opt/homebrew/include/gdk-pixbuf-2.0 -I/opt/homebrew/opt/libpng/include/libpng16 -I/opt/homebrew/opt/libtiff/include -I/opt/homebrew/opt/zstd/include -I/opt/homebrew/Cellar/xz/5.8.3/include -I/opt/homebrew/opt/jpeg-turbo/include -I/opt/homebrew/Cellar/at-spi2-core/2.60.4/include/atk-1.0 -I/opt/homebrew/Cellar/libepoxy/1.5.10/include -I/opt/homebrew/Cellar/fribidi/1.0.16/include/fribidi -I/opt/homebrew/Cellar/glib/2.88.1/include/gio-unix-2.0 -I/opt/homebrew/Cellar/glib/2.88.1/include -I/Library/Developer/CommandLineTools/SDKs/MacOSX26.sdk/usr/include/ffi -I/opt/homebrew/Cellar/glib/2.88.1/include/glib-2.0 -I/opt/homebrew/Cellar/glib/2.88.1/lib/glib-2.0/include -I/opt/homebrew/opt/gettext/include -I/opt/homebrew/Cellar/pcre2/10.47_1/include -L/opt/homebrew/Cellar/gtk-mac-integration/3.0.2/lib -lgtkmacintegration-gtk3 -L/opt/homebrew/Cellar/gtk+3/3.24.52/lib -lgtk-3 -lgdk-3 -Wl,-framework,Cocoa -Wl,-framework,Carbon -Wl,-framework,CoreGraphics -L/opt/homebrew/Cellar/pango/1.57.1/lib -lpangocairo-1.0 -lpango-1.0 -L/opt/homebrew/Cellar/harfbuzz/14.2.0/lib -lharfbuzz -L/opt/homebrew/Cellar/cairo/1.18.4/lib -lcairo-gobject -lcairo -L/opt/homebrew/lib -lgdk_pixbuf-2.0 -L/opt/homebrew/Cellar/at-spi2-core/2.60.4/lib -latk-1.0 -L/opt/homebrew/Cellar/glib/2.88.1/lib -lgio-2.0 -lgobject-2.0 -lglib-2.0 -L/opt/homebrew/opt/gettext/lib -lintl conftest.c  >&5
configure:22137: $? = 0
configure:22137: result: yes
configure:22143: checking for setlocale
configure:22143: result: yes
configure:22149: checking for snprintf
configure:22149: gcc -std=gnu23 -o conftest -I/opt/homebrew/include -I/opt/homebrew/Cellar/gtk-mac-integration/3.0.2/include/gtkmacintegration -DMAC_INTEGRATION -I/opt/homebrew/Cellar/gtk+3/3.24.52/include/gtk-3.0 -I/opt/homebrew/Cellar/pango/1.57.1/include/pango-1.0 -I/opt/homebrew/Cellar/libthai/0.1.30/include -I/opt/homebrew/Cellar/libdatrie/0.2.14/include -I/opt/homebrew/Cellar/harfbuzz/14.2.0/include/harfbuzz -I/opt/homebrew/opt/graphite2/include -I/opt/homebrew/Cellar/cairo/1.18.4/include -I/opt/homebrew/Cellar/cairo/1.18.4/include/cairo -I/opt/homebrew/Cellar/fontconfig/2.17.1/include -I/opt/homebrew/opt/freetype/include/freetype2 -I/opt/homebrew/Cellar/libxext/1.3.7/include -I/opt/homebrew/Cellar/xorgproto/2025.1/include -I/opt/homebrew/Cellar/libxrender/0.9.12/include -I/opt/homebrew/Cellar/libx11/1.8.13/include -I/opt/homebrew/Cellar/libxcb/1.17.0/include -I/opt/homebrew/Cellar/libxau/1.0.12/include -I/opt/homebrew/Cellar/libxdmcp/1.1.5/include -I/opt/homebrew/Cellar/pixman/0.46.4/include/pixman-1 -I/opt/homebrew/include/gdk-pixbuf-2.0 -I/opt/homebrew/opt/libpng/include/libpng16 -I/opt/homebrew/opt/libtiff/include -I/opt/homebrew/opt/zstd/include -I/opt/homebrew/Cellar/xz/5.8.3/include -I/opt/homebrew/opt/jpeg-turbo/include -I/opt/homebrew/Cellar/at-spi2-core/2.60.4/include/atk-1.0 -I/opt/homebrew/Cellar/libepoxy/1.5.10/include -I/opt/homebrew/Cellar/fribidi/1.0.16/include/fribidi -I/opt/homebrew/Cellar/glib/2.88.1/include/gio-unix-2.0 -I/opt/homebrew/Cellar/glib/2.88.1/include -I/Library/Developer/CommandLineTools/SDKs/MacOSX26.sdk/usr/include/ffi -I/opt/homebrew/Cellar/glib/2.88.1/include/glib-2.0 -I/opt/homebrew/Cellar/glib/2.88.1/lib/glib-2.0/include -I/opt/homebrew/opt/gettext/include -I/opt/homebrew/Cellar/pcre2/10.47_1/include -L/opt/homebrew/Cellar/gtk-mac-integration/3.0.2/lib -lgtkmacintegration-gtk3 -L/opt/homebrew/Cellar/gtk+3/3.24.52/lib -lgtk-3 -lgdk-3 -Wl,-framework,Cocoa -Wl,-framework,Carbon -Wl,-framework,CoreGraphics -L/opt/homebrew/Cellar/pango/1.57.1/lib -lpangocairo-1.0 -lpango-1.0 -L/opt/homebrew/Cellar/harfbuzz/14.2.0/lib -lharfbuzz -L/opt/homebrew/Cellar/cairo/1.18.4/lib -lcairo-gobject -lcairo -L/opt/homebrew/lib -lgdk_pixbuf-2.0 -L/opt/homebrew/Cellar/at-spi2-core/2.60.4/lib -latk-1.0 -L/opt/homebrew/Cellar/glib/2.88.1/lib -lgio-2.0 -lgobject-2.0 -lglib-2.0 -L/opt/homebrew/opt/gettext/lib -lintl conftest.c  >&5
conftest.c:172:6: warning: incompatible redeclaration of library function 'snprintf' [-Wincompatible-library-redeclaration]
  172 | char snprintf (void);
      |      ^
conftest.c:172:6: note: 'snprintf' is a builtin with type 'int (char *restrict, unsigned long, const char *restrict, ...)'
1 warning generated.
configure:22149: $? = 0
configure:22149: result: yes
configure:22155: checking for strnlen
configure:22155: gcc -std=gnu23 -o conftest -I/opt/homebrew/include -I/opt/homebrew/Cellar/gtk-mac-integration/3.0.2/include/gtkmacintegration -DMAC_INTEGRATION -I/opt/homebrew/Cellar/gtk+3/3.24.52/include/gtk-3.0 -I/opt/homebrew/Cellar/pango/1.57.1/include/pango-1.0 -I/opt/homebrew/Cellar/libthai/0.1.30/include -I/opt/homebrew/Cellar/libdatrie/0.2.14/include -I/opt/homebrew/Cellar/harfbuzz/14.2.0/include/harfbuzz -I/opt/homebrew/opt/graphite2/include -I/opt/homebrew/Cellar/cairo/1.18.4/include -I/opt/homebrew/Cellar/cairo/1.18.4/include/cairo -I/opt/homebrew/Cellar/fontconfig/2.17.1/include -I/opt/homebrew/opt/freetype/include/freetype2 -I/opt/homebrew/Cellar/libxext/1.3.7/include -I/opt/homebrew/Cellar/xorgproto/2025.1/include -I/opt/homebrew/Cellar/libxrender/0.9.12/include -I/opt/homebrew/Cellar/libx11/1.8.13/include -I/opt/homebrew/Cellar/libxcb/1.17.0/include -I/opt/homebrew/Cellar/libxau/1.0.12/include -I/opt/homebrew/Cellar/libxdmcp/1.1.5/include -I/opt/homebrew/Cellar/pixman/0.46.4/include/pixman-1 -I/opt/homebrew/include/gdk-pixbuf-2.0 -I/opt/homebrew/opt/libpng/include/libpng16 -I/opt/homebrew/opt/libtiff/include -I/opt/homebrew/opt/zstd/include -I/opt/homebrew/Cellar/xz/5.8.3/include -I/opt/homebrew/opt/jpeg-turbo/include -I/opt/homebrew/Cellar/at-spi2-core/2.60.4/include/atk-1.0 -I/opt/homebrew/Cellar/libepoxy/1.5.10/include -I/opt/homebrew/Cellar/fribidi/1.0.16/include/fribidi -I/opt/homebrew/Cellar/glib/2.88.1/include/gio-unix-2.0 -I/opt/homebrew/Cellar/glib/2.88.1/include -I/Library/Developer/CommandLineTools/SDKs/MacOSX26.sdk/usr/include/ffi -I/opt/homebrew/Cellar/glib/2.88.1/include/glib-2.0 -I/opt/homebrew/Cellar/glib/2.88.1/lib/glib-2.0/include -I/opt/homebrew/opt/gettext/include -I/opt/homebrew/Cellar/pcre2/10.47_1/include -L/opt/homebrew/Cellar/gtk-mac-integration/3.0.2/lib -lgtkmacintegration-gtk3 -L/opt/homebrew/Cellar/gtk+3/3.24.52/lib -lgtk-3 -lgdk-3 -Wl,-framework,Cocoa -Wl,-framework,Carbon -Wl,-framework,CoreGraphics -L/opt/homebrew/Cellar/pango/1.57.1/lib -lpangocairo-1.0 -lpango-1.0 -L/opt/homebrew/Cellar/harfbuzz/14.2.0/lib -lharfbuzz -L/opt/homebrew/Cellar/cairo/1.18.4/lib -lcairo-gobject -lcairo -L/opt/homebrew/lib -lgdk_pixbuf-2.0 -L/opt/homebrew/Cellar/at-spi2-core/2.60.4/lib -latk-1.0 -L/opt/homebrew/Cellar/glib/2.88.1/lib -lgio-2.0 -lgobject-2.0 -lglib-2.0 -L/opt/homebrew/opt/gettext/lib -lintl conftest.c  >&5
configure:22155: $? = 0
configure:22155: result: yes
configure:22161: checking for wcslen
configure:22161: gcc -std=gnu23 -o conftest -I/opt/homebrew/include -I/opt/homebrew/Cellar/gtk-mac-integration/3.0.2/include/gtkmacintegration -DMAC_INTEGRATION -I/opt/homebrew/Cellar/gtk+3/3.24.52/include/gtk-3.0 -I/opt/homebrew/Cellar/pango/1.57.1/include/pango-1.0 -I/opt/homebrew/Cellar/libthai/0.1.30/include -I/opt/homebrew/Cellar/libdatrie/0.2.14/include -I/opt/homebrew/Cellar/harfbuzz/14.2.0/include/harfbuzz -I/opt/homebrew/opt/graphite2/include -I/opt/homebrew/Cellar/cairo/1.18.4/include -I/opt/homebrew/Cellar/cairo/1.18.4/include/cairo -I/opt/homebrew/Cellar/fontconfig/2.17.1/include -I/opt/homebrew/opt/freetype/include/freetype2 -I/opt/homebrew/Cellar/libxext/1.3.7/include -I/opt/homebrew/Cellar/xorgproto/2025.1/include -I/opt/homebrew/Cellar/libxrender/0.9.12/include -I/opt/homebrew/Cellar/libx11/1.8.13/include -I/opt/homebrew/Cellar/libxcb/1.17.0/include -I/opt/homebrew/Cellar/libxau/1.0.12/include -I/opt/homebrew/Cellar/libxdmcp/1.1.5/include -I/opt/homebrew/Cellar/pixman/0.46.4/include/pixman-1 -I/opt/homebrew/include/gdk-pixbuf-2.0 -I/opt/homebrew/opt/libpng/include/libpng16 -I/opt/homebrew/opt/libtiff/include -I/opt/homebrew/opt/zstd/include -I/opt/homebrew/Cellar/xz/5.8.3/include -I/opt/homebrew/opt/jpeg-turbo/include -I/opt/homebrew/Cellar/at-spi2-core/2.60.4/include/atk-1.0 -I/opt/homebrew/Cellar/libepoxy/1.5.10/include -I/opt/homebrew/Cellar/fribidi/1.0.16/include/fribidi -I/opt/homebrew/Cellar/glib/2.88.1/include/gio-unix-2.0 -I/opt/homebrew/Cellar/glib/2.88.1/include -I/Library/Developer/CommandLineTools/SDKs/MacOSX26.sdk/usr/include/ffi -I/opt/homebrew/Cellar/glib/2.88.1/include/glib-2.0 -I/opt/homebrew/Cellar/glib/2.88.1/lib/glib-2.0/include -I/opt/homebrew/opt/gettext/include -I/opt/homebrew/Cellar/pcre2/10.47_1/include -L/opt/homebrew/Cellar/gtk-mac-integration/3.0.2/lib -lgtkmacintegration-gtk3 -L/opt/homebrew/Cellar/gtk+3/3.24.52/lib -lgtk-3 -lgdk-3 -Wl,-framework,Cocoa -Wl,-framework,Carbon -Wl,-framework,CoreGraphics -L/opt/homebrew/Cellar/pango/1.57.1/lib -lpangocairo-1.0 -lpango-1.0 -L/opt/homebrew/Cellar/harfbuzz/14.2.0/lib -lharfbuzz -L/opt/homebrew/Cellar/cairo/1.18.4/lib -lcairo-gobject -lcairo -L/opt/homebrew/lib -lgdk_pixbuf-2.0 -L/opt/homebrew/Cellar/at-spi2-core/2.60.4/lib -latk-1.0 -L/opt/homebrew/Cellar/glib/2.88.1/lib -lgio-2.0 -lgobject-2.0 -lglib-2.0 -L/opt/homebrew/opt/gettext/lib -lintl conftest.c  >&5
conftest.c:174:6: warning: incompatible redeclaration of library function 'wcslen' [-Wincompatible-library-redeclaration]
  174 | char wcslen (void);
      |      ^
conftest.c:174:6: note: 'wcslen' is a builtin with type 'unsigned long (const int *)'
1 warning generated.
configure:22161: $? = 0
configure:22161: result: yes
configure:22167: checking for wcsnlen
configure:22167: gcc -std=gnu23 -o conftest -I/opt/homebrew/include -I/opt/homebrew/Cellar/gtk-mac-integration/3.0.2/include/gtkmacintegration -DMAC_INTEGRATION -I/opt/homebrew/Cellar/gtk+3/3.24.52/include/gtk-3.0 -I/opt/homebrew/Cellar/pango/1.57.1/include/pango-1.0 -I/opt/homebrew/Cellar/libthai/0.1.30/include -I/opt/homebrew/Cellar/libdatrie/0.2.14/include -I/opt/homebrew/Cellar/harfbuzz/14.2.0/include/harfbuzz -I/opt/homebrew/opt/graphite2/include -I/opt/homebrew/Cellar/cairo/1.18.4/include -I/opt/homebrew/Cellar/cairo/1.18.4/include/cairo -I/opt/homebrew/Cellar/fontconfig/2.17.1/include -I/opt/homebrew/opt/freetype/include/freetype2 -I/opt/homebrew/Cellar/libxext/1.3.7/include -I/opt/homebrew/Cellar/xorgproto/2025.1/include -I/opt/homebrew/Cellar/libxrender/0.9.12/include -I/opt/homebrew/Cellar/libx11/1.8.13/include -I/opt/homebrew/Cellar/libxcb/1.17.0/include -I/opt/homebrew/Cellar/libxau/1.0.12/include -I/opt/homebrew/Cellar/libxdmcp/1.1.5/include -I/opt/homebrew/Cellar/pixman/0.46.4/include/pixman-1 -I/opt/homebrew/include/gdk-pixbuf-2.0 -I/opt/homebrew/opt/libpng/include/libpng16 -I/opt/homebrew/opt/libtiff/include -I/opt/homebrew/opt/zstd/include -I/opt/homebrew/Cellar/xz/5.8.3/include -I/opt/homebrew/opt/jpeg-turbo/include -I/opt/homebrew/Cellar/at-spi2-core/2.60.4/include/atk-1.0 -I/opt/homebrew/Cellar/libepoxy/1.5.10/include -I/opt/homebrew/Cellar/fribidi/1.0.16/include/fribidi -I/opt/homebrew/Cellar/glib/2.88.1/include/gio-unix-2.0 -I/opt/homebrew/Cellar/glib/2.88.1/include -I/Library/Developer/CommandLineTools/SDKs/MacOSX26.sdk/usr/include/ffi -I/opt/homebrew/Cellar/glib/2.88.1/include/glib-2.0 -I/opt/homebrew/Cellar/glib/2.88.1/lib/glib-2.0/include -I/opt/homebrew/opt/gettext/include -I/opt/homebrew/Cellar/pcre2/10.47_1/include -L/opt/homebrew/Cellar/gtk-mac-integration/3.0.2/lib -lgtkmacintegration-gtk3 -L/opt/homebrew/Cellar/gtk+3/3.24.52/lib -lgtk-3 -lgdk-3 -Wl,-framework,Cocoa -Wl,-framework,Carbon -Wl,-framework,CoreGraphics -L/opt/homebrew/Cellar/pango/1.57.1/lib -lpangocairo-1.0 -lpango-1.0 -L/opt/homebrew/Cellar/harfbuzz/14.2.0/lib -lharfbuzz -L/opt/homebrew/Cellar/cairo/1.18.4/lib -lcairo-gobject -lcairo -L/opt/homebrew/lib -lgdk_pixbuf-2.0 -L/opt/homebrew/Cellar/at-spi2-core/2.60.4/lib -latk-1.0 -L/opt/homebrew/Cellar/glib/2.88.1/lib -lgio-2.0 -lgobject-2.0 -lglib-2.0 -L/opt/homebrew/opt/gettext/lib -lintl conftest.c  >&5
configure:22167: $? = 0
configure:22167: result: yes
configure:22173: checking for mbrtowc
configure:22173: gcc -std=gnu23 -o conftest -I/opt/homebrew/include -I/opt/homebrew/Cellar/gtk-mac-integration/3.0.2/include/gtkmacintegration -DMAC_INTEGRATION -I/opt/homebrew/Cellar/gtk+3/3.24.52/include/gtk-3.0 -I/opt/homebrew/Cellar/pango/1.57.1/include/pango-1.0 -I/opt/homebrew/Cellar/libthai/0.1.30/include -I/opt/homebrew/Cellar/libdatrie/0.2.14/include -I/opt/homebrew/Cellar/harfbuzz/14.2.0/include/harfbuzz -I/opt/homebrew/opt/graphite2/include -I/opt/homebrew/Cellar/cairo/1.18.4/include -I/opt/homebrew/Cellar/cairo/1.18.4/include/cairo -I/opt/homebrew/Cellar/fontconfig/2.17.1/include -I/opt/homebrew/opt/freetype/include/freetype2 -I/opt/homebrew/Cellar/libxext/1.3.7/include -I/opt/homebrew/Cellar/xorgproto/2025.1/include -I/opt/homebrew/Cellar/libxrender/0.9.12/include -I/opt/homebrew/Cellar/libx11/1.8.13/include -I/opt/homebrew/Cellar/libxcb/1.17.0/include -I/opt/homebrew/Cellar/libxau/1.0.12/include -I/opt/homebrew/Cellar/libxdmcp/1.1.5/include -I/opt/homebrew/Cellar/pixman/0.46.4/include/pixman-1 -I/opt/homebrew/include/gdk-pixbuf-2.0 -I/opt/homebrew/opt/libpng/include/libpng16 -I/opt/homebrew/opt/libtiff/include -I/opt/homebrew/opt/zstd/include -I/opt/homebrew/Cellar/xz/5.8.3/include -I/opt/homebrew/opt/jpeg-turbo/include -I/opt/homebrew/Cellar/at-spi2-core/2.60.4/include/atk-1.0 -I/opt/homebrew/Cellar/libepoxy/1.5.10/include -I/opt/homebrew/Cellar/fribidi/1.0.16/include/fribidi -I/opt/homebrew/Cellar/glib/2.88.1/include/gio-unix-2.0 -I/opt/homebrew/Cellar/glib/2.88.1/include -I/Library/Developer/CommandLineTools/SDKs/MacOSX26.sdk/usr/include/ffi -I/opt/homebrew/Cellar/glib/2.88.1/include/glib-2.0 -I/opt/homebrew/Cellar/glib/2.88.1/lib/glib-2.0/include -I/opt/homebrew/opt/gettext/include -I/opt/homebrew/Cellar/pcre2/10.47_1/include -L/opt/homebrew/Cellar/gtk-mac-integration/3.0.2/lib -lgtkmacintegration-gtk3 -L/opt/homebrew/Cellar/gtk+3/3.24.52/lib -lgtk-3 -lgdk-3 -Wl,-framework,Cocoa -Wl,-framework,Carbon -Wl,-framework,CoreGraphics -L/opt/homebrew/Cellar/pango/1.57.1/lib -lpangocairo-1.0 -lpango-1.0 -L/opt/homebrew/Cellar/harfbuzz/14.2.0/lib -lharfbuzz -L/opt/homebrew/Cellar/cairo/1.18.4/lib -lcairo-gobject -lcairo -L/opt/homebrew/lib -lgdk_pixbuf-2.0 -L/opt/homebrew/Cellar/at-spi2-core/2.60.4/lib -latk-1.0 -L/opt/homebrew/Cellar/glib/2.88.1/lib -lgio-2.0 -lgobject-2.0 -lglib-2.0 -L/opt/homebrew/opt/gettext/lib -lintl conftest.c  >&5
configure:22173: $? = 0
configure:22173: result: yes
configure:22179: checking for wcrtomb
configure:22179: gcc -std=gnu23 -o conftest -I/opt/homebrew/include -I/opt/homebrew/Cellar/gtk-mac-integration/3.0.2/include/gtkmacintegration -DMAC_INTEGRATION -I/opt/homebrew/Cellar/gtk+3/3.24.52/include/gtk-3.0 -I/opt/homebrew/Cellar/pango/1.57.1/include/pango-1.0 -I/opt/homebrew/Cellar/libthai/0.1.30/include -I/opt/homebrew/Cellar/libdatrie/0.2.14/include -I/opt/homebrew/Cellar/harfbuzz/14.2.0/include/harfbuzz -I/opt/homebrew/opt/graphite2/include -I/opt/homebrew/Cellar/cairo/1.18.4/include -I/opt/homebrew/Cellar/cairo/1.18.4/include/cairo -I/opt/homebrew/Cellar/fontconfig/2.17.1/include -I/opt/homebrew/opt/freetype/include/freetype2 -I/opt/homebrew/Cellar/libxext/1.3.7/include -I/opt/homebrew/Cellar/xorgproto/2025.1/include -I/opt/homebrew/Cellar/libxrender/0.9.12/include -I/opt/homebrew/Cellar/libx11/1.8.13/include -I/opt/homebrew/Cellar/libxcb/1.17.0/include -I/opt/homebrew/Cellar/libxau/1.0.12/include -I/opt/homebrew/Cellar/libxdmcp/1.1.5/include -I/opt/homebrew/Cellar/pixman/0.46.4/include/pixman-1 -I/opt/homebrew/include/gdk-pixbuf-2.0 -I/opt/homebrew/opt/libpng/include/libpng16 -I/opt/homebrew/opt/libtiff/include -I/opt/homebrew/opt/zstd/include -I/opt/homebrew/Cellar/xz/5.8.3/include -I/opt/homebrew/opt/jpeg-turbo/include -I/opt/homebrew/Cellar/at-spi2-core/2.60.4/include/atk-1.0 -I/opt/homebrew/Cellar/libepoxy/1.5.10/include -I/opt/homebrew/Cellar/fribidi/1.0.16/include/fribidi -I/opt/homebrew/Cellar/glib/2.88.1/include/gio-unix-2.0 -I/opt/homebrew/Cellar/glib/2.88.1/include -I/Library/Developer/CommandLineTools/SDKs/MacOSX26.sdk/usr/include/ffi -I/opt/homebrew/Cellar/glib/2.88.1/include/glib-2.0 -I/opt/homebrew/Cellar/glib/2.88.1/lib/glib-2.0/include -I/opt/homebrew/opt/gettext/include -I/opt/homebrew/Cellar/pcre2/10.47_1/include -L/opt/homebrew/Cellar/gtk-mac-integration/3.0.2/lib -lgtkmacintegration-gtk3 -L/opt/homebrew/Cellar/gtk+3/3.24.52/lib -lgtk-3 -lgdk-3 -Wl,-framework,Cocoa -Wl,-framework,Carbon -Wl,-framework,CoreGraphics -L/opt/homebrew/Cellar/pango/1.57.1/lib -lpangocairo-1.0 -lpango-1.0 -L/opt/homebrew/Cellar/harfbuzz/14.2.0/lib -lharfbuzz -L/opt/homebrew/Cellar/cairo/1.18.4/lib -lcairo-gobject -lcairo -L/opt/homebrew/lib -lgdk_pixbuf-2.0 -L/opt/homebrew/Cellar/at-spi2-core/2.60.4/lib -latk-1.0 -L/opt/homebrew/Cellar/glib/2.88.1/lib -lgio-2.0 -lgobject-2.0 -lglib-2.0 -L/opt/homebrew/opt/gettext/lib -lintl conftest.c  >&5
configure:22179: $? = 0
configure:22179: result: yes
configure:22187: checking whether _snprintf is declared
configure:22187: gcc -std=gnu23 -c -I/opt/homebrew/include -Werror=unguarded-availability-new -I/opt/homebrew/Cellar/gtk-mac-integration/3.0.2/include/gtkmacintegration -DMAC_INTEGRATION -I/opt/homebrew/Cellar/gtk+3/3.24.52/include/gtk-3.0 -I/opt/homebrew/Cellar/pango/1.57.1/include/pango-1.0 -I/opt/homebrew/Cellar/libthai/0.1.30/include -I/opt/homebrew/Cellar/libdatrie/0.2.14/include -I/opt/homebrew/Cellar/harfbuzz/14.2.0/include/harfbuzz -I/opt/homebrew/opt/graphite2/include -I/opt/homebrew/Cellar/cairo/1.18.4/include -I/opt/homebrew/Cellar/cairo/1.18.4/include/cairo -I/opt/homebrew/Cellar/fontconfig/2.17.1/include -I/opt/homebrew/opt/freetype/include/freetype2 -I/opt/homebrew/Cellar/libxext/1.3.7/include -I/opt/homebrew/Cellar/xorgproto/2025.1/include -I/opt/homebrew/Cellar/libxrender/0.9.12/include -I/opt/homebrew/Cellar/libx11/1.8.13/include -I/opt/homebrew/Cellar/libxcb/1.17.0/include -I/opt/homebrew/Cellar/libxau/1.0.12/include -I/opt/homebrew/Cellar/libxdmcp/1.1.5/include -I/opt/homebrew/Cellar/pixman/0.46.4/include/pixman-1 -I/opt/homebrew/include/gdk-pixbuf-2.0 -I/opt/homebrew/opt/libpng/include/libpng16 -I/opt/homebrew/opt/libtiff/include -I/opt/homebrew/opt/zstd/include -I/opt/homebrew/Cellar/xz/5.8.3/include -I/opt/homebrew/opt/jpeg-turbo/include -I/opt/homebrew/Cellar/at-spi2-core/2.60.4/include/atk-1.0 -I/opt/homebrew/Cellar/libepoxy/1.5.10/include -I/opt/homebrew/Cellar/fribidi/1.0.16/include/fribidi -I/opt/homebrew/Cellar/glib/2.88.1/include/gio-unix-2.0 -I/opt/homebrew/Cellar/glib/2.88.1/include -I/Library/Developer/CommandLineTools/SDKs/MacOSX26.sdk/usr/include/ffi -I/opt/homebrew/Cellar/glib/2.88.1/include/glib-2.0 -I/opt/homebrew/Cellar/glib/2.88.1/lib/glib-2.0/include -I/opt/homebrew/opt/gettext/include -I/opt/homebrew/Cellar/pcre2/10.47_1/include conftest.c >&5
conftest.c:171:10: error: use of undeclared identifier '_snprintf'
  171 |   (void) _snprintf;
      |          ^
1 error generated.
configure:22187: $? = 1
configure: failed program was:
| /* confdefs.h */
| #define PACKAGE_NAME ""
| #define PACKAGE_TARNAME ""
| #define PACKAGE_VERSION ""
| #define PACKAGE_STRING ""
| #define PACKAGE_BUGREPORT ""
| #define PACKAGE_URL ""
| #define YYTEXT_POINTER 1
| #define HAVE_STDIO_H 1
| #define HAVE_STDLIB_H 1
| #define HAVE_STRING_H 1
| #define HAVE_INTTYPES_H 1
| #define HAVE_STDINT_H 1
| #define HAVE_STRINGS_H 1
| #define HAVE_SYS_STAT_H 1
| #define HAVE_SYS_TYPES_H 1
| #define HAVE_UNISTD_H 1
| #define HAVE_SYS_PARAM_H 1
| #define HAVE_WCHAR_H 1
| #define STDC_HEADERS 1
| #define HAVE_DLFCN_H 1
| #define LT_OBJDIR ".libs/"
| #define HAVE_ALLOCA_H 1
| #define HAVE_ALLOCA 1
| #define HAVE_DIRENT_H 1
| #define HAVE_SYS_WAIT_H 1
| #define HAVE_FCNTL_H 1
| #define HAVE_INTTYPES_H 1
| #define HAVE_LANGINFO_H 1
| #define HAVE_LIBINTL_H 1
| #define HAVE_LIMITS_H 1
| #define HAVE_LOCALE_H 1
| #define HAVE_NETDB_H 1
| #define HAVE_NETINET_IN_H 1
| #define HAVE_STDDEF_H 1
| #define HAVE_STDINT_H 1
| #define HAVE_STDLIB_H 1
| #define HAVE_STRING_H 1
| #define HAVE_STRINGS_H 1
| #define HAVE_SYS_PARAM_H 1
| #define HAVE_SYS_SOCKET_H 1
| #define HAVE_SYS_UTSNAME_H 1
| #define HAVE_UNISTD_H 1
| #define HAVE__BOOL 1
| #define HAVE_STDBOOL_H 1
| #define HAVE_FORK 1
| #define HAVE_VFORK 1
| #define HAVE_GETPAGESIZE 1
| #define HAVE_SYMLINK 1
| #define HAVE_WORKING_VFORK 1
| #define HAVE_WORKING_FORK 1
| #define LSTAT_FOLLOWS_SLASHED_SYMLINK 1
| #define LSTAT_FOLLOWS_SLASHED_SYMLINK 1
| #define HAVE_MALLOC 1
| #define HAVE_MMAP 1
| #define HAVE_REALLOC 1
| #define RETSIGTYPE void
| #define HAVE_DUP2 1
| #define HAVE_GETCWD 1
| #define HAVE_GETHOSTBYNAME 1
| #define HAVE_MEMSET 1
| #define HAVE_MKDIR 1
| #define HAVE_MUNMAP 1
| #define HAVE_NL_LANGINFO 1
| #define HAVE_SETLOCALE 1
| #define HAVE_SOCKET 1
| #define HAVE_STPCPY 1
| #define HAVE_STRCASECMP 1
| #define HAVE_STRCHR 1
| #define HAVE_STRCSPN 1
| #define HAVE_STRDUP 1
| #define HAVE_STRRCHR 1
| #define HAVE_STRSTR 1
| #define HAVE_STRTOL 1
| #define HAVE_STRTOUL 1
| #define HAVE_ISASCII 1
| #define HAVE_MEMMOVE 1
| #define HAVE_STRNCASECMP 1
| #define USE_OSX /**/
| #define USE_BIFF /**/
| #define USE_SOCKMSG /**/
| #define USE_COMMON /**/
| #define USE_GTAR /**/
| #define USE_SSL /**/
| #define USE_GTK3 /**/
| #define HAVE_ICONV 1
| #define ICONV_CONST 
| #define HAVE_VISIBILITY 1
| #define HAVE_STDINT_H_WITH_UINTMAX 1
| #define INTDIV0_RAISES_SIGFPE 0
| #define HAVE_INTTYPES_H_WITH_UINTMAX 1
| #define HAVE_UNSIGNED_LONG_LONG_INT 1
| #define HAVE_UINTMAX_T 1
| #define HAVE_INTTYPES_H 1
| #define _ALL_SOURCE 1
| #define _COSMO_SOURCE 1
| #define _DARWIN_C_SOURCE 1
| #define _GNU_SOURCE 1
| #define _HPUX_ALT_XOPEN_SOCKET_API 1
| #define _NETBSD_SOURCE 1
| #define _OPENBSD_SOURCE 1
| #define _POSIX_PTHREAD_SEMANTICS 1
| #define __STDC_WANT_IEC_60559_ATTRIBS_EXT__ 1
| #define __STDC_WANT_IEC_60559_BFP_EXT__ 1
| #define __STDC_WANT_IEC_60559_DFP_EXT__ 1
| #define __STDC_WANT_IEC_60559_EXT__ 1
| #define __STDC_WANT_IEC_60559_FUNCS_EXT__ 1
| #define __STDC_WANT_IEC_60559_TYPES_EXT__ 1
| #define __STDC_WANT_LIB_EXT2__ 1
| #define __STDC_WANT_MATH_SPEC_FUNCS__ 1
| #define _TANDEM_SOURCE 1
| #define __EXTENSIONS__ 1
| #define USE_POSIX_THREADS 1
| #define HAVE_PTHREAD_RWLOCK 1
| #define HAVE_PTHREAD_MUTEX_RECURSIVE 1
| #define HAVE_BUILTIN_EXPECT 1
| #define HAVE_INTTYPES_H 1
| #define HAVE_LIMITS_H 1
| #define HAVE_UNISTD_H 1
| #define HAVE_SYS_PARAM_H 1
| #define HAVE_GETCWD 1
| #define HAVE_GETEGID 1
| #define HAVE_GETEUID 1
| #define HAVE_GETGID 1
| #define HAVE_GETUID 1
| #define HAVE_MUNMAP 1
| #define HAVE_STPCPY 1
| #define HAVE_STRCASECMP 1
| #define HAVE_STRDUP 1
| #define HAVE_STRTOUL 1
| #define HAVE_TSEARCH 1
| #define HAVE_USELOCALE 1
| #define HAVE_DECL_FEOF_UNLOCKED 1
| #define HAVE_DECL_FGETS_UNLOCKED 0
| #define HAVE_LONG_LONG_INT 1
| #define HAVE_WCHAR_T 1
| #define HAVE_WINT_T 1
| #define HAVE_INTMAX_T 1
| #define HAVE_POSIX_PRINTF 1
| #define HAVE_STDINT_H 1
| #define HAVE_STDINT_H 1
| #define HAVE_WORKING_O_NOATIME 1
| #define HAVE_WORKING_O_NOFOLLOW 1
| #define HAVE_CFPREFERENCESCOPYAPPVALUE 1
| #define HAVE_CFLOCALECOPYCURRENT 1
| #define HAVE_STDDEF_H 1
| #define HAVE_STDLIB_H 1
| #define HAVE_STRING_H 1
| #define HAVE_ASPRINTF 1
| #define HAVE_FWPRINTF 1
| #define HAVE_NEWLOCALE 1
| #define HAVE_PUTENV 1
| #define HAVE_SETENV 1
| #define HAVE_SETLOCALE 1
| #define HAVE_SNPRINTF 1
| #define HAVE_STRNLEN 1
| #define HAVE_WCSLEN 1
| #define HAVE_WCSNLEN 1
| #define HAVE_MBRTOWC 1
| #define HAVE_WCRTOMB 1
| /* end confdefs.h.  */
| #include <stdio.h>
| 
| int
| main (void)
| {
| #ifndef _snprintf
| #ifdef __cplusplus
|   (void) _snprintf;
| #else
|   (void) _snprintf;
| #endif
| #endif
| 
|   ;
|   return 0;
| }
configure:22187: result: no
configure:22197: checking whether _snwprintf is declared
configure:22197: gcc -std=gnu23 -c -I/opt/homebrew/include -Werror=unguarded-availability-new -I/opt/homebrew/Cellar/gtk-mac-integration/3.0.2/include/gtkmacintegration -DMAC_INTEGRATION -I/opt/homebrew/Cellar/gtk+3/3.24.52/include/gtk-3.0 -I/opt/homebrew/Cellar/pango/1.57.1/include/pango-1.0 -I/opt/homebrew/Cellar/libthai/0.1.30/include -I/opt/homebrew/Cellar/libdatrie/0.2.14/include -I/opt/homebrew/Cellar/harfbuzz/14.2.0/include/harfbuzz -I/opt/homebrew/opt/graphite2/include -I/opt/homebrew/Cellar/cairo/1.18.4/include -I/opt/homebrew/Cellar/cairo/1.18.4/include/cairo -I/opt/homebrew/Cellar/fontconfig/2.17.1/include -I/opt/homebrew/opt/freetype/include/freetype2 -I/opt/homebrew/Cellar/libxext/1.3.7/include -I/opt/homebrew/Cellar/xorgproto/2025.1/include -I/opt/homebrew/Cellar/libxrender/0.9.12/include -I/opt/homebrew/Cellar/libx11/1.8.13/include -I/opt/homebrew/Cellar/libxcb/1.17.0/include -I/opt/homebrew/Cellar/libxau/1.0.12/include -I/opt/homebrew/Cellar/libxdmcp/1.1.5/include -I/opt/homebrew/Cellar/pixman/0.46.4/include/pixman-1 -I/opt/homebrew/include/gdk-pixbuf-2.0 -I/opt/homebrew/opt/libpng/include/libpng16 -I/opt/homebrew/opt/libtiff/include -I/opt/homebrew/opt/zstd/include -I/opt/homebrew/Cellar/xz/5.8.3/include -I/opt/homebrew/opt/jpeg-turbo/include -I/opt/homebrew/Cellar/at-spi2-core/2.60.4/include/atk-1.0 -I/opt/homebrew/Cellar/libepoxy/1.5.10/include -I/opt/homebrew/Cellar/fribidi/1.0.16/include/fribidi -I/opt/homebrew/Cellar/glib/2.88.1/include/gio-unix-2.0 -I/opt/homebrew/Cellar/glib/2.88.1/include -I/Library/Developer/CommandLineTools/SDKs/MacOSX26.sdk/usr/include/ffi -I/opt/homebrew/Cellar/glib/2.88.1/include/glib-2.0 -I/opt/homebrew/Cellar/glib/2.88.1/lib/glib-2.0/include -I/opt/homebrew/opt/gettext/include -I/opt/homebrew/Cellar/pcre2/10.47_1/include conftest.c >&5
conftest.c:172:10: error: use of undeclared identifier '_snwprintf'
  172 |   (void) _snwprintf;
      |          ^
1 error generated.
configure:22197: $? = 1
configure: failed program was:
| /* confdefs.h */
| #define PACKAGE_NAME ""
| #define PACKAGE_TARNAME ""
| #define PACKAGE_VERSION ""
| #define PACKAGE_STRING ""
| #define PACKAGE_BUGREPORT ""
| #define PACKAGE_URL ""
| #define YYTEXT_POINTER 1
| #define HAVE_STDIO_H 1
| #define HAVE_STDLIB_H 1
| #define HAVE_STRING_H 1
| #define HAVE_INTTYPES_H 1
| #define HAVE_STDINT_H 1
| #define HAVE_STRINGS_H 1
| #define HAVE_SYS_STAT_H 1
| #define HAVE_SYS_TYPES_H 1
| #define HAVE_UNISTD_H 1
| #define HAVE_SYS_PARAM_H 1
| #define HAVE_WCHAR_H 1
| #define STDC_HEADERS 1
| #define HAVE_DLFCN_H 1
| #define LT_OBJDIR ".libs/"
| #define HAVE_ALLOCA_H 1
| #define HAVE_ALLOCA 1
| #define HAVE_DIRENT_H 1
| #define HAVE_SYS_WAIT_H 1
| #define HAVE_FCNTL_H 1
| #define HAVE_INTTYPES_H 1
| #define HAVE_LANGINFO_H 1
| #define HAVE_LIBINTL_H 1
| #define HAVE_LIMITS_H 1
| #define HAVE_LOCALE_H 1
| #define HAVE_NETDB_H 1
| #define HAVE_NETINET_IN_H 1
| #define HAVE_STDDEF_H 1
| #define HAVE_STDINT_H 1
| #define HAVE_STDLIB_H 1
| #define HAVE_STRING_H 1
| #define HAVE_STRINGS_H 1
| #define HAVE_SYS_PARAM_H 1
| #define HAVE_SYS_SOCKET_H 1
| #define HAVE_SYS_UTSNAME_H 1
| #define HAVE_UNISTD_H 1
| #define HAVE__BOOL 1
| #define HAVE_STDBOOL_H 1
| #define HAVE_FORK 1
| #define HAVE_VFORK 1
| #define HAVE_GETPAGESIZE 1
| #define HAVE_SYMLINK 1
| #define HAVE_WORKING_VFORK 1
| #define HAVE_WORKING_FORK 1
| #define LSTAT_FOLLOWS_SLASHED_SYMLINK 1
| #define LSTAT_FOLLOWS_SLASHED_SYMLINK 1
| #define HAVE_MALLOC 1
| #define HAVE_MMAP 1
| #define HAVE_REALLOC 1
| #define RETSIGTYPE void
| #define HAVE_DUP2 1
| #define HAVE_GETCWD 1
| #define HAVE_GETHOSTBYNAME 1
| #define HAVE_MEMSET 1
| #define HAVE_MKDIR 1
| #define HAVE_MUNMAP 1
| #define HAVE_NL_LANGINFO 1
| #define HAVE_SETLOCALE 1
| #define HAVE_SOCKET 1
| #define HAVE_STPCPY 1
| #define HAVE_STRCASECMP 1
| #define HAVE_STRCHR 1
| #define HAVE_STRCSPN 1
| #define HAVE_STRDUP 1
| #define HAVE_STRRCHR 1
| #define HAVE_STRSTR 1
| #define HAVE_STRTOL 1
| #define HAVE_STRTOUL 1
| #define HAVE_ISASCII 1
| #define HAVE_MEMMOVE 1
| #define HAVE_STRNCASECMP 1
| #define USE_OSX /**/
| #define USE_BIFF /**/
| #define USE_SOCKMSG /**/
| #define USE_COMMON /**/
| #define USE_GTAR /**/
| #define USE_SSL /**/
| #define USE_GTK3 /**/
| #define HAVE_ICONV 1
| #define ICONV_CONST 
| #define HAVE_VISIBILITY 1
| #define HAVE_STDINT_H_WITH_UINTMAX 1
| #define INTDIV0_RAISES_SIGFPE 0
| #define HAVE_INTTYPES_H_WITH_UINTMAX 1
| #define HAVE_UNSIGNED_LONG_LONG_INT 1
| #define HAVE_UINTMAX_T 1
| #define HAVE_INTTYPES_H 1
| #define _ALL_SOURCE 1
| #define _COSMO_SOURCE 1
| #define _DARWIN_C_SOURCE 1
| #define _GNU_SOURCE 1
| #define _HPUX_ALT_XOPEN_SOCKET_API 1
| #define _NETBSD_SOURCE 1
| #define _OPENBSD_SOURCE 1
| #define _POSIX_PTHREAD_SEMANTICS 1
| #define __STDC_WANT_IEC_60559_ATTRIBS_EXT__ 1
| #define __STDC_WANT_IEC_60559_BFP_EXT__ 1
| #define __STDC_WANT_IEC_60559_DFP_EXT__ 1
| #define __STDC_WANT_IEC_60559_EXT__ 1
| #define __STDC_WANT_IEC_60559_FUNCS_EXT__ 1
| #define __STDC_WANT_IEC_60559_TYPES_EXT__ 1
| #define __STDC_WANT_LIB_EXT2__ 1
| #define __STDC_WANT_MATH_SPEC_FUNCS__ 1
| #define _TANDEM_SOURCE 1
| #define __EXTENSIONS__ 1
| #define USE_POSIX_THREADS 1
| #define HAVE_PTHREAD_RWLOCK 1
| #define HAVE_PTHREAD_MUTEX_RECURSIVE 1
| #define HAVE_BUILTIN_EXPECT 1
| #define HAVE_INTTYPES_H 1
| #define HAVE_LIMITS_H 1
| #define HAVE_UNISTD_H 1
| #define HAVE_SYS_PARAM_H 1
| #define HAVE_GETCWD 1
| #define HAVE_GETEGID 1
| #define HAVE_GETEUID 1
| #define HAVE_GETGID 1
| #define HAVE_GETUID 1
| #define HAVE_MUNMAP 1
| #define HAVE_STPCPY 1
| #define HAVE_STRCASECMP 1
| #define HAVE_STRDUP 1
| #define HAVE_STRTOUL 1
| #define HAVE_TSEARCH 1
| #define HAVE_USELOCALE 1
| #define HAVE_DECL_FEOF_UNLOCKED 1
| #define HAVE_DECL_FGETS_UNLOCKED 0
| #define HAVE_LONG_LONG_INT 1
| #define HAVE_WCHAR_T 1
| #define HAVE_WINT_T 1
| #define HAVE_INTMAX_T 1
| #define HAVE_POSIX_PRINTF 1
| #define HAVE_STDINT_H 1
| #define HAVE_STDINT_H 1
| #define HAVE_WORKING_O_NOATIME 1
| #define HAVE_WORKING_O_NOFOLLOW 1
| #define HAVE_CFPREFERENCESCOPYAPPVALUE 1
| #define HAVE_CFLOCALECOPYCURRENT 1
| #define HAVE_STDDEF_H 1
| #define HAVE_STDLIB_H 1
| #define HAVE_STRING_H 1
| #define HAVE_ASPRINTF 1
| #define HAVE_FWPRINTF 1
| #define HAVE_NEWLOCALE 1
| #define HAVE_PUTENV 1
| #define HAVE_SETENV 1
| #define HAVE_SETLOCALE 1
| #define HAVE_SNPRINTF 1
| #define HAVE_STRNLEN 1
| #define HAVE_WCSLEN 1
| #define HAVE_WCSNLEN 1
| #define HAVE_MBRTOWC 1
| #define HAVE_WCRTOMB 1
| #define HAVE_DECL__SNPRINTF 0
| /* end confdefs.h.  */
| #include <stdio.h>
| 
| int
| main (void)
| {
| #ifndef _snwprintf
| #ifdef __cplusplus
|   (void) _snwprintf;
| #else
|   (void) _snwprintf;
| #endif
| #endif
| 
|   ;
|   return 0;
| }
configure:22197: result: no
configure:22209: checking whether getc_unlocked is declared
configure:22209: gcc -std=gnu23 -c -I/opt/homebrew/include -Werror=unguarded-availability-new -I/opt/homebrew/Cellar/gtk-mac-integration/3.0.2/include/gtkmacintegration -DMAC_INTEGRATION -I/opt/homebrew/Cellar/gtk+3/3.24.52/include/gtk-3.0 -I/opt/homebrew/Cellar/pango/1.57.1/include/pango-1.0 -I/opt/homebrew/Cellar/libthai/0.1.30/include -I/opt/homebrew/Cellar/libdatrie/0.2.14/include -I/opt/homebrew/Cellar/harfbuzz/14.2.0/include/harfbuzz -I/opt/homebrew/opt/graphite2/include -I/opt/homebrew/Cellar/cairo/1.18.4/include -I/opt/homebrew/Cellar/cairo/1.18.4/include/cairo -I/opt/homebrew/Cellar/fontconfig/2.17.1/include -I/opt/homebrew/opt/freetype/include/freetype2 -I/opt/homebrew/Cellar/libxext/1.3.7/include -I/opt/homebrew/Cellar/xorgproto/2025.1/include -I/opt/homebrew/Cellar/libxrender/0.9.12/include -I/opt/homebrew/Cellar/libx11/1.8.13/include -I/opt/homebrew/Cellar/libxcb/1.17.0/include -I/opt/homebrew/Cellar/libxau/1.0.12/include -I/opt/homebrew/Cellar/libxdmcp/1.1.5/include -I/opt/homebrew/Cellar/pixman/0.46.4/include/pixman-1 -I/opt/homebrew/include/gdk-pixbuf-2.0 -I/opt/homebrew/opt/libpng/include/libpng16 -I/opt/homebrew/opt/libtiff/include -I/opt/homebrew/opt/zstd/include -I/opt/homebrew/Cellar/xz/5.8.3/include -I/opt/homebrew/opt/jpeg-turbo/include -I/opt/homebrew/Cellar/at-spi2-core/2.60.4/include/atk-1.0 -I/opt/homebrew/Cellar/libepoxy/1.5.10/include -I/opt/homebrew/Cellar/fribidi/1.0.16/include/fribidi -I/opt/homebrew/Cellar/glib/2.88.1/include/gio-unix-2.0 -I/opt/homebrew/Cellar/glib/2.88.1/include -I/Library/Developer/CommandLineTools/SDKs/MacOSX26.sdk/usr/include/ffi -I/opt/homebrew/Cellar/glib/2.88.1/include/glib-2.0 -I/opt/homebrew/Cellar/glib/2.88.1/lib/glib-2.0/include -I/opt/homebrew/opt/gettext/include -I/opt/homebrew/Cellar/pcre2/10.47_1/include conftest.c >&5
configure:22209: $? = 0
configure:22209: result: yes
configure:22252: checking for nl_langinfo and CODESET
configure:22269: gcc -std=gnu23 -o conftest -I/opt/homebrew/include -I/opt/homebrew/Cellar/gtk-mac-integration/3.0.2/include/gtkmacintegration -DMAC_INTEGRATION -I/opt/homebrew/Cellar/gtk+3/3.24.52/include/gtk-3.0 -I/opt/homebrew/Cellar/pango/1.57.1/include/pango-1.0 -I/opt/homebrew/Cellar/libthai/0.1.30/include -I/opt/homebrew/Cellar/libdatrie/0.2.14/include -I/opt/homebrew/Cellar/harfbuzz/14.2.0/include/harfbuzz -I/opt/homebrew/opt/graphite2/include -I/opt/homebrew/Cellar/cairo/1.18.4/include -I/opt/homebrew/Cellar/cairo/1.18.4/include/cairo -I/opt/homebrew/Cellar/fontconfig/2.17.1/include -I/opt/homebrew/opt/freetype/include/freetype2 -I/opt/homebrew/Cellar/libxext/1.3.7/include -I/opt/homebrew/Cellar/xorgproto/2025.1/include -I/opt/homebrew/Cellar/libxrender/0.9.12/include -I/opt/homebrew/Cellar/libx11/1.8.13/include -I/opt/homebrew/Cellar/libxcb/1.17.0/include -I/opt/homebrew/Cellar/libxau/1.0.12/include -I/opt/homebrew/Cellar/libxdmcp/1.1.5/include -I/opt/homebrew/Cellar/pixman/0.46.4/include/pixman-1 -I/opt/homebrew/include/gdk-pixbuf-2.0 -I/opt/homebrew/opt/libpng/include/libpng16 -I/opt/homebrew/opt/libtiff/include -I/opt/homebrew/opt/zstd/include -I/opt/homebrew/Cellar/xz/5.8.3/include -I/opt/homebrew/opt/jpeg-turbo/include -I/opt/homebrew/Cellar/at-spi2-core/2.60.4/include/atk-1.0 -I/opt/homebrew/Cellar/libepoxy/1.5.10/include -I/opt/homebrew/Cellar/fribidi/1.0.16/include/fribidi -I/opt/homebrew/Cellar/glib/2.88.1/include/gio-unix-2.0 -I/opt/homebrew/Cellar/glib/2.88.1/include -I/Library/Developer/CommandLineTools/SDKs/MacOSX26.sdk/usr/include/ffi -I/opt/homebrew/Cellar/glib/2.88.1/include/glib-2.0 -I/opt/homebrew/Cellar/glib/2.88.1/lib/glib-2.0/include -I/opt/homebrew/opt/gettext/include -I/opt/homebrew/Cellar/pcre2/10.47_1/include -L/opt/homebrew/Cellar/gtk-mac-integration/3.0.2/lib -lgtkmacintegration-gtk3 -L/opt/homebrew/Cellar/gtk+3/3.24.52/lib -lgtk-3 -lgdk-3 -Wl,-framework,Cocoa -Wl,-framework,Carbon -Wl,-framework,CoreGraphics -L/opt/homebrew/Cellar/pango/1.57.1/lib -lpangocairo-1.0 -lpango-1.0 -L/opt/homebrew/Cellar/harfbuzz/14.2.0/lib -lharfbuzz -L/opt/homebrew/Cellar/cairo/1.18.4/lib -lcairo-gobject -lcairo -L/opt/homebrew/lib -lgdk_pixbuf-2.0 -L/opt/homebrew/Cellar/at-spi2-core/2.60.4/lib -latk-1.0 -L/opt/homebrew/Cellar/glib/2.88.1/lib -lgio-2.0 -lgobject-2.0 -lglib-2.0 -L/opt/homebrew/opt/gettext/lib -lintl conftest.c  >&5
configure:22269: $? = 0
configure:22281: result: yes
configure:22290: checking for LC_MESSAGES
configure:22307: gcc -std=gnu23 -o conftest -I/opt/homebrew/include -I/opt/homebrew/Cellar/gtk-mac-integration/3.0.2/include/gtkmacintegration -DMAC_INTEGRATION -I/opt/homebrew/Cellar/gtk+3/3.24.52/include/gtk-3.0 -I/opt/homebrew/Cellar/pango/1.57.1/include/pango-1.0 -I/opt/homebrew/Cellar/libthai/0.1.30/include -I/opt/homebrew/Cellar/libdatrie/0.2.14/include -I/opt/homebrew/Cellar/harfbuzz/14.2.0/include/harfbuzz -I/opt/homebrew/opt/graphite2/include -I/opt/homebrew/Cellar/cairo/1.18.4/include -I/opt/homebrew/Cellar/cairo/1.18.4/include/cairo -I/opt/homebrew/Cellar/fontconfig/2.17.1/include -I/opt/homebrew/opt/freetype/include/freetype2 -I/opt/homebrew/Cellar/libxext/1.3.7/include -I/opt/homebrew/Cellar/xorgproto/2025.1/include -I/opt/homebrew/Cellar/libxrender/0.9.12/include -I/opt/homebrew/Cellar/libx11/1.8.13/include -I/opt/homebrew/Cellar/libxcb/1.17.0/include -I/opt/homebrew/Cellar/libxau/1.0.12/include -I/opt/homebrew/Cellar/libxdmcp/1.1.5/include -I/opt/homebrew/Cellar/pixman/0.46.4/include/pixman-1 -I/opt/homebrew/include/gdk-pixbuf-2.0 -I/opt/homebrew/opt/libpng/include/libpng16 -I/opt/homebrew/opt/libtiff/include -I/opt/homebrew/opt/zstd/include -I/opt/homebrew/Cellar/xz/5.8.3/include -I/opt/homebrew/opt/jpeg-turbo/include -I/opt/homebrew/Cellar/at-spi2-core/2.60.4/include/atk-1.0 -I/opt/homebrew/Cellar/libepoxy/1.5.10/include -I/opt/homebrew/Cellar/fribidi/1.0.16/include/fribidi -I/opt/homebrew/Cellar/glib/2.88.1/include/gio-unix-2.0 -I/opt/homebrew/Cellar/glib/2.88.1/include -I/Library/Developer/CommandLineTools/SDKs/MacOSX26.sdk/usr/include/ffi -I/opt/homebrew/Cellar/glib/2.88.1/include/glib-2.0 -I/opt/homebrew/Cellar/glib/2.88.1/lib/glib-2.0/include -I/opt/homebrew/opt/gettext/include -I/opt/homebrew/Cellar/pcre2/10.47_1/include -L/opt/homebrew/Cellar/gtk-mac-integration/3.0.2/lib -lgtkmacintegration-gtk3 -L/opt/homebrew/Cellar/gtk+3/3.24.52/lib -lgtk-3 -lgdk-3 -Wl,-framework,Cocoa -Wl,-framework,Carbon -Wl,-framework,CoreGraphics -L/opt/homebrew/Cellar/pango/1.57.1/lib -lpangocairo-1.0 -lpango-1.0 -L/opt/homebrew/Cellar/harfbuzz/14.2.0/lib -lharfbuzz -L/opt/homebrew/Cellar/cairo/1.18.4/lib -lcairo-gobject -lcairo -L/opt/homebrew/lib -lgdk_pixbuf-2.0 -L/opt/homebrew/Cellar/at-spi2-core/2.60.4/lib -latk-1.0 -L/opt/homebrew/Cellar/glib/2.88.1/lib -lgio-2.0 -lgobject-2.0 -lglib-2.0 -L/opt/homebrew/opt/gettext/lib -lintl conftest.c  >&5
configure:22307: $? = 0
configure:22318: result: yes
configure:22482: checking for CFPreferencesCopyAppValue
configure:22513: result: yes
configure:22520: checking for CFLocaleCopyCurrent
configure:22551: result: yes
configure:22586: checking whether included gettext is requested
configure:22598: result: no
configure:22621: checking for GNU gettext in libc
configure:22651: gcc -std=gnu23 -o conftest -I/opt/homebrew/include -I/opt/homebrew/Cellar/gtk-mac-integration/3.0.2/include/gtkmacintegration -DMAC_INTEGRATION -I/opt/homebrew/Cellar/gtk+3/3.24.52/include/gtk-3.0 -I/opt/homebrew/Cellar/pango/1.57.1/include/pango-1.0 -I/opt/homebrew/Cellar/libthai/0.1.30/include -I/opt/homebrew/Cellar/libdatrie/0.2.14/include -I/opt/homebrew/Cellar/harfbuzz/14.2.0/include/harfbuzz -I/opt/homebrew/opt/graphite2/include -I/opt/homebrew/Cellar/cairo/1.18.4/include -I/opt/homebrew/Cellar/cairo/1.18.4/include/cairo -I/opt/homebrew/Cellar/fontconfig/2.17.1/include -I/opt/homebrew/opt/freetype/include/freetype2 -I/opt/homebrew/Cellar/libxext/1.3.7/include -I/opt/homebrew/Cellar/xorgproto/2025.1/include -I/opt/homebrew/Cellar/libxrender/0.9.12/include -I/opt/homebrew/Cellar/libx11/1.8.13/include -I/opt/homebrew/Cellar/libxcb/1.17.0/include -I/opt/homebrew/Cellar/libxau/1.0.12/include -I/opt/homebrew/Cellar/libxdmcp/1.1.5/include -I/opt/homebrew/Cellar/pixman/0.46.4/include/pixman-1 -I/opt/homebrew/include/gdk-pixbuf-2.0 -I/opt/homebrew/opt/libpng/include/libpng16 -I/opt/homebrew/opt/libtiff/include -I/opt/homebrew/opt/zstd/include -I/opt/homebrew/Cellar/xz/5.8.3/include -I/opt/homebrew/opt/jpeg-turbo/include -I/opt/homebrew/Cellar/at-spi2-core/2.60.4/include/atk-1.0 -I/opt/homebrew/Cellar/libepoxy/1.5.10/include -I/opt/homebrew/Cellar/fribidi/1.0.16/include/fribidi -I/opt/homebrew/Cellar/glib/2.88.1/include/gio-unix-2.0 -I/opt/homebrew/Cellar/glib/2.88.1/include -I/Library/Developer/CommandLineTools/SDKs/MacOSX26.sdk/usr/include/ffi -I/opt/homebrew/Cellar/glib/2.88.1/include/glib-2.0 -I/opt/homebrew/Cellar/glib/2.88.1/lib/glib-2.0/include -I/opt/homebrew/opt/gettext/include -I/opt/homebrew/Cellar/pcre2/10.47_1/include -L/opt/homebrew/Cellar/gtk-mac-integration/3.0.2/lib -lgtkmacintegration-gtk3 -L/opt/homebrew/Cellar/gtk+3/3.24.52/lib -lgtk-3 -lgdk-3 -Wl,-framework,Cocoa -Wl,-framework,Carbon -Wl,-framework,CoreGraphics -L/opt/homebrew/Cellar/pango/1.57.1/lib -lpangocairo-1.0 -lpango-1.0 -L/opt/homebrew/Cellar/harfbuzz/14.2.0/lib -lharfbuzz -L/opt/homebrew/Cellar/cairo/1.18.4/lib -lcairo-gobject -lcairo -L/opt/homebrew/lib -lgdk_pixbuf-2.0 -L/opt/homebrew/Cellar/at-spi2-core/2.60.4/lib -latk-1.0 -L/opt/homebrew/Cellar/glib/2.88.1/lib -lgio-2.0 -lgobject-2.0 -lglib-2.0 -L/opt/homebrew/opt/gettext/lib -lintl conftest.c  >&5
configure:22651: $? = 0
configure:22663: result: yes
configure:23276: checking whether to use NLS
configure:23278: result: yes
configure:23281: checking where the gettext function comes from
configure:23292: result: libc
configure:23385: checking for locale.h
configure:23385: result: yes
configure:23393: checking for LC_MESSAGES
configure:23410: gcc -std=gnu23 -o conftest -I/opt/homebrew/include -I/opt/homebrew/Cellar/gtk-mac-integration/3.0.2/include/gtkmacintegration -DMAC_INTEGRATION -I/opt/homebrew/Cellar/gtk+3/3.24.52/include/gtk-3.0 -I/opt/homebrew/Cellar/pango/1.57.1/include/pango-1.0 -I/opt/homebrew/Cellar/libthai/0.1.30/include -I/opt/homebrew/Cellar/libdatrie/0.2.14/include -I/opt/homebrew/Cellar/harfbuzz/14.2.0/include/harfbuzz -I/opt/homebrew/opt/graphite2/include -I/opt/homebrew/Cellar/cairo/1.18.4/include -I/opt/homebrew/Cellar/cairo/1.18.4/include/cairo -I/opt/homebrew/Cellar/fontconfig/2.17.1/include -I/opt/homebrew/opt/freetype/include/freetype2 -I/opt/homebrew/Cellar/libxext/1.3.7/include -I/opt/homebrew/Cellar/xorgproto/2025.1/include -I/opt/homebrew/Cellar/libxrender/0.9.12/include -I/opt/homebrew/Cellar/libx11/1.8.13/include -I/opt/homebrew/Cellar/libxcb/1.17.0/include -I/opt/homebrew/Cellar/libxau/1.0.12/include -I/opt/homebrew/Cellar/libxdmcp/1.1.5/include -I/opt/homebrew/Cellar/pixman/0.46.4/include/pixman-1 -I/opt/homebrew/include/gdk-pixbuf-2.0 -I/opt/homebrew/opt/libpng/include/libpng16 -I/opt/homebrew/opt/libtiff/include -I/opt/homebrew/opt/zstd/include -I/opt/homebrew/Cellar/xz/5.8.3/include -I/opt/homebrew/opt/jpeg-turbo/include -I/opt/homebrew/Cellar/at-spi2-core/2.60.4/include/atk-1.0 -I/opt/homebrew/Cellar/libepoxy/1.5.10/include -I/opt/homebrew/Cellar/fribidi/1.0.16/include/fribidi -I/opt/homebrew/Cellar/glib/2.88.1/include/gio-unix-2.0 -I/opt/homebrew/Cellar/glib/2.88.1/include -I/Library/Developer/CommandLineTools/SDKs/MacOSX26.sdk/usr/include/ffi -I/opt/homebrew/Cellar/glib/2.88.1/include/glib-2.0 -I/opt/homebrew/Cellar/glib/2.88.1/lib/glib-2.0/include -I/opt/homebrew/opt/gettext/include -I/opt/homebrew/Cellar/pcre2/10.47_1/include -L/opt/homebrew/Cellar/gtk-mac-integration/3.0.2/lib -lgtkmacintegration-gtk3 -L/opt/homebrew/Cellar/gtk+3/3.24.52/lib -lgtk-3 -lgdk-3 -Wl,-framework,Cocoa -Wl,-framework,Carbon -Wl,-framework,CoreGraphics -L/opt/homebrew/Cellar/pango/1.57.1/lib -lpangocairo-1.0 -lpango-1.0 -L/opt/homebrew/Cellar/harfbuzz/14.2.0/lib -lharfbuzz -L/opt/homebrew/Cellar/cairo/1.18.4/lib -lcairo-gobject -lcairo -L/opt/homebrew/lib -lgdk_pixbuf-2.0 -L/opt/homebrew/Cellar/at-spi2-core/2.60.4/lib -latk-1.0 -L/opt/homebrew/Cellar/glib/2.88.1/lib -lgio-2.0 -lgobject-2.0 -lglib-2.0 -L/opt/homebrew/opt/gettext/lib -lintl conftest.c  >&5
configure:23410: $? = 0
configure:23421: result: yes
configure:23439: checking for CFPreferencesCopyAppValue
configure:23470: result: yes
configure:23477: checking for CFLocaleCopyCurrent
configure:23508: result: yes
configure:23522: checking for libintl.h
configure:23522: result: yes
configure:23531: checking for ngettext in libc
configure:23550: gcc -std=gnu23 -o conftest -I/opt/homebrew/include -I/opt/homebrew/Cellar/gtk-mac-integration/3.0.2/include/gtkmacintegration -DMAC_INTEGRATION -I/opt/homebrew/Cellar/gtk+3/3.24.52/include/gtk-3.0 -I/opt/homebrew/Cellar/pango/1.57.1/include/pango-1.0 -I/opt/homebrew/Cellar/libthai/0.1.30/include -I/opt/homebrew/Cellar/libdatrie/0.2.14/include -I/opt/homebrew/Cellar/harfbuzz/14.2.0/include/harfbuzz -I/opt/homebrew/opt/graphite2/include -I/opt/homebrew/Cellar/cairo/1.18.4/include -I/opt/homebrew/Cellar/cairo/1.18.4/include/cairo -I/opt/homebrew/Cellar/fontconfig/2.17.1/include -I/opt/homebrew/opt/freetype/include/freetype2 -I/opt/homebrew/Cellar/libxext/1.3.7/include -I/opt/homebrew/Cellar/xorgproto/2025.1/include -I/opt/homebrew/Cellar/libxrender/0.9.12/include -I/opt/homebrew/Cellar/libx11/1.8.13/include -I/opt/homebrew/Cellar/libxcb/1.17.0/include -I/opt/homebrew/Cellar/libxau/1.0.12/include -I/opt/homebrew/Cellar/libxdmcp/1.1.5/include -I/opt/homebrew/Cellar/pixman/0.46.4/include/pixman-1 -I/opt/homebrew/include/gdk-pixbuf-2.0 -I/opt/homebrew/opt/libpng/include/libpng16 -I/opt/homebrew/opt/libtiff/include -I/opt/homebrew/opt/zstd/include -I/opt/homebrew/Cellar/xz/5.8.3/include -I/opt/homebrew/opt/jpeg-turbo/include -I/opt/homebrew/Cellar/at-spi2-core/2.60.4/include/atk-1.0 -I/opt/homebrew/Cellar/libepoxy/1.5.10/include -I/opt/homebrew/Cellar/fribidi/1.0.16/include/fribidi -I/opt/homebrew/Cellar/glib/2.88.1/include/gio-unix-2.0 -I/opt/homebrew/Cellar/glib/2.88.1/include -I/Library/Developer/CommandLineTools/SDKs/MacOSX26.sdk/usr/include/ffi -I/opt/homebrew/Cellar/glib/2.88.1/include/glib-2.0 -I/opt/homebrew/Cellar/glib/2.88.1/lib/glib-2.0/include -I/opt/homebrew/opt/gettext/include -I/opt/homebrew/Cellar/pcre2/10.47_1/include -L/opt/homebrew/Cellar/gtk-mac-integration/3.0.2/lib -lgtkmacintegration-gtk3 -L/opt/homebrew/Cellar/gtk+3/3.24.52/lib -lgtk-3 -lgdk-3 -Wl,-framework,Cocoa -Wl,-framework,Carbon -Wl,-framework,CoreGraphics -L/opt/homebrew/Cellar/pango/1.57.1/lib -lpangocairo-1.0 -lpango-1.0 -L/opt/homebrew/Cellar/harfbuzz/14.2.0/lib -lharfbuzz -L/opt/homebrew/Cellar/cairo/1.18.4/lib -lcairo-gobject -lcairo -L/opt/homebrew/lib -lgdk_pixbuf-2.0 -L/opt/homebrew/Cellar/at-spi2-core/2.60.4/lib -latk-1.0 -L/opt/homebrew/Cellar/glib/2.88.1/lib -lgio-2.0 -lgobject-2.0 -lglib-2.0 -L/opt/homebrew/opt/gettext/lib -lintl conftest.c  >&5
configure:23550: $? = 0
configure:23562: result: yes
configure:23566: checking for dgettext in libc
configure:23585: gcc -std=gnu23 -o conftest -I/opt/homebrew/include -I/opt/homebrew/Cellar/gtk-mac-integration/3.0.2/include/gtkmacintegration -DMAC_INTEGRATION -I/opt/homebrew/Cellar/gtk+3/3.24.52/include/gtk-3.0 -I/opt/homebrew/Cellar/pango/1.57.1/include/pango-1.0 -I/opt/homebrew/Cellar/libthai/0.1.30/include -I/opt/homebrew/Cellar/libdatrie/0.2.14/include -I/opt/homebrew/Cellar/harfbuzz/14.2.0/include/harfbuzz -I/opt/homebrew/opt/graphite2/include -I/opt/homebrew/Cellar/cairo/1.18.4/include -I/opt/homebrew/Cellar/cairo/1.18.4/include/cairo -I/opt/homebrew/Cellar/fontconfig/2.17.1/include -I/opt/homebrew/opt/freetype/include/freetype2 -I/opt/homebrew/Cellar/libxext/1.3.7/include -I/opt/homebrew/Cellar/xorgproto/2025.1/include -I/opt/homebrew/Cellar/libxrender/0.9.12/include -I/opt/homebrew/Cellar/libx11/1.8.13/include -I/opt/homebrew/Cellar/libxcb/1.17.0/include -I/opt/homebrew/Cellar/libxau/1.0.12/include -I/opt/homebrew/Cellar/libxdmcp/1.1.5/include -I/opt/homebrew/Cellar/pixman/0.46.4/include/pixman-1 -I/opt/homebrew/include/gdk-pixbuf-2.0 -I/opt/homebrew/opt/libpng/include/libpng16 -I/opt/homebrew/opt/libtiff/include -I/opt/homebrew/opt/zstd/include -I/opt/homebrew/Cellar/xz/5.8.3/include -I/opt/homebrew/opt/jpeg-turbo/include -I/opt/homebrew/Cellar/at-spi2-core/2.60.4/include/atk-1.0 -I/opt/homebrew/Cellar/libepoxy/1.5.10/include -I/opt/homebrew/Cellar/fribidi/1.0.16/include/fribidi -I/opt/homebrew/Cellar/glib/2.88.1/include/gio-unix-2.0 -I/opt/homebrew/Cellar/glib/2.88.1/include -I/Library/Developer/CommandLineTools/SDKs/MacOSX26.sdk/usr/include/ffi -I/opt/homebrew/Cellar/glib/2.88.1/include/glib-2.0 -I/opt/homebrew/Cellar/glib/2.88.1/lib/glib-2.0/include -I/opt/homebrew/opt/gettext/include -I/opt/homebrew/Cellar/pcre2/10.47_1/include -L/opt/homebrew/Cellar/gtk-mac-integration/3.0.2/lib -lgtkmacintegration-gtk3 -L/opt/homebrew/Cellar/gtk+3/3.24.52/lib -lgtk-3 -lgdk-3 -Wl,-framework,Cocoa -Wl,-framework,Carbon -Wl,-framework,CoreGraphics -L/opt/homebrew/Cellar/pango/1.57.1/lib -lpangocairo-1.0 -lpango-1.0 -L/opt/homebrew/Cellar/harfbuzz/14.2.0/lib -lharfbuzz -L/opt/homebrew/Cellar/cairo/1.18.4/lib -lcairo-gobject -lcairo -L/opt/homebrew/lib -lgdk_pixbuf-2.0 -L/opt/homebrew/Cellar/at-spi2-core/2.60.4/lib -latk-1.0 -L/opt/homebrew/Cellar/glib/2.88.1/lib -lgio-2.0 -lgobject-2.0 -lglib-2.0 -L/opt/homebrew/opt/gettext/lib -lintl conftest.c  >&5
configure:23585: $? = 0
configure:23597: result: yes
configure:23602: checking for bind_textdomain_codeset
configure:23602: gcc -std=gnu23 -o conftest -I/opt/homebrew/include -I/opt/homebrew/Cellar/gtk-mac-integration/3.0.2/include/gtkmacintegration -DMAC_INTEGRATION -I/opt/homebrew/Cellar/gtk+3/3.24.52/include/gtk-3.0 -I/opt/homebrew/Cellar/pango/1.57.1/include/pango-1.0 -I/opt/homebrew/Cellar/libthai/0.1.30/include -I/opt/homebrew/Cellar/libdatrie/0.2.14/include -I/opt/homebrew/Cellar/harfbuzz/14.2.0/include/harfbuzz -I/opt/homebrew/opt/graphite2/include -I/opt/homebrew/Cellar/cairo/1.18.4/include -I/opt/homebrew/Cellar/cairo/1.18.4/include/cairo -I/opt/homebrew/Cellar/fontconfig/2.17.1/include -I/opt/homebrew/opt/freetype/include/freetype2 -I/opt/homebrew/Cellar/libxext/1.3.7/include -I/opt/homebrew/Cellar/xorgproto/2025.1/include -I/opt/homebrew/Cellar/libxrender/0.9.12/include -I/opt/homebrew/Cellar/libx11/1.8.13/include -I/opt/homebrew/Cellar/libxcb/1.17.0/include -I/opt/homebrew/Cellar/libxau/1.0.12/include -I/opt/homebrew/Cellar/libxdmcp/1.1.5/include -I/opt/homebrew/Cellar/pixman/0.46.4/include/pixman-1 -I/opt/homebrew/include/gdk-pixbuf-2.0 -I/opt/homebrew/opt/libpng/include/libpng16 -I/opt/homebrew/opt/libtiff/include -I/opt/homebrew/opt/zstd/include -I/opt/homebrew/Cellar/xz/5.8.3/include -I/opt/homebrew/opt/jpeg-turbo/include -I/opt/homebrew/Cellar/at-spi2-core/2.60.4/include/atk-1.0 -I/opt/homebrew/Cellar/libepoxy/1.5.10/include -I/opt/homebrew/Cellar/fribidi/1.0.16/include/fribidi -I/opt/homebrew/Cellar/glib/2.88.1/include/gio-unix-2.0 -I/opt/homebrew/Cellar/glib/2.88.1/include -I/Library/Developer/CommandLineTools/SDKs/MacOSX26.sdk/usr/include/ffi -I/opt/homebrew/Cellar/glib/2.88.1/include/glib-2.0 -I/opt/homebrew/Cellar/glib/2.88.1/lib/glib-2.0/include -I/opt/homebrew/opt/gettext/include -I/opt/homebrew/Cellar/pcre2/10.47_1/include -L/opt/homebrew/Cellar/gtk-mac-integration/3.0.2/lib -lgtkmacintegration-gtk3 -L/opt/homebrew/Cellar/gtk+3/3.24.52/lib -lgtk-3 -lgdk-3 -Wl,-framework,Cocoa -Wl,-framework,Carbon -Wl,-framework,CoreGraphics -L/opt/homebrew/Cellar/pango/1.57.1/lib -lpangocairo-1.0 -lpango-1.0 -L/opt/homebrew/Cellar/harfbuzz/14.2.0/lib -lharfbuzz -L/opt/homebrew/Cellar/cairo/1.18.4/lib -lcairo-gobject -lcairo -L/opt/homebrew/lib -lgdk_pixbuf-2.0 -L/opt/homebrew/Cellar/at-spi2-core/2.60.4/lib -latk-1.0 -L/opt/homebrew/Cellar/glib/2.88.1/lib -lgio-2.0 -lgobject-2.0 -lglib-2.0 -L/opt/homebrew/opt/gettext/lib -lintl conftest.c  >&5
configure:23602: $? = 0
configure:23602: result: yes
configure:23914: checking for msgfmt
configure:23943: result: /opt/homebrew/bin/msgfmt
configure:23952: checking for dcgettext
configure:23952: gcc -std=gnu23 -o conftest -I/opt/homebrew/include -I/opt/homebrew/Cellar/gtk-mac-integration/3.0.2/include/gtkmacintegration -DMAC_INTEGRATION -I/opt/homebrew/Cellar/gtk+3/3.24.52/include/gtk-3.0 -I/opt/homebrew/Cellar/pango/1.57.1/include/pango-1.0 -I/opt/homebrew/Cellar/libthai/0.1.30/include -I/opt/homebrew/Cellar/libdatrie/0.2.14/include -I/opt/homebrew/Cellar/harfbuzz/14.2.0/include/harfbuzz -I/opt/homebrew/opt/graphite2/include -I/opt/homebrew/Cellar/cairo/1.18.4/include -I/opt/homebrew/Cellar/cairo/1.18.4/include/cairo -I/opt/homebrew/Cellar/fontconfig/2.17.1/include -I/opt/homebrew/opt/freetype/include/freetype2 -I/opt/homebrew/Cellar/libxext/1.3.7/include -I/opt/homebrew/Cellar/xorgproto/2025.1/include -I/opt/homebrew/Cellar/libxrender/0.9.12/include -I/opt/homebrew/Cellar/libx11/1.8.13/include -I/opt/homebrew/Cellar/libxcb/1.17.0/include -I/opt/homebrew/Cellar/libxau/1.0.12/include -I/opt/homebrew/Cellar/libxdmcp/1.1.5/include -I/opt/homebrew/Cellar/pixman/0.46.4/include/pixman-1 -I/opt/homebrew/include/gdk-pixbuf-2.0 -I/opt/homebrew/opt/libpng/include/libpng16 -I/opt/homebrew/opt/libtiff/include -I/opt/homebrew/opt/zstd/include -I/opt/homebrew/Cellar/xz/5.8.3/include -I/opt/homebrew/opt/jpeg-turbo/include -I/opt/homebrew/Cellar/at-spi2-core/2.60.4/include/atk-1.0 -I/opt/homebrew/Cellar/libepoxy/1.5.10/include -I/opt/homebrew/Cellar/fribidi/1.0.16/include/fribidi -I/opt/homebrew/Cellar/glib/2.88.1/include/gio-unix-2.0 -I/opt/homebrew/Cellar/glib/2.88.1/include -I/Library/Developer/CommandLineTools/SDKs/MacOSX26.sdk/usr/include/ffi -I/opt/homebrew/Cellar/glib/2.88.1/include/glib-2.0 -I/opt/homebrew/Cellar/glib/2.88.1/lib/glib-2.0/include -I/opt/homebrew/opt/gettext/include -I/opt/homebrew/Cellar/pcre2/10.47_1/include -L/opt/homebrew/Cellar/gtk-mac-integration/3.0.2/lib -lgtkmacintegration-gtk3 -L/opt/homebrew/Cellar/gtk+3/3.24.52/lib -lgtk-3 -lgdk-3 -Wl,-framework,Cocoa -Wl,-framework,Carbon -Wl,-framework,CoreGraphics -L/opt/homebrew/Cellar/pango/1.57.1/lib -lpangocairo-1.0 -lpango-1.0 -L/opt/homebrew/Cellar/harfbuzz/14.2.0/lib -lharfbuzz -L/opt/homebrew/Cellar/cairo/1.18.4/lib -lcairo-gobject -lcairo -L/opt/homebrew/lib -lgdk_pixbuf-2.0 -L/opt/homebrew/Cellar/at-spi2-core/2.60.4/lib -latk-1.0 -L/opt/homebrew/Cellar/glib/2.88.1/lib -lgio-2.0 -lgobject-2.0 -lglib-2.0 -L/opt/homebrew/opt/gettext/lib -lintl conftest.c   >&5
configure:23952: $? = 0
configure:23952: result: yes
configure:23960: checking if msgfmt accepts -c
configure:23975: $MSGFMT -c -o /dev/null conftest.foo
conftest.foo:3: warning: header field 'Language' missing in header
configure:23978: $? = 0
configure:23980: result: yes
configure:23990: checking for gmsgfmt
configure:24027: result: /opt/homebrew/bin/msgfmt
configure:24037: checking for xgettext
configure:24066: result: /opt/homebrew/bin/xgettext
configure:24085: gcc -std=gnu23 -o conftest -I/opt/homebrew/include -I/opt/homebrew/Cellar/gtk-mac-integration/3.0.2/include/gtkmacintegration -DMAC_INTEGRATION -I/opt/homebrew/Cellar/gtk+3/3.24.52/include/gtk-3.0 -I/opt/homebrew/Cellar/pango/1.57.1/include/pango-1.0 -I/opt/homebrew/Cellar/libthai/0.1.30/include -I/opt/homebrew/Cellar/libdatrie/0.2.14/include -I/opt/homebrew/Cellar/harfbuzz/14.2.0/include/harfbuzz -I/opt/homebrew/opt/graphite2/include -I/opt/homebrew/Cellar/cairo/1.18.4/include -I/opt/homebrew/Cellar/cairo/1.18.4/include/cairo -I/opt/homebrew/Cellar/fontconfig/2.17.1/include -I/opt/homebrew/opt/freetype/include/freetype2 -I/opt/homebrew/Cellar/libxext/1.3.7/include -I/opt/homebrew/Cellar/xorgproto/2025.1/include -I/opt/homebrew/Cellar/libxrender/0.9.12/include -I/opt/homebrew/Cellar/libx11/1.8.13/include -I/opt/homebrew/Cellar/libxcb/1.17.0/include -I/opt/homebrew/Cellar/libxau/1.0.12/include -I/opt/homebrew/Cellar/libxdmcp/1.1.5/include -I/opt/homebrew/Cellar/pixman/0.46.4/include/pixman-1 -I/opt/homebrew/include/gdk-pixbuf-2.0 -I/opt/homebrew/opt/libpng/include/libpng16 -I/opt/homebrew/opt/libtiff/include -I/opt/homebrew/opt/zstd/include -I/opt/homebrew/Cellar/xz/5.8.3/include -I/opt/homebrew/opt/jpeg-turbo/include -I/opt/homebrew/Cellar/at-spi2-core/2.60.4/include/atk-1.0 -I/opt/homebrew/Cellar/libepoxy/1.5.10/include -I/opt/homebrew/Cellar/fribidi/1.0.16/include/fribidi -I/opt/homebrew/Cellar/glib/2.88.1/include/gio-unix-2.0 -I/opt/homebrew/Cellar/glib/2.88.1/include -I/Library/Developer/CommandLineTools/SDKs/MacOSX26.sdk/usr/include/ffi -I/opt/homebrew/Cellar/glib/2.88.1/include/glib-2.0 -I/opt/homebrew/Cellar/glib/2.88.1/lib/glib-2.0/include -I/opt/homebrew/opt/gettext/include -I/opt/homebrew/Cellar/pcre2/10.47_1/include -L/opt/homebrew/Cellar/gtk-mac-integration/3.0.2/lib -lgtkmacintegration-gtk3 -L/opt/homebrew/Cellar/gtk+3/3.24.52/lib -lgtk-3 -lgdk-3 -Wl,-framework,Cocoa -Wl,-framework,Carbon -Wl,-framework,CoreGraphics -L/opt/homebrew/Cellar/pango/1.57.1/lib -lpangocairo-1.0 -lpango-1.0 -L/opt/homebrew/Cellar/harfbuzz/14.2.0/lib -lharfbuzz -L/opt/homebrew/Cellar/cairo/1.18.4/lib -lcairo-gobject -lcairo -L/opt/homebrew/lib -lgdk_pixbuf-2.0 -L/opt/homebrew/Cellar/at-spi2-core/2.60.4/lib -latk-1.0 -L/opt/homebrew/Cellar/glib/2.88.1/lib -lgio-2.0 -lgobject-2.0 -lglib-2.0 -L/opt/homebrew/opt/gettext/lib -lintl conftest.c   >&5
configure:24085: $? = 0
configure:24170: checking for catalogs to be installed
configure:24195: result:  ja uk
configure:24290: checking for GTKMAC
configure:24297: $PKG_CONFIG --exists --print-errors "gtk-mac-integration-gtk3 >= 2.1"
configure:24300: $? = 0
configure:24314: $PKG_CONFIG --exists --print-errors "gtk-mac-integration-gtk3 >= 2.1"
configure:24317: $? = 0
configure:24355: result: yes
configure:24409: checking whether to use SSL
configure:24412: result: yes
configure:24422: checking whether to use GNUTLS
configure:24566: result: no
configure:24576: checking whether to use OpenSSL
configure:24579: result: yes
configure:24583: checking for OPENSSL
configure:24590: $PKG_CONFIG --exists --print-errors "openssl"
configure:24593: $? = 0
configure:24607: $PKG_CONFIG --exists --print-errors "openssl"
configure:24610: $? = 0
configure:24648: result: yes
configure:24655: checking if openssl is available
configure:24657: result: yes
configure:24711: result: no
configure:24801: checking that generated files are newer than configure
configure:24807: result: done
configure:24850: creating ./config.status

## ---------------------- ##
## Running config.status. ##
## ---------------------- ##

This file was extended by config.status, which was
generated by GNU Autoconf 2.73.  Invocation command line was

  CONFIG_FILES    = 
  CONFIG_HEADERS  = 
  CONFIG_LINKS    = 
  CONFIG_COMMANDS = 
  $ ./config.status 

on yukarichs-MacBook-Pro.local

config.status:1408: creating Makefile
config.status:1408: creating po/Makefile.in
config.status:1516: WARNING:  'po/Makefile.in.in' seems to ignore the --datarootdir setting
config.status:1408: creating intl/Makefile
config.status:1408: creating m4/Makefile
config.status:1408: creating src/version.h
config.status:1408: creating src/macopix_res.rc
config.status:1408: creating src/Makefile
config.status:1408: creating src/icons/Makefile
config.status:1408: creating config.h
config.status:1589: config.h is unchanged
config.status:1637: executing depfiles commands
config.status:1637: executing libtool commands
config.status:1637: executing po-directories commands
config.status:1637: executing default-1 commands

## ---------------- ##
## Cache variables. ##
## ---------------- ##

ac_cv_build=arm-apple-darwin25.5.0
ac_cv_c_compiler_gnu=yes
ac_cv_c_const=yes
ac_cv_c_future_darwin_options=-Werror=unguarded-availability-new
ac_cv_c_inline=inline
ac_cv_c_undeclared_builtin_options='none needed'
ac_cv_c_volatile=yes
ac_cv_enable_ssl=yes
ac_cv_env_CC_set=
ac_cv_env_CC_value=
ac_cv_env_CFLAGS_set=set
ac_cv_env_CFLAGS_value=-I/opt/homebrew/include
ac_cv_env_CPPFLAGS_set=set
ac_cv_env_CPPFLAGS_value='-I/opt/homebrew/Cellar/gtk-mac-integration/3.0.2/include/gtkmacintegration -DMAC_INTEGRATION -I/opt/homebrew/Cellar/gtk+3/3.24.52/include/gtk-3.0 -I/opt/homebrew/Cellar/pango/1.57.1/include/pango-1.0 -I/opt/homebrew/Cellar/libthai/0.1.30/include -I/opt/homebrew/Cellar/libdatrie/0.2.14/include -I/opt/homebrew/Cellar/harfbuzz/14.2.0/include/harfbuzz -I/opt/homebrew/opt/graphite2/include -I/opt/homebrew/Cellar/cairo/1.18.4/include -I/opt/homebrew/Cellar/cairo/1.18.4/include/cairo -I/opt/homebrew/Cellar/fontconfig/2.17.1/include -I/opt/homebrew/opt/freetype/include/freetype2 -I/opt/homebrew/Cellar/libxext/1.3.7/include -I/opt/homebrew/Cellar/xorgproto/2025.1/include -I/opt/homebrew/Cellar/libxrender/0.9.12/include -I/opt/homebrew/Cellar/libx11/1.8.13/include -I/opt/homebrew/Cellar/libxcb/1.17.0/include -I/opt/homebrew/Cellar/libxau/1.0.12/include -I/opt/homebrew/Cellar/libxdmcp/1.1.5/include -I/opt/homebrew/Cellar/pixman/0.46.4/include/pixman-1 -I/opt/homebrew/include/gdk-pixbuf-2.0 -I/opt/homebrew/opt/libpng/include/libpng16 -I/opt/homebrew/opt/libtiff/include -I/opt/homebrew/opt/zstd/include -I/opt/homebrew/Cellar/xz/5.8.3/include -I/opt/homebrew/opt/jpeg-turbo/include -I/opt/homebrew/Cellar/at-spi2-core/2.60.4/include/atk-1.0 -I/opt/homebrew/Cellar/libepoxy/1.5.10/include -I/opt/homebrew/Cellar/fribidi/1.0.16/include/fribidi -I/opt/homebrew/Cellar/glib/2.88.1/include/gio-unix-2.0 -I/opt/homebrew/Cellar/glib/2.88.1/include -I/Library/Developer/CommandLineTools/SDKs/MacOSX26.sdk/usr/include/ffi -I/opt/homebrew/Cellar/glib/2.88.1/include/glib-2.0 -I/opt/homebrew/Cellar/glib/2.88.1/lib/glib-2.0/include -I/opt/homebrew/opt/gettext/include -I/opt/homebrew/Cellar/pcre2/10.47_1/include'
ac_cv_env_CPP_set=
ac_cv_env_CPP_value=
ac_cv_env_GLIB_CFLAGS_set=
ac_cv_env_GLIB_CFLAGS_value=
ac_cv_env_GLIB_LIBS_set=
ac_cv_env_GLIB_LIBS_value=
ac_cv_env_GTK2_CFLAGS_set=
ac_cv_env_GTK2_CFLAGS_value=
ac_cv_env_GTK2_LIBS_set=
ac_cv_env_GTK2_LIBS_value=
ac_cv_env_GTK3_CFLAGS_set=
ac_cv_env_GTK3_CFLAGS_value=
ac_cv_env_GTK3_LIBS_set=
ac_cv_env_GTK3_LIBS_value=
ac_cv_env_GTKMAC_CFLAGS_set=
ac_cv_env_GTKMAC_CFLAGS_value=
ac_cv_env_GTKMAC_LIBS_set=
ac_cv_env_GTKMAC_LIBS_value=
ac_cv_env_LDFLAGS_set=set
ac_cv_env_LDFLAGS_value='-L/opt/homebrew/Cellar/gtk-mac-integration/3.0.2/lib -lgtkmacintegration-gtk3 -L/opt/homebrew/Cellar/gtk+3/3.24.52/lib -lgtk-3 -lgdk-3 -Wl,-framework,Cocoa -Wl,-framework,Carbon -Wl,-framework,CoreGraphics -L/opt/homebrew/Cellar/pango/1.57.1/lib -lpangocairo-1.0 -lpango-1.0 -L/opt/homebrew/Cellar/harfbuzz/14.2.0/lib -lharfbuzz -L/opt/homebrew/Cellar/cairo/1.18.4/lib -lcairo-gobject -lcairo -L/opt/homebrew/lib -lgdk_pixbuf-2.0 -L/opt/homebrew/Cellar/at-spi2-core/2.60.4/lib -latk-1.0 -L/opt/homebrew/Cellar/glib/2.88.1/lib -lgio-2.0 -lgobject-2.0 -lglib-2.0 -L/opt/homebrew/opt/gettext/lib -lintl'
ac_cv_env_LIBS_set=
ac_cv_env_LIBS_value=
ac_cv_env_LT_SYS_LIBRARY_PATH_set=
ac_cv_env_LT_SYS_LIBRARY_PATH_value=
ac_cv_env_OPENSSL_CFLAGS_set=
ac_cv_env_OPENSSL_CFLAGS_value=
ac_cv_env_OPENSSL_LIBS_set=
ac_cv_env_OPENSSL_LIBS_value=
ac_cv_env_PKG_CONFIG_LIBDIR_set=
ac_cv_env_PKG_CONFIG_LIBDIR_value=
ac_cv_env_PKG_CONFIG_PATH_set=set
ac_cv_env_PKG_CONFIG_PATH_value=/opt/homebrew/opt/libffi/lib/pkgconfig:/opt/homebrew/opt/openssl/lib/pkgconfig:/opt/homebrew/lib/pkgconfig
ac_cv_env_PKG_CONFIG_set=
ac_cv_env_PKG_CONFIG_value=
ac_cv_env_YACC_set=
ac_cv_env_YACC_value=
ac_cv_env_YFLAGS_set=
ac_cv_env_YFLAGS_value=
ac_cv_env_build_alias_set=
ac_cv_env_build_alias_value=
ac_cv_env_host_alias_set=
ac_cv_env_host_alias_value=
ac_cv_env_target_alias_set=
ac_cv_env_target_alias_value=
ac_cv_func___argz_count=no
ac_cv_func___argz_next=no
ac_cv_func___argz_stringify=no
ac_cv_func___fsetlocking=no
ac_cv_func_alloca_works=yes
ac_cv_func_argz_count=no
ac_cv_func_argz_next=no
ac_cv_func_argz_stringify=no
ac_cv_func_asprintf=yes
ac_cv_func_bind_textdomain_codeset=yes
ac_cv_func_closedir_void=no
ac_cv_func_dcgettext=yes
ac_cv_func_dup2=yes
ac_cv_func_fork=yes
ac_cv_func_fork_works=yes
ac_cv_func_fwprintf=yes
ac_cv_func_getcwd=yes
ac_cv_func_getegid=yes
ac_cv_func_geteuid=yes
ac_cv_func_getgid=yes
ac_cv_func_gethostbyname=yes
ac_cv_func_getlocalename_l=no
ac_cv_func_getpagesize=yes
ac_cv_func_getuid=yes
ac_cv_func_isascii=yes
ac_cv_func_lstat_dereferences_slashed_symlink=yes
ac_cv_func_lstat_empty_string_bug=no
ac_cv_func_malloc_0_nonnull=yes
ac_cv_func_mbrtowc=yes
ac_cv_func_memmove=yes
ac_cv_func_mempcpy=no
ac_cv_func_memset=yes
ac_cv_func_mkdir=yes
ac_cv_func_mmap_fixed_mapped=yes
ac_cv_func_munmap=yes
ac_cv_func_newlocale=yes
ac_cv_func_nl_langinfo=yes
ac_cv_func_putenv=yes
ac_cv_func_realloc_0_nonnull=yes
ac_cv_func_setenv=yes
ac_cv_func_setlocale=yes
ac_cv_func_snprintf=yes
ac_cv_func_socket=yes
ac_cv_func_stat_empty_string_bug=no
ac_cv_func_stpcpy=yes
ac_cv_func_strcasecmp=yes
ac_cv_func_strchr=yes
ac_cv_func_strcspn=yes
ac_cv_func_strdup=yes
ac_cv_func_strncasecmp=yes
ac_cv_func_strnlen=yes
ac_cv_func_strrchr=yes
ac_cv_func_strstr=yes
ac_cv_func_strtol=yes
ac_cv_func_strtoul=yes
ac_cv_func_symlink=yes
ac_cv_func_tsearch=yes
ac_cv_func_uselocale=yes
ac_cv_func_vfork=yes
ac_cv_func_vfork_works=yes
ac_cv_func_wcrtomb=yes
ac_cv_func_wcslen=yes
ac_cv_func_wcsnlen=yes
ac_cv_gnu_library_2=no
ac_cv_gnu_library_2_1=no
ac_cv_have_decl__snprintf=no
ac_cv_have_decl__snwprintf=no
ac_cv_have_decl_feof_unlocked=yes
ac_cv_have_decl_fgets_unlocked=no
ac_cv_have_decl_getc_unlocked=yes
ac_cv_header_argz_h=no
ac_cv_header_dirent_dirent_h=yes
ac_cv_header_dlfcn_h=yes
ac_cv_header_fcntl_h=yes
ac_cv_header_features_h=no
ac_cv_header_inttypes_h=yes
ac_cv_header_langinfo_h=yes
ac_cv_header_libintl_h=yes
ac_cv_header_limits_h=yes
ac_cv_header_locale_h=yes
ac_cv_header_malloc_h=no
ac_cv_header_minix_config_h=no
ac_cv_header_netdb_h=yes
ac_cv_header_netinet_in_h=yes
ac_cv_header_pthread_h=yes
ac_cv_header_stdbool_h=yes
ac_cv_header_stddef_h=yes
ac_cv_header_stdint_h=yes
ac_cv_header_stdio_ext_h=no
ac_cv_header_stdio_h=yes
ac_cv_header_stdlib_h=yes
ac_cv_header_string_h=yes
ac_cv_header_strings_h=yes
ac_cv_header_sys_param_h=yes
ac_cv_header_sys_socket_h=yes
ac_cv_header_sys_stat_h=yes
ac_cv_header_sys_types_h=yes
ac_cv_header_sys_utsname_h=yes
ac_cv_header_sys_wait_h=yes
ac_cv_header_unistd_h=yes
ac_cv_header_vfork_h=no
ac_cv_header_wchar_h=yes
ac_cv_host=arm-apple-darwin25.5.0
ac_cv_lib_lex='none needed'
ac_cv_lib_pthread_pthread_kill=yes
ac_cv_objext=o
ac_cv_path_EGREP='/usr/bin/grep -E'
ac_cv_path_EGREP_TRADITIONAL='/usr/bin/grep -E'
ac_cv_path_FGREP='/usr/bin/grep -F'
ac_cv_path_GLIB_COMPILE_RESOURCES=/opt/homebrew/bin/glib-compile-resources
ac_cv_path_GMSGFMT=/opt/homebrew/bin/msgfmt
ac_cv_path_GREP=/usr/bin/grep
ac_cv_path_MSGFMT=/opt/homebrew/bin/msgfmt
ac_cv_path_MSGMERGE=/opt/homebrew/bin/msgmerge
ac_cv_path_SED=/usr/bin/sed
ac_cv_path_XGETTEXT=/opt/homebrew/bin/xgettext
ac_cv_path_ac_pt_PKG_CONFIG=/opt/homebrew/bin/pkg-config
ac_cv_path_install='/usr/bin/install -c'
ac_cv_path_lt_DD=/bin/dd
ac_cv_prog_AWK=awk
ac_cv_prog_CPP='gcc -std=gnu23 -E'
ac_cv_prog_INTLBISON=bison
ac_cv_prog_LEX=flex
ac_cv_prog_YACC='bison -y'
ac_cv_prog_ac_ct_AR=ar
ac_cv_prog_ac_ct_CC=gcc
ac_cv_prog_ac_ct_DSYMUTIL=dsymutil
ac_cv_prog_ac_ct_LIPO=lipo
ac_cv_prog_ac_ct_NMEDIT=nmedit
ac_cv_prog_ac_ct_OBJDUMP=objdump
ac_cv_prog_ac_ct_OTOOL=otool
ac_cv_prog_ac_ct_RANLIB=ranlib
ac_cv_prog_ac_ct_STRIP=strip
ac_cv_prog_cc_c23=-std=gnu23
ac_cv_prog_cc_g=yes
ac_cv_prog_cc_stdc=-std=gnu23
ac_cv_prog_lex_root=lex.yy
ac_cv_prog_lex_yytext_pointer=yes
ac_cv_prog_make_make_set=yes
ac_cv_safe_to_define___extensions__=yes
ac_cv_search_opendir='none required'
ac_cv_search_strerror='none required'
ac_cv_search_yywrap=-ll
ac_cv_should_define__xopen_source=no
ac_cv_struct_tm=time.h
ac_cv_target=arm-apple-darwin25.5.0
ac_cv_type__Bool=yes
ac_cv_type_long_long_int=yes
ac_cv_type_mode_t=yes
ac_cv_type_off_t=yes
ac_cv_type_pid_t=yes
ac_cv_type_pthread_rwlock_t=yes
ac_cv_type_ptrdiff_t=yes
ac_cv_type_signal=void
ac_cv_type_size_t=yes
ac_cv_type_unsigned_long_long_int=yes
ac_cv_working_alloca_h=yes
acl_cv_hardcode_direct=no
acl_cv_hardcode_libdir_flag_spec=
acl_cv_hardcode_libdir_separator=
acl_cv_hardcode_minus_L=no
acl_cv_libext=a
acl_cv_libname_spec='lib$name'
acl_cv_library_names_spec='$libname$shrext'
acl_cv_path_LD=/Library/Developer/CommandLineTools/usr/bin/ld
acl_cv_prog_gnu_ld=no
acl_cv_rpath=done
acl_cv_shlibext=dylib
acl_cv_wl=-Wl,
am_cv_CC_dependencies_compiler_type=none
am_cv_func_iconv=yes
am_cv_func_iconv_works=yes
am_cv_langinfo_codeset=yes
am_cv_lib_iconv=yes
am_cv_make_support_nested_variables=yes
am_cv_prog_cc_c_o=yes
am_cv_prog_cc_stdc=-std=gnu23
am_cv_proto_iconv='extern size_t iconv (iconv_t cd, char * *inbuf, size_t *inbytesleft, char * *outbuf, size_t *outbytesleft);'
am_cv_proto_iconv_arg1=
am_cv_val_LC_MESSAGES=yes
gl_cv_cc_vis_werror=yes
gl_cv_cc_visibility=yes
gl_cv_have_weak=no
gl_cv_header_inttypes_h=yes
gl_cv_header_stdint_h=yes
gl_cv_header_working_fcntl_h=yes
gl_cv_size_max=yes
gt_cv_c_intmax_t=yes
gt_cv_c_wchar_t=yes
gt_cv_c_wint_t=yes
gt_cv_func_CFLocaleCopyCurrent=yes
gt_cv_func_CFPreferencesCopyAppValue=yes
gt_cv_func_dgettext_libc=yes
gt_cv_func_dgettext_libintl=no
gt_cv_func_gnugettext1_libc=yes
gt_cv_func_ngettext_libc=yes
gt_cv_func_printf_posix=yes
gt_cv_have_gettext=yes
gt_cv_int_divbyzero_sigfpe=no
gt_cv_inttypes_pri_broken=no
gt_cv_val_LC_MESSAGES=yes
lt_cv_apple_cc_single_mod=no
lt_cv_ar_at_file=no
lt_cv_deplibs_check_method=pass_all
lt_cv_file_magic_cmd='$MAGIC_CMD'
lt_cv_file_magic_test_file=
lt_cv_ld_exported_symbols_list=yes
lt_cv_ld_force_load=yes
lt_cv_ld_reload_flag=-r
lt_cv_nm_interface='BSD nm'
lt_cv_objdir=.libs
lt_cv_path_LD=/Library/Developer/CommandLineTools/usr/bin/ld
lt_cv_path_NM='/usr/bin/nm -B'
lt_cv_path_mainfest_tool=no
lt_cv_prog_compiler_c_o=yes
lt_cv_prog_compiler_pic='-fno-common -DPIC'
lt_cv_prog_compiler_pic_works=yes
lt_cv_prog_compiler_rtti_exceptions=yes
lt_cv_prog_compiler_static_works=no
lt_cv_prog_gnu_ld=no
lt_cv_sharedlib_from_linklib_cmd='printf %s\n'
lt_cv_sys_global_symbol_pipe='sed -n -e '\''s/^.*[	 ]\([ABCDGIRSTW][ABCDGIRSTW]*\)[	 ][	 ]*_\([_A-Za-z][_A-Za-z0-9]*\)$/\1 _\2 \2/p'\'' | sed '\''/ __gnu_lto/d'\'''
lt_cv_sys_global_symbol_to_c_name_address='sed -n -e '\''s/^: \(.*\) .*$/  {"\1", (void *) 0},/p'\'' -e '\''s/^[ABCDGIRSTW][ABCDGIRSTW]* .* \(.*\)$/  {"\1", (void *) \&\1},/p'\'''
lt_cv_sys_global_symbol_to_c_name_address_lib_prefix='sed -n -e '\''s/^: \(.*\) .*$/  {"\1", (void *) 0},/p'\'' -e '\''s/^[ABCDGIRSTW][ABCDGIRSTW]* .* \(lib.*\)$/  {"\1", (void *) \&\1},/p'\'' -e '\''s/^[ABCDGIRSTW][ABCDGIRSTW]* .* \(.*\)$/  {"lib\1", (void *) \&\1},/p'\'''
lt_cv_sys_global_symbol_to_cdecl='sed -n -e '\''s/^T .* \(.*\)$/extern int \1();/p'\'' -e '\''s/^[ABCDGIRSTW][ABCDGIRSTW]* .* \(.*\)$/extern char \1;/p'\'''
lt_cv_sys_global_symbol_to_import=
lt_cv_sys_max_cmd_len=786432
lt_cv_to_host_file_cmd=func_convert_file_noop
lt_cv_to_tool_file_cmd=func_convert_file_noop
lt_cv_truncate_bin='/bin/dd bs=4096 count=1'
nls_cv_force_use_gnu_gettext=no
nls_cv_header_intl=
nls_cv_header_libgt=
nls_cv_use_gnu_gettext=no
pkg_cv_GLIB_CFLAGS='-I/opt/homebrew/Cellar/glib/2.88.1/include/glib-2.0 -I/opt/homebrew/Cellar/glib/2.88.1/lib/glib-2.0/include -I/opt/homebrew/opt/gettext/include -I/opt/homebrew/Cellar/pcre2/10.47_1/include'
pkg_cv_GLIB_LIBS='-L/opt/homebrew/Cellar/glib/2.88.1/lib -lglib-2.0 -L/opt/homebrew/opt/gettext/lib -lintl'
pkg_cv_GTK3_CFLAGS='-I/opt/homebrew/Cellar/gtk+3/3.24.52/include/gtk-3.0 -I/opt/homebrew/Cellar/pango/1.57.1/include/pango-1.0 -I/opt/homebrew/Cellar/libthai/0.1.30/include -I/opt/homebrew/Cellar/libdatrie/0.2.14/include -I/opt/homebrew/Cellar/harfbuzz/14.2.0/include/harfbuzz -I/opt/homebrew/opt/graphite2/include -I/opt/homebrew/Cellar/cairo/1.18.4/include -I/opt/homebrew/Cellar/cairo/1.18.4/include/cairo -I/opt/homebrew/Cellar/fontconfig/2.17.1/include -I/opt/homebrew/opt/freetype/include/freetype2 -I/opt/homebrew/Cellar/libxext/1.3.7/include -I/opt/homebrew/Cellar/xorgproto/2025.1/include -I/opt/homebrew/Cellar/libxrender/0.9.12/include -I/opt/homebrew/Cellar/libx11/1.8.13/include -I/opt/homebrew/Cellar/libxcb/1.17.0/include -I/opt/homebrew/Cellar/libxau/1.0.12/include -I/opt/homebrew/Cellar/libxdmcp/1.1.5/include -I/opt/homebrew/Cellar/pixman/0.46.4/include/pixman-1 -I/opt/homebrew/include/gdk-pixbuf-2.0 -I/opt/homebrew/opt/libpng/include/libpng16 -I/opt/homebrew/opt/libtiff/include -I/opt/homebrew/opt/zstd/include -I/opt/homebrew/Cellar/xz/5.8.3/include -I/opt/homebrew/opt/jpeg-turbo/include -I/opt/homebrew/Cellar/at-spi2-core/2.60.4/include/atk-1.0 -I/opt/homebrew/Cellar/libepoxy/1.5.10/include -I/opt/homebrew/Cellar/fribidi/1.0.16/include/fribidi -I/opt/homebrew/Cellar/glib/2.88.1/include/gio-unix-2.0 -I/opt/homebrew/Cellar/glib/2.88.1/include -I/Library/Developer/CommandLineTools/SDKs/MacOSX26.sdk/usr/include/ffi -I/opt/homebrew/Cellar/glib/2.88.1/include/glib-2.0 -I/opt/homebrew/Cellar/glib/2.88.1/lib/glib-2.0/include -I/opt/homebrew/opt/gettext/include -I/opt/homebrew/Cellar/pcre2/10.47_1/include'
pkg_cv_GTK3_LIBS='-L/opt/homebrew/Cellar/gtk+3/3.24.52/lib -lgtk-3 -lgdk-3 -Wl,-framework,Cocoa -Wl,-framework,Carbon -Wl,-framework,CoreGraphics -L/opt/homebrew/Cellar/pango/1.57.1/lib -lpangocairo-1.0 -lpango-1.0 -L/opt/homebrew/Cellar/harfbuzz/14.2.0/lib -lharfbuzz -L/opt/homebrew/Cellar/cairo/1.18.4/lib -lcairo-gobject -lcairo -L/opt/homebrew/lib -lgdk_pixbuf-2.0 -L/opt/homebrew/Cellar/at-spi2-core/2.60.4/lib -latk-1.0 -L/opt/homebrew/Cellar/glib/2.88.1/lib -lgio-2.0 -lgobject-2.0 -lglib-2.0 -L/opt/homebrew/opt/gettext/lib -lintl'
pkg_cv_GTKMAC_CFLAGS='-I/opt/homebrew/Cellar/gtk-mac-integration/3.0.2/include/gtkmacintegration -DMAC_INTEGRATION -I/opt/homebrew/Cellar/gtk+3/3.24.52/include/gtk-3.0 -I/opt/homebrew/Cellar/pango/1.57.1/include/pango-1.0 -I/opt/homebrew/Cellar/libthai/0.1.30/include -I/opt/homebrew/Cellar/libdatrie/0.2.14/include -I/opt/homebrew/Cellar/harfbuzz/14.2.0/include/harfbuzz -I/opt/homebrew/opt/graphite2/include -I/opt/homebrew/Cellar/cairo/1.18.4/include -I/opt/homebrew/Cellar/cairo/1.18.4/include/cairo -I/opt/homebrew/Cellar/fontconfig/2.17.1/include -I/opt/homebrew/opt/freetype/include/freetype2 -I/opt/homebrew/Cellar/libxext/1.3.7/include -I/opt/homebrew/Cellar/xorgproto/2025.1/include -I/opt/homebrew/Cellar/libxrender/0.9.12/include -I/opt/homebrew/Cellar/libx11/1.8.13/include -I/opt/homebrew/Cellar/libxcb/1.17.0/include -I/opt/homebrew/Cellar/libxau/1.0.12/include -I/opt/homebrew/Cellar/libxdmcp/1.1.5/include -I/opt/homebrew/Cellar/pixman/0.46.4/include/pixman-1 -I/opt/homebrew/include/gdk-pixbuf-2.0 -I/opt/homebrew/opt/libpng/include/libpng16 -I/opt/homebrew/opt/libtiff/include -I/opt/homebrew/opt/zstd/include -I/opt/homebrew/Cellar/xz/5.8.3/include -I/opt/homebrew/opt/jpeg-turbo/include -I/opt/homebrew/Cellar/at-spi2-core/2.60.4/include/atk-1.0 -I/opt/homebrew/Cellar/libepoxy/1.5.10/include -I/opt/homebrew/Cellar/fribidi/1.0.16/include/fribidi -I/opt/homebrew/Cellar/glib/2.88.1/include/gio-unix-2.0 -I/opt/homebrew/Cellar/glib/2.88.1/include -I/Library/Developer/CommandLineTools/SDKs/MacOSX26.sdk/usr/include/ffi -I/opt/homebrew/Cellar/glib/2.88.1/include/glib-2.0 -I/opt/homebrew/Cellar/glib/2.88.1/lib/glib-2.0/include -I/opt/homebrew/opt/gettext/include -I/opt/homebrew/Cellar/pcre2/10.47_1/include'
pkg_cv_GTKMAC_LIBS='-L/opt/homebrew/Cellar/gtk-mac-integration/3.0.2/lib -lgtkmacintegration-gtk3 -L/opt/homebrew/Cellar/gtk+3/3.24.52/lib -lgtk-3 -lgdk-3 -Wl,-framework,Cocoa -Wl,-framework,Carbon -Wl,-framework,CoreGraphics -L/opt/homebrew/Cellar/pango/1.57.1/lib -lpangocairo-1.0 -lpango-1.0 -L/opt/homebrew/Cellar/harfbuzz/14.2.0/lib -lharfbuzz -L/opt/homebrew/Cellar/cairo/1.18.4/lib -lcairo-gobject -lcairo -L/opt/homebrew/lib -lgdk_pixbuf-2.0 -L/opt/homebrew/Cellar/at-spi2-core/2.60.4/lib -latk-1.0 -L/opt/homebrew/Cellar/glib/2.88.1/lib -lgio-2.0 -lgobject-2.0 -lglib-2.0 -L/opt/homebrew/opt/gettext/lib -lintl'
pkg_cv_OPENSSL_CFLAGS=-I/opt/homebrew/Cellar/openssl@3/3.6.2/include
pkg_cv_OPENSSL_LIBS='-L/opt/homebrew/Cellar/openssl@3/3.6.2/lib -lssl -lcrypto'

## ----------------- ##
## Output variables. ##
## ----------------- ##

ACLOCAL='${SHELL} /Users/yukarich/dev/MaCoPiX/missing aclocal-1.15'
ALLOCA=''
AMDEPBACKSLASH=''
AMDEP_FALSE=''
AMDEP_TRUE='#'
AMTAR='$${TAR-tar}'
AM_BACKSLASH='\'
AM_DEFAULT_V='$(AM_DEFAULT_VERBOSITY)'
AM_DEFAULT_VERBOSITY='1'
AM_V='$(V)'
AR='ar'
AUTOCONF='${SHELL} /Users/yukarich/dev/MaCoPiX/missing autoconf'
AUTOHEADER='${SHELL} /Users/yukarich/dev/MaCoPiX/missing autoheader'
AUTOMAKE='${SHELL} /Users/yukarich/dev/MaCoPiX/missing automake-1.15'
AWK='awk'
BUILD_INCLUDED_LIBINTL='no'
BUILD_REVISION='0'
CATALOGS=' ja.gmo uk.gmo'
CATOBJEXT='.gmo'
CC='gcc -std=gnu23'
CCDEPMODE='depmode=none'
CFLAGS='-I/opt/homebrew/include -I/opt/homebrew/Cellar/openssl@3/3.6.2/include'
CFLAG_VISIBILITY='-fvisibility=hidden'
CPP='gcc -std=gnu23 -E'
CPPFLAGS='-I/opt/homebrew/Cellar/gtk-mac-integration/3.0.2/include/gtkmacintegration -DMAC_INTEGRATION -I/opt/homebrew/Cellar/gtk+3/3.24.52/include/gtk-3.0 -I/opt/homebrew/Cellar/pango/1.57.1/include/pango-1.0 -I/opt/homebrew/Cellar/libthai/0.1.30/include -I/opt/homebrew/Cellar/libdatrie/0.2.14/include -I/opt/homebrew/Cellar/harfbuzz/14.2.0/include/harfbuzz -I/opt/homebrew/opt/graphite2/include -I/opt/homebrew/Cellar/cairo/1.18.4/include -I/opt/homebrew/Cellar/cairo/1.18.4/include/cairo -I/opt/homebrew/Cellar/fontconfig/2.17.1/include -I/opt/homebrew/opt/freetype/include/freetype2 -I/opt/homebrew/Cellar/libxext/1.3.7/include -I/opt/homebrew/Cellar/xorgproto/2025.1/include -I/opt/homebrew/Cellar/libxrender/0.9.12/include -I/opt/homebrew/Cellar/libx11/1.8.13/include -I/opt/homebrew/Cellar/libxcb/1.17.0/include -I/opt/homebrew/Cellar/libxau/1.0.12/include -I/opt/homebrew/Cellar/libxdmcp/1.1.5/include -I/opt/homebrew/Cellar/pixman/0.46.4/include/pixman-1 -I/opt/homebrew/include/gdk-pixbuf-2.0 -I/opt/homebrew/opt/libpng/include/libpng16 -I/opt/homebrew/opt/libtiff/include -I/opt/homebrew/opt/zstd/include -I/opt/homebrew/Cellar/xz/5.8.3/include -I/opt/homebrew/opt/jpeg-turbo/include -I/opt/homebrew/Cellar/at-spi2-core/2.60.4/include/atk-1.0 -I/opt/homebrew/Cellar/libepoxy/1.5.10/include -I/opt/homebrew/Cellar/fribidi/1.0.16/include/fribidi -I/opt/homebrew/Cellar/glib/2.88.1/include/gio-unix-2.0 -I/opt/homebrew/Cellar/glib/2.88.1/include -I/Library/Developer/CommandLineTools/SDKs/MacOSX26.sdk/usr/include/ffi -I/opt/homebrew/Cellar/glib/2.88.1/include/glib-2.0 -I/opt/homebrew/Cellar/glib/2.88.1/lib/glib-2.0/include -I/opt/homebrew/opt/gettext/include -I/opt/homebrew/Cellar/pcre2/10.47_1/include'
CYGPATH_W='echo'
DATADIRNAME='share'
DEFS='-DHAVE_CONFIG_H'
DEPDIR='.deps'
DISABLE_DEPRECATED=''
DLLTOOL='false'
DSYMUTIL='dsymutil'
DUMPBIN=''
ECHO_C='\c'
ECHO_N=''
ECHO_T=''
EGREP='/usr/bin/grep -E'
EXEEXT=''
FGREP='/usr/bin/grep -F'
GENCAT='gencat'
GETTEXT_MACRO_VERSION='0.19'
GETTEXT_PACKAGE='macopix'
GLIBC21='no'
GLIBC2='no'
GLIB_CFLAGS='-I/opt/homebrew/Cellar/glib/2.88.1/include/glib-2.0 -I/opt/homebrew/Cellar/glib/2.88.1/lib/glib-2.0/include -I/opt/homebrew/opt/gettext/include -I/opt/homebrew/Cellar/pcre2/10.47_1/include'
GLIB_COMPILE_RESOURCES='/opt/homebrew/bin/glib-compile-resources'
GLIB_LIBS='-L/opt/homebrew/Cellar/glib/2.88.1/lib -lglib-2.0 -L/opt/homebrew/opt/gettext/lib -lintl'
GMOFILES=' ja.gmo uk.gmo'
GMSGFMT='/opt/homebrew/bin/msgfmt'
GMSGFMT_015='/opt/homebrew/bin/msgfmt'
GNUTLS_CFLAGS=''
GNUTLS_LIBS=''
GREP='/usr/bin/grep'
GTK2_CFLAGS=''
GTK2_LIBS=''
GTK3_CFLAGS='-I/opt/homebrew/Cellar/gtk+3/3.24.52/include/gtk-3.0 -I/opt/homebrew/Cellar/pango/1.57.1/include/pango-1.0 -I/opt/homebrew/Cellar/libthai/0.1.30/include -I/opt/homebrew/Cellar/libdatrie/0.2.14/include -I/opt/homebrew/Cellar/harfbuzz/14.2.0/include/harfbuzz -I/opt/homebrew/opt/graphite2/include -I/opt/homebrew/Cellar/cairo/1.18.4/include -I/opt/homebrew/Cellar/cairo/1.18.4/include/cairo -I/opt/homebrew/Cellar/fontconfig/2.17.1/include -I/opt/homebrew/opt/freetype/include/freetype2 -I/opt/homebrew/Cellar/libxext/1.3.7/include -I/opt/homebrew/Cellar/xorgproto/2025.1/include -I/opt/homebrew/Cellar/libxrender/0.9.12/include -I/opt/homebrew/Cellar/libx11/1.8.13/include -I/opt/homebrew/Cellar/libxcb/1.17.0/include -I/opt/homebrew/Cellar/libxau/1.0.12/include -I/opt/homebrew/Cellar/libxdmcp/1.1.5/include -I/opt/homebrew/Cellar/pixman/0.46.4/include/pixman-1 -I/opt/homebrew/include/gdk-pixbuf-2.0 -I/opt/homebrew/opt/libpng/include/libpng16 -I/opt/homebrew/opt/libtiff/include -I/opt/homebrew/opt/zstd/include -I/opt/homebrew/Cellar/xz/5.8.3/include -I/opt/homebrew/opt/jpeg-turbo/include -I/opt/homebrew/Cellar/at-spi2-core/2.60.4/include/atk-1.0 -I/opt/homebrew/Cellar/libepoxy/1.5.10/include -I/opt/homebrew/Cellar/fribidi/1.0.16/include/fribidi -I/opt/homebrew/Cellar/glib/2.88.1/include/gio-unix-2.0 -I/opt/homebrew/Cellar/glib/2.88.1/include -I/Library/Developer/CommandLineTools/SDKs/MacOSX26.sdk/usr/include/ffi -I/opt/homebrew/Cellar/glib/2.88.1/include/glib-2.0 -I/opt/homebrew/Cellar/glib/2.88.1/lib/glib-2.0/include -I/opt/homebrew/opt/gettext/include -I/opt/homebrew/Cellar/pcre2/10.47_1/include'
GTK3_LIBS='-L/opt/homebrew/Cellar/gtk+3/3.24.52/lib -lgtk-3 -lgdk-3 -Wl,-framework,Cocoa -Wl,-framework,Carbon -Wl,-framework,CoreGraphics -L/opt/homebrew/Cellar/pango/1.57.1/lib -lpangocairo-1.0 -lpango-1.0 -L/opt/homebrew/Cellar/harfbuzz/14.2.0/lib -lharfbuzz -L/opt/homebrew/Cellar/cairo/1.18.4/lib -lcairo-gobject -lcairo -L/opt/homebrew/lib -lgdk_pixbuf-2.0 -L/opt/homebrew/Cellar/at-spi2-core/2.60.4/lib -latk-1.0 -L/opt/homebrew/Cellar/glib/2.88.1/lib -lgio-2.0 -lgobject-2.0 -lglib-2.0 -L/opt/homebrew/opt/gettext/lib -lintl'
GTKMAC_CFLAGS='-I/opt/homebrew/Cellar/gtk-mac-integration/3.0.2/include/gtkmacintegration -DMAC_INTEGRATION -I/opt/homebrew/Cellar/gtk+3/3.24.52/include/gtk-3.0 -I/opt/homebrew/Cellar/pango/1.57.1/include/pango-1.0 -I/opt/homebrew/Cellar/libthai/0.1.30/include -I/opt/homebrew/Cellar/libdatrie/0.2.14/include -I/opt/homebrew/Cellar/harfbuzz/14.2.0/include/harfbuzz -I/opt/homebrew/opt/graphite2/include -I/opt/homebrew/Cellar/cairo/1.18.4/include -I/opt/homebrew/Cellar/cairo/1.18.4/include/cairo -I/opt/homebrew/Cellar/fontconfig/2.17.1/include -I/opt/homebrew/opt/freetype/include/freetype2 -I/opt/homebrew/Cellar/libxext/1.3.7/include -I/opt/homebrew/Cellar/xorgproto/2025.1/include -I/opt/homebrew/Cellar/libxrender/0.9.12/include -I/opt/homebrew/Cellar/libx11/1.8.13/include -I/opt/homebrew/Cellar/libxcb/1.17.0/include -I/opt/homebrew/Cellar/libxau/1.0.12/include -I/opt/homebrew/Cellar/libxdmcp/1.1.5/include -I/opt/homebrew/Cellar/pixman/0.46.4/include/pixman-1 -I/opt/homebrew/include/gdk-pixbuf-2.0 -I/opt/homebrew/opt/libpng/include/libpng16 -I/opt/homebrew/opt/libtiff/include -I/opt/homebrew/opt/zstd/include -I/opt/homebrew/Cellar/xz/5.8.3/include -I/opt/homebrew/opt/jpeg-turbo/include -I/opt/homebrew/Cellar/at-spi2-core/2.60.4/include/atk-1.0 -I/opt/homebrew/Cellar/libepoxy/1.5.10/include -I/opt/homebrew/Cellar/fribidi/1.0.16/include/fribidi -I/opt/homebrew/Cellar/glib/2.88.1/include/gio-unix-2.0 -I/opt/homebrew/Cellar/glib/2.88.1/include -I/Library/Developer/CommandLineTools/SDKs/MacOSX26.sdk/usr/include/ffi -I/opt/homebrew/Cellar/glib/2.88.1/include/glib-2.0 -I/opt/homebrew/Cellar/glib/2.88.1/lib/glib-2.0/include -I/opt/homebrew/opt/gettext/include -I/opt/homebrew/Cellar/pcre2/10.47_1/include'
GTKMAC_LIBS='-L/opt/homebrew/Cellar/gtk-mac-integration/3.0.2/lib -lgtkmacintegration-gtk3 -L/opt/homebrew/Cellar/gtk+3/3.24.52/lib -lgtk-3 -lgdk-3 -Wl,-framework,Cocoa -Wl,-framework,Carbon -Wl,-framework,CoreGraphics -L/opt/homebrew/Cellar/pango/1.57.1/lib -lpangocairo-1.0 -lpango-1.0 -L/opt/homebrew/Cellar/harfbuzz/14.2.0/lib -lharfbuzz -L/opt/homebrew/Cellar/cairo/1.18.4/lib -lcairo-gobject -lcairo -L/opt/homebrew/lib -lgdk_pixbuf-2.0 -L/opt/homebrew/Cellar/at-spi2-core/2.60.4/lib -latk-1.0 -L/opt/homebrew/Cellar/glib/2.88.1/lib -lgio-2.0 -lgobject-2.0 -lglib-2.0 -L/opt/homebrew/opt/gettext/lib -lintl'
GTK_CFLAGS='-I/opt/homebrew/Cellar/gtk+3/3.24.52/include/gtk-3.0 -I/opt/homebrew/Cellar/pango/1.57.1/include/pango-1.0 -I/opt/homebrew/Cellar/libthai/0.1.30/include -I/opt/homebrew/Cellar/libdatrie/0.2.14/include -I/opt/homebrew/Cellar/harfbuzz/14.2.0/include/harfbuzz -I/opt/homebrew/opt/graphite2/include -I/opt/homebrew/Cellar/cairo/1.18.4/include -I/opt/homebrew/Cellar/cairo/1.18.4/include/cairo -I/opt/homebrew/Cellar/fontconfig/2.17.1/include -I/opt/homebrew/opt/freetype/include/freetype2 -I/opt/homebrew/Cellar/libxext/1.3.7/include -I/opt/homebrew/Cellar/xorgproto/2025.1/include -I/opt/homebrew/Cellar/libxrender/0.9.12/include -I/opt/homebrew/Cellar/libx11/1.8.13/include -I/opt/homebrew/Cellar/libxcb/1.17.0/include -I/opt/homebrew/Cellar/libxau/1.0.12/include -I/opt/homebrew/Cellar/libxdmcp/1.1.5/include -I/opt/homebrew/Cellar/pixman/0.46.4/include/pixman-1 -I/opt/homebrew/include/gdk-pixbuf-2.0 -I/opt/homebrew/opt/libpng/include/libpng16 -I/opt/homebrew/opt/libtiff/include -I/opt/homebrew/opt/zstd/include -I/opt/homebrew/Cellar/xz/5.8.3/include -I/opt/homebrew/opt/jpeg-turbo/include -I/opt/homebrew/Cellar/at-spi2-core/2.60.4/include/atk-1.0 -I/opt/homebrew/Cellar/libepoxy/1.5.10/include -I/opt/homebrew/Cellar/fribidi/1.0.16/include/fribidi -I/opt/homebrew/Cellar/glib/2.88.1/include/gio-unix-2.0 -I/opt/homebrew/Cellar/glib/2.88.1/include -I/Library/Developer/CommandLineTools/SDKs/MacOSX26.sdk/usr/include/ffi -I/opt/homebrew/Cellar/glib/2.88.1/include/glib-2.0 -I/opt/homebrew/Cellar/glib/2.88.1/lib/glib-2.0/include -I/opt/homebrew/opt/gettext/include -I/opt/homebrew/Cellar/pcre2/10.47_1/include'
GTK_LIBS='-L/opt/homebrew/Cellar/gtk+3/3.24.52/lib -lgtk-3 -lgdk-3 -Wl,-framework,Cocoa -Wl,-framework,Carbon -Wl,-framework,CoreGraphics -L/opt/homebrew/Cellar/pango/1.57.1/lib -lpangocairo-1.0 -lpango-1.0 -L/opt/homebrew/Cellar/harfbuzz/14.2.0/lib -lharfbuzz -L/opt/homebrew/Cellar/cairo/1.18.4/lib -lcairo-gobject -lcairo -L/opt/homebrew/lib -lgdk_pixbuf-2.0 -L/opt/homebrew/Cellar/at-spi2-core/2.60.4/lib -latk-1.0 -L/opt/homebrew/Cellar/glib/2.88.1/lib -lgio-2.0 -lgobject-2.0 -lglib-2.0 -L/opt/homebrew/opt/gettext/lib -lintl'
HAVE_ASPRINTF='1'
HAVE_NEWLOCALE='1'
HAVE_POSIX_PRINTF='1'
HAVE_SNPRINTF='1'
HAVE_VISIBILITY='1'
HAVE_WINDRES_FALSE=''
HAVE_WINDRES_TRUE='#'
HAVE_WPRINTF='0'
INSTALL_DATA='${INSTALL} -m 644'
INSTALL_PROGRAM='${INSTALL}'
INSTALL_SCRIPT='${INSTALL}'
INSTALL_STRIP_PROGRAM='$(install_sh) -c -s'
INSTOBJEXT='.mo'
INTLBISON=':'
INTLLIBS=''
INTLOBJS=''
INTL_DEFAULT_VERBOSITY='1'
INTL_LIBTOOL_SUFFIX_PREFIX=''
INTL_MACOSX_LIBS='-Wl,-framework -Wl,CoreFoundation'
LD='/Library/Developer/CommandLineTools/usr/bin/ld'
LDFLAGS='-L/opt/homebrew/Cellar/gtk-mac-integration/3.0.2/lib -lgtkmacintegration-gtk3 -L/opt/homebrew/Cellar/gtk+3/3.24.52/lib -lgtk-3 -lgdk-3 -Wl,-framework,Cocoa -Wl,-framework,Carbon -Wl,-framework,CoreGraphics -L/opt/homebrew/Cellar/pango/1.57.1/lib -lpangocairo-1.0 -lpango-1.0 -L/opt/homebrew/Cellar/harfbuzz/14.2.0/lib -lharfbuzz -L/opt/homebrew/Cellar/cairo/1.18.4/lib -lcairo-gobject -lcairo -L/opt/homebrew/lib -lgdk_pixbuf-2.0 -L/opt/homebrew/Cellar/at-spi2-core/2.60.4/lib -latk-1.0 -L/opt/homebrew/Cellar/glib/2.88.1/lib -lgio-2.0 -lgobject-2.0 -lglib-2.0 -L/opt/homebrew/opt/gettext/lib -lintl'
LEX='flex'
LEXLIB='-ll '
LEX_OUTPUT_ROOT='lex.yy'
LIBICONV='-liconv'
LIBINTL=' -Wl,-framework -Wl,CoreFoundation'
LIBMULTITHREAD='-lpthread'
LIBOBJS=''
LIBPTH=''
LIBPTH_PREFIX=''
LIBS=' -L/opt/homebrew/Cellar/openssl@3/3.6.2/lib -lssl -lcrypto'
LIBTHREAD=''
LIBTOOL='$(SHELL) $(top_builddir)/libtool'
LIPO='lipo'
LN_S='ln -s'
LOCALEDIR=''
LTLIBC='-lc'
LTLIBICONV='-liconv'
LTLIBINTL=' -Wl,-framework -Wl,CoreFoundation'
LTLIBMULTITHREAD='-lpthread'
LTLIBOBJS=''
LTLIBPTH=''
LTLIBTHREAD=''
LT_AGE='0'
LT_CURRENT='0'
LT_RELEASE='3.4'
LT_REVISION='0'
LT_SYS_LIBRARY_PATH=''
MAINT='#'
MAINTAINER_MODE_FALSE=''
MAINTAINER_MODE_TRUE='#'
MAJOR_VERSION='3'
MAKEINFO='${SHELL} /Users/yukarich/dev/MaCoPiX/missing makeinfo'
MANIFEST_TOOL=':'
MICRO_VERSION='0'
MINOR_VERSION='4'
MKDIR_P='mkdir -p'
MKINSTALLDIRS='.//mkinstalldirs'
MSGFMT='/opt/homebrew/bin/msgfmt'
MSGFMT_015='/opt/homebrew/bin/msgfmt'
MSGFMT_OPTS='-c'
MSGMERGE='/opt/homebrew/bin/msgmerge'
NM='/usr/bin/nm -B'
NMEDIT='nmedit'
OBJDUMP='objdump'
OBJEXT='o'
OPENSSL_CFLAGS='-I/opt/homebrew/Cellar/openssl@3/3.6.2/include'
OPENSSL_LIBS='-L/opt/homebrew/Cellar/openssl@3/3.6.2/lib -lssl -lcrypto'
OSX_CADD='-x objective-c -std=c99'
OSX_LDADD='-headerpad_max_install_names -framework carbon -framework foundation -framework cocoa -x objective-c -std=c99'
OTOOL64=':'
OTOOL='otool'
PACKAGE='macopix'
PACKAGE_BUGREPORT=''
PACKAGE_NAME=''
PACKAGE_STRING=''
PACKAGE_TARNAME=''
PACKAGE_URL=''
PACKAGE_VERSION=''
PATH_SEPARATOR=':'
PKG_CONFIG='/opt/homebrew/bin/pkg-config'
PKG_CONFIG_LIBDIR=''
PKG_CONFIG_PATH='/opt/homebrew/opt/libffi/lib/pkgconfig:/opt/homebrew/opt/openssl/lib/pkgconfig:/opt/homebrew/lib/pkgconfig'
POFILES=' ja.po uk.po'
POMAKEFILEDEPS='POTFILES.in'
POSUB='po'
PO_IN_DATADIR_FALSE=''
PO_IN_DATADIR_TRUE=''
PRI_MACROS_BROKEN='0'
RANLIB='ranlib'
SED='/usr/bin/sed'
SET_MAKE=''
SHELL='/bin/sh'
STRIP='strip'
TAR32_LIBS=''
UNLHA32_LIBS=''
USE_INCLUDED_LIBINTL='no'
USE_NLS='yes'
VERSION='3.4.0'
WIN32_ICONV_LIBS=''
WINDRES=''
WINMM_LIBS=''
WINSOCK_LIBS=''
WOE32='no'
WOE32DLL='no'
XGETTEXT='/opt/homebrew/bin/xgettext'
XGETTEXT_015='/opt/homebrew/bin/xgettext'
XGETTEXT_EXTRA_OPTIONS=''
YACC='bison -y'
YFLAGS=''
ac_ct_AR='ar'
ac_ct_CC='gcc'
ac_ct_DUMPBIN=''
am__EXEEXT_FALSE=''
am__EXEEXT_TRUE='#'
am__fastdepCC_FALSE=''
am__fastdepCC_TRUE='#'
am__include='include'
am__isrc=''
am__leading_dot='.'
am__nodep=''
am__quote=''
am__tar='$${TAR-tar} chof - "$$tardir"'
am__untar='$${TAR-tar} xf -'
bindir='${exec_prefix}/bin'
build='arm-apple-darwin25.5.0'
build_alias=''
build_cpu='arm'
build_os='darwin25.5.0'
build_vendor='apple'
commondir='${prefix}/share/${PACKAGE}/'
datadir='${datarootdir}'
datarootdir='${prefix}/share'
docdir='${datarootdir}/doc/${PACKAGE}'
dvidir='${docdir}'
exec_prefix='${prefix}'
host='arm-apple-darwin25.5.0'
host_alias=''
host_cpu='arm'
host_os='darwin25.5.0'
host_vendor='apple'
htmldir='${docdir}'
includedir='${prefix}/include'
infodir='${datarootdir}/info'
install_sh='${SHELL} /Users/yukarich/dev/MaCoPiX/install-sh'
libdir='${exec_prefix}/lib'
libexecdir='${exec_prefix}/libexec'
localedir='Contents/Resources/share/locale'
localstatedir='${prefix}/var'
mandir='${datarootdir}/man'
manualdir='${prefix}/${DATADIRNAME}/${PACKAGE}/manual'
mkdir_p='$(MKDIR_P)'
oldincludedir='/usr/include'
pdfdir='${docdir}'
prefix='/usr/local'
prefixdir='${prefix}/share/'
program_transform_name='s,x,x,'
psdir='${docdir}'
runstatedir='${localstatedir}/run'
sbindir='${exec_prefix}/sbin'
sharedstatedir='${prefix}/com'
sysconfdir='${prefix}/etc'
target='arm-apple-darwin25.5.0'
target_alias=''
target_cpu='arm'
target_os='darwin25.5.0'
target_vendor='apple'
themedir='Contents/Resources/share/icons'

## ----------- ##
## confdefs.h. ##
## ----------- ##

/* confdefs.h */
#define PACKAGE_NAME ""
#define PACKAGE_TARNAME ""
#define PACKAGE_VERSION ""
#define PACKAGE_STRING ""
#define PACKAGE_BUGREPORT ""
#define PACKAGE_URL ""
#define YYTEXT_POINTER 1
#define HAVE_STDIO_H 1
#define HAVE_STDLIB_H 1
#define HAVE_STRING_H 1
#define HAVE_INTTYPES_H 1
#define HAVE_STDINT_H 1
#define HAVE_STRINGS_H 1
#define HAVE_SYS_STAT_H 1
#define HAVE_SYS_TYPES_H 1
#define HAVE_UNISTD_H 1
#define HAVE_SYS_PARAM_H 1
#define HAVE_WCHAR_H 1
#define STDC_HEADERS 1
#define HAVE_DLFCN_H 1
#define LT_OBJDIR ".libs/"
#define HAVE_ALLOCA_H 1
#define HAVE_ALLOCA 1
#define HAVE_DIRENT_H 1
#define HAVE_SYS_WAIT_H 1
#define HAVE_FCNTL_H 1
#define HAVE_INTTYPES_H 1
#define HAVE_LANGINFO_H 1
#define HAVE_LIBINTL_H 1
#define HAVE_LIMITS_H 1
#define HAVE_LOCALE_H 1
#define HAVE_NETDB_H 1
#define HAVE_NETINET_IN_H 1
#define HAVE_STDDEF_H 1
#define HAVE_STDINT_H 1
#define HAVE_STDLIB_H 1
#define HAVE_STRING_H 1
#define HAVE_STRINGS_H 1
#define HAVE_SYS_PARAM_H 1
#define HAVE_SYS_SOCKET_H 1
#define HAVE_SYS_UTSNAME_H 1
#define HAVE_UNISTD_H 1
#define HAVE__BOOL 1
#define HAVE_STDBOOL_H 1
#define HAVE_FORK 1
#define HAVE_VFORK 1
#define HAVE_GETPAGESIZE 1
#define HAVE_SYMLINK 1
#define HAVE_WORKING_VFORK 1
#define HAVE_WORKING_FORK 1
#define LSTAT_FOLLOWS_SLASHED_SYMLINK 1
#define LSTAT_FOLLOWS_SLASHED_SYMLINK 1
#define HAVE_MALLOC 1
#define HAVE_MMAP 1
#define HAVE_REALLOC 1
#define RETSIGTYPE void
#define HAVE_DUP2 1
#define HAVE_GETCWD 1
#define HAVE_GETHOSTBYNAME 1
#define HAVE_MEMSET 1
#define HAVE_MKDIR 1
#define HAVE_MUNMAP 1
#define HAVE_NL_LANGINFO 1
#define HAVE_SETLOCALE 1
#define HAVE_SOCKET 1
#define HAVE_STPCPY 1
#define HAVE_STRCASECMP 1
#define HAVE_STRCHR 1
#define HAVE_STRCSPN 1
#define HAVE_STRDUP 1
#define HAVE_STRRCHR 1
#define HAVE_STRSTR 1
#define HAVE_STRTOL 1
#define HAVE_STRTOUL 1
#define HAVE_ISASCII 1
#define HAVE_MEMMOVE 1
#define HAVE_STRNCASECMP 1
#define USE_OSX /**/
#define USE_BIFF /**/
#define USE_SOCKMSG /**/
#define USE_COMMON /**/
#define USE_GTAR /**/
#define USE_SSL /**/
#define USE_GTK3 /**/
#define HAVE_ICONV 1
#define ICONV_CONST 
#define HAVE_VISIBILITY 1
#define HAVE_STDINT_H_WITH_UINTMAX 1
#define INTDIV0_RAISES_SIGFPE 0
#define HAVE_INTTYPES_H_WITH_UINTMAX 1
#define HAVE_UNSIGNED_LONG_LONG_INT 1
#define HAVE_UINTMAX_T 1
#define HAVE_INTTYPES_H 1
#define _ALL_SOURCE 1
#define _COSMO_SOURCE 1
#define _DARWIN_C_SOURCE 1
#define _GNU_SOURCE 1
#define _HPUX_ALT_XOPEN_SOCKET_API 1
#define _NETBSD_SOURCE 1
#define _OPENBSD_SOURCE 1
#define _POSIX_PTHREAD_SEMANTICS 1
#define __STDC_WANT_IEC_60559_ATTRIBS_EXT__ 1
#define __STDC_WANT_IEC_60559_BFP_EXT__ 1
#define __STDC_WANT_IEC_60559_DFP_EXT__ 1
#define __STDC_WANT_IEC_60559_EXT__ 1
#define __STDC_WANT_IEC_60559_FUNCS_EXT__ 1
#define __STDC_WANT_IEC_60559_TYPES_EXT__ 1
#define __STDC_WANT_LIB_EXT2__ 1
#define __STDC_WANT_MATH_SPEC_FUNCS__ 1
#define _TANDEM_SOURCE 1
#define __EXTENSIONS__ 1
#define USE_POSIX_THREADS 1
#define HAVE_PTHREAD_RWLOCK 1
#define HAVE_PTHREAD_MUTEX_RECURSIVE 1
#define HAVE_BUILTIN_EXPECT 1
#define HAVE_INTTYPES_H 1
#define HAVE_LIMITS_H 1
#define HAVE_UNISTD_H 1
#define HAVE_SYS_PARAM_H 1
#define HAVE_GETCWD 1
#define HAVE_GETEGID 1
#define HAVE_GETEUID 1
#define HAVE_GETGID 1
#define HAVE_GETUID 1
#define HAVE_MUNMAP 1
#define HAVE_STPCPY 1
#define HAVE_STRCASECMP 1
#define HAVE_STRDUP 1
#define HAVE_STRTOUL 1
#define HAVE_TSEARCH 1
#define HAVE_USELOCALE 1
#define HAVE_DECL_FEOF_UNLOCKED 1
#define HAVE_DECL_FGETS_UNLOCKED 0
#define HAVE_LONG_LONG_INT 1
#define HAVE_WCHAR_T 1
#define HAVE_WINT_T 1
#define HAVE_INTMAX_T 1
#define HAVE_POSIX_PRINTF 1
#define HAVE_STDINT_H 1
#define HAVE_STDINT_H 1
#define HAVE_WORKING_O_NOATIME 1
#define HAVE_WORKING_O_NOFOLLOW 1
#define HAVE_CFPREFERENCESCOPYAPPVALUE 1
#define HAVE_CFLOCALECOPYCURRENT 1
#define HAVE_STDDEF_H 1
#define HAVE_STDLIB_H 1
#define HAVE_STRING_H 1
#define HAVE_ASPRINTF 1
#define HAVE_FWPRINTF 1
#define HAVE_NEWLOCALE 1
#define HAVE_PUTENV 1
#define HAVE_SETENV 1
#define HAVE_SETLOCALE 1
#define HAVE_SNPRINTF 1
#define HAVE_STRNLEN 1
#define HAVE_WCSLEN 1
#define HAVE_WCSNLEN 1
#define HAVE_MBRTOWC 1
#define HAVE_WCRTOMB 1
#define HAVE_DECL__SNPRINTF 0
#define HAVE_DECL__SNWPRINTF 0
#define HAVE_DECL_GETC_UNLOCKED 1
#define HAVE_LANGINFO_CODESET 1
#define HAVE_LC_MESSAGES 1
#define HAVE_CFPREFERENCESCOPYAPPVALUE 1
#define HAVE_CFLOCALECOPYCURRENT 1
#define ENABLE_NLS 1
#define HAVE_GETTEXT 1
#define HAVE_DCGETTEXT 1
#define GETTEXT_PACKAGE "macopix"
#define HAVE_LOCALE_H 1
#define HAVE_LC_MESSAGES 1
#define HAVE_CFPREFERENCESCOPYAPPVALUE 1
#define HAVE_CFLOCALECOPYCURRENT 1
#define HAVE_BIND_TEXTDOMAIN_CODESET 1
#define HAVE_GETTEXT 1
#define HAVE_DCGETTEXT 1
#define ENABLE_NLS 1
#define USE_GTKMACINTEGRATION /**/
#define USE_SSL 1
#define USE_OPENSSL 1

configure: exit 
